run_id,case_id,source_id,model,sources,source_count,target,seed,fraction,fraction_percent,parameter_count,source_size,source_accuracy,target_train_size,target_val_size,target_test_size,zero_shot_test_accuracy,zero_shot_test_loss,adapted_test_accuracy,adapted_test_loss,accuracy_gain,best_epoch,best_train_accuracy,best_val_accuracy,epochs_completed,optimization_steps,adaptation_epochs,adaptation_learning_rate,adapted_checkpoint,history_csv,plot,zero_shot_val_accuracy,zero_shot_val_loss
cnn3_art_painting_seed42_to_cartoon_fraction5,cnn3_art_painting_seed42_to_cartoon,cnn3_art_painting_seed42,cnn3,art_painting,1,cartoon,42,0.05,5,94151,1433,0.5560975609756098,82,235,469,0.3518123667377398,2.341305909634653,0.5138592750533049,1.6779486650088702,0.162046908315565,93,0.7926829268292683,0.5191489361702127,100,300,100,0.0001,outputs\adapted_models\cnn3_art_painting_seed42_to_cartoon_fraction5.pth,outputs\adaptation_histories\cnn3_art_painting_seed42_to_cartoon_fraction5_history.csv,outputs\adaptation_plots\cnn3_art_painting_seed42_to_cartoon_fraction5.png,0.3404255319148936,2.5732971921880194
cnn3_art_painting_seed42_to_cartoon_fraction10,cnn3_art_painting_seed42_to_cartoon,cnn3_art_painting_seed42,cnn3,art_painting,1,cartoon,42,0.1,10,94151,1433,0.5560975609756098,164,235,469,0.3518123667377398,2.341305909634653,0.5437100213219617,1.4438013349260603,0.1918976545842218,81,0.7378048780487805,0.5659574468085107,100,600,100,0.0001,outputs\adapted_models\cnn3_art_painting_seed42_to_cartoon_fraction10.pth,outputs\adaptation_histories\cnn3_art_painting_seed42_to_cartoon_fraction10_history.csv,outputs\adaptation_plots\cnn3_art_painting_seed42_to_cartoon_fraction10.png,0.3404255319148936,2.5732971921880194
cnn3_art_painting_seed42_to_cartoon_fraction25,cnn3_art_painting_seed42_to_cartoon,cnn3_art_painting_seed42,cnn3,art_painting,1,cartoon,42,0.25,25,94151,1433,0.5560975609756098,410,235,469,0.3518123667377398,2.341305909634653,0.6162046908315565,1.2134353336749046,0.2643923240938166,89,0.7804878048780488,0.5829787234042553,100,1300,100,0.0001,outputs\adapted_models\cnn3_art_painting_seed42_to_cartoon_fraction25.pth,outputs\adaptation_histories\cnn3_art_painting_seed42_to_cartoon_fraction25_history.csv,outputs\adaptation_plots\cnn3_art_painting_seed42_to_cartoon_fraction25.png,0.3404255319148936,2.5732971921880194
cnn3_art_painting_seed42_to_cartoon_fraction50,cnn3_art_painting_seed42_to_cartoon,cnn3_art_painting_seed42,cnn3,art_painting,1,cartoon,42,0.5,50,94151,1433,0.5560975609756098,821,235,469,0.3518123667377398,2.341305909634653,0.6396588486140725,1.091452665674661,0.2878464818763326,90,0.7929354445797807,0.625531914893617,100,2600,100,0.0001,outputs\adapted_models\cnn3_art_painting_seed42_to_cartoon_fraction50.pth,outputs\adaptation_histories\cnn3_art_painting_seed42_to_cartoon_fraction50_history.csv,outputs\adaptation_plots\cnn3_art_painting_seed42_to_cartoon_fraction50.png,0.3404255319148936,2.5732971921880194
cnn3_art_painting_seed42_to_cartoon_fraction100,cnn3_art_painting_seed42_to_cartoon,cnn3_art_painting_seed42,cnn3,art_painting,1,cartoon,42,1.0,100,94151,1433,0.5560975609756098,1640,235,469,0.3518123667377398,2.341305909634653,0.6844349680170576,0.911767662715302,0.3326226012793177,89,0.7993902439024391,0.7063829787234043,100,5200,100,0.0001,outputs\adapted_models\cnn3_art_painting_seed42_to_cartoon_fraction100.pth,outputs\adaptation_histories\cnn3_art_painting_seed42_to_cartoon_fraction100_history.csv,outputs\adaptation_plots\cnn3_art_painting_seed42_to_cartoon_fraction100.png,0.3404255319148936,2.5732971921880194
cnn3_art_painting_seed42_to_photo_fraction5,cnn3_art_painting_seed42_to_photo,cnn3_art_painting_seed42,cnn3,art_painting,1,photo,42,0.05,5,94151,1433,0.5560975609756098,58,167,334,0.4580838323353293,1.8148854421284384,0.5778443113772455,1.3560780679394384,0.1197604790419161,31,0.7758620689655172,0.5688622754491018,100,200,100,0.0001,outputs\adapted_models\cnn3_art_painting_seed42_to_photo_fraction5.pth,outputs\adaptation_histories\cnn3_art_painting_seed42_to_photo_fraction5_history.csv,outputs\adaptation_plots\cnn3_art_painting_seed42_to_photo_fraction5.png,0.4910179640718562,1.8277780909738144
cnn3_art_painting_seed42_to_photo_fraction10,cnn3_art_painting_seed42_to_photo,cnn3_art_painting_seed42,cnn3,art_painting,1,photo,42,0.1,10,94151,1433,0.5560975609756098,117,167,334,0.4580838323353293,1.8148854421284384,0.5808383233532934,1.2790605921945173,0.1227544910179641,46,0.7692307692307693,0.5748502994011976,100,400,100,0.0001,outputs\adapted_models\cnn3_art_painting_seed42_to_photo_fraction10.pth,outputs\adaptation_histories\cnn3_art_painting_seed42_to_photo_fraction10_history.csv,outputs\adaptation_plots\cnn3_art_painting_seed42_to_photo_fraction10.png,0.4910179640718562,1.8277780909738144
cnn3_art_painting_seed42_to_photo_fraction25,cnn3_art_painting_seed42_to_photo,cnn3_art_painting_seed42,cnn3,art_painting,1,photo,42,0.25,25,94151,1433,0.5560975609756098,292,167,334,0.4580838323353293,1.8148854421284384,0.6107784431137725,1.1031790522044291,0.1526946107784431,81,0.7842465753424658,0.6287425149700598,100,1000,100,0.0001,outputs\adapted_models\cnn3_art_painting_seed42_to_photo_fraction25.pth,outputs\adaptation_histories\cnn3_art_painting_seed42_to_photo_fraction25_history.csv,outputs\adaptation_plots\cnn3_art_painting_seed42_to_photo_fraction25.png,0.4910179640718562,1.8277780909738144
cnn3_art_painting_seed42_to_photo_fraction50,cnn3_art_painting_seed42_to_photo,cnn3_art_painting_seed42,cnn3,art_painting,1,photo,42,0.5,50,94151,1433,0.5560975609756098,585,167,334,0.4580838323353293,1.8148854421284384,0.688622754491018,0.9281201676694218,0.2305389221556886,87,0.8205128205128205,0.688622754491018,100,1900,100,0.0001,outputs\adapted_models\cnn3_art_painting_seed42_to_photo_fraction50.pth,outputs\adaptation_histories\cnn3_art_painting_seed42_to_photo_fraction50_history.csv,outputs\adaptation_plots\cnn3_art_painting_seed42_to_photo_fraction50.png,0.4910179640718562,1.8277780909738144
cnn3_art_painting_seed42_to_photo_fraction100,cnn3_art_painting_seed42_to_photo,cnn3_art_painting_seed42,cnn3,art_painting,1,photo,42,1.0,100,94151,1433,0.5560975609756098,1169,167,334,0.4580838323353293,1.8148854421284384,0.6976047904191617,0.8746181105425258,0.2395209580838323,44,0.787852865697177,0.7305389221556886,100,3700,100,0.0001,outputs\adapted_models\cnn3_art_painting_seed42_to_photo_fraction100.pth,outputs\adaptation_histories\cnn3_art_painting_seed42_to_photo_fraction100_history.csv,outputs\adaptation_plots\cnn3_art_painting_seed42_to_photo_fraction100.png,0.4910179640718562,1.8277780909738144
cnn3_art_painting_seed42_to_sketch_fraction5,cnn3_art_painting_seed42_to_sketch,cnn3_art_painting_seed42,cnn3,art_painting,1,sketch,42,0.05,5,94151,1433,0.5560975609756098,138,393,786,0.2290076335877862,2.8246642542249374,0.4847328244274809,1.3350396775107347,0.2557251908396946,95,0.5507246376811594,0.5216284987277354,100,500,100,0.0001,outputs\adapted_models\cnn3_art_painting_seed42_to_sketch_fraction5.pth,outputs\adaptation_histories\cnn3_art_painting_seed42_to_sketch_fraction5_history.csv,outputs\adaptation_plots\cnn3_art_painting_seed42_to_sketch_fraction5.png,0.2366412213740458,2.775936262601508
cnn3_art_painting_seed42_to_sketch_fraction10,cnn3_art_painting_seed42_to_sketch,cnn3_art_painting_seed42,cnn3,art_painting,1,sketch,42,0.1,10,94151,1433,0.5560975609756098,275,393,786,0.2290076335877862,2.8246642542249374,0.5368956743002544,1.2511161653746783,0.3078880407124681,89,0.6290909090909091,0.5725190839694656,100,900,100,0.0001,outputs\adapted_models\cnn3_art_painting_seed42_to_sketch_fraction10.pth,outputs\adaptation_histories\cnn3_art_painting_seed42_to_sketch_fraction10_history.csv,outputs\adaptation_plots\cnn3_art_painting_seed42_to_sketch_fraction10.png,0.2366412213740458,2.775936262601508
cnn3_art_painting_seed42_to_sketch_fraction25,cnn3_art_painting_seed42_to_sketch,cnn3_art_painting_seed42,cnn3,art_painting,1,sketch,42,0.25,25,94151,1433,0.5560975609756098,688,393,786,0.2290076335877862,2.8246642542249374,0.5572519083969466,1.198224693764257,0.3282442748091603,55,0.6308139534883721,0.5699745547073791,100,2200,100,0.0001,outputs\adapted_models\cnn3_art_painting_seed42_to_sketch_fraction25.pth,outputs\adaptation_histories\cnn3_art_painting_seed42_to_sketch_fraction25_history.csv,outputs\adaptation_plots\cnn3_art_painting_seed42_to_sketch_fraction25.png,0.2366412213740458,2.775936262601508
cnn3_art_painting_seed42_to_sketch_fraction50,cnn3_art_painting_seed42_to_sketch,cnn3_art_painting_seed42,cnn3,art_painting,1,sketch,42,0.5,50,94151,1433,0.5560975609756098,1375,393,786,0.2290076335877862,2.8246642542249374,0.594147582697201,1.0560727374244283,0.3651399491094148,80,0.6589090909090909,0.5674300254452926,100,4300,100,0.0001,outputs\adapted_models\cnn3_art_painting_seed42_to_sketch_fraction50.pth,outputs\adaptation_histories\cnn3_art_painting_seed42_to_sketch_fraction50_history.csv,outputs\adaptation_plots\cnn3_art_painting_seed42_to_sketch_fraction50.png,0.2366412213740458,2.775936262601508
cnn3_art_painting_seed42_to_sketch_fraction100,cnn3_art_painting_seed42_to_sketch,cnn3_art_painting_seed42,cnn3,art_painting,1,sketch,42,1.0,100,94151,1433,0.5560975609756098,2750,393,786,0.2290076335877862,2.8246642542249374,0.6348600508905853,0.9408145157132136,0.405852417302799,87,0.692,0.6259541984732825,100,8600,100,0.0001,outputs\adapted_models\cnn3_art_painting_seed42_to_sketch_fraction100.pth,outputs\adaptation_histories\cnn3_art_painting_seed42_to_sketch_fraction100_history.csv,outputs\adaptation_plots\cnn3_art_painting_seed42_to_sketch_fraction100.png,0.2366412213740458,2.775936262601508
cnn3_art_painting_seed387_to_cartoon_fraction5,cnn3_art_painting_seed387_to_cartoon,cnn3_art_painting_seed387,cnn3,art_painting,1,cartoon,387,0.05,5,94151,1433,0.5463414634146342,82,235,469,0.3432835820895522,2.426387380181091,0.5245202558635395,1.5976226334887018,0.1812366737739872,82,0.7560975609756098,0.5531914893617021,100,300,100,0.0001,outputs\adapted_models\cnn3_art_painting_seed387_to_cartoon_fraction5.pth,outputs\adaptation_histories\cnn3_art_painting_seed387_to_cartoon_fraction5_history.csv,outputs\adaptation_plots\cnn3_art_painting_seed387_to_cartoon_fraction5.png,0.3531914893617021,2.5667391026273685
cnn3_art_painting_seed387_to_cartoon_fraction10,cnn3_art_painting_seed387_to_cartoon,cnn3_art_painting_seed387,cnn3,art_painting,1,cartoon,387,0.1,10,94151,1433,0.5463414634146342,164,235,469,0.3432835820895522,2.426387380181091,0.5479744136460555,1.475195768799609,0.2046908315565032,96,0.7317073170731707,0.5957446808510638,100,600,100,0.0001,outputs\adapted_models\cnn3_art_painting_seed387_to_cartoon_fraction10.pth,outputs\adaptation_histories\cnn3_art_painting_seed387_to_cartoon_fraction10_history.csv,outputs\adaptation_plots\cnn3_art_painting_seed387_to_cartoon_fraction10.png,0.3531914893617021,2.5667391026273685
cnn3_art_painting_seed387_to_cartoon_fraction25,cnn3_art_painting_seed387_to_cartoon,cnn3_art_painting_seed387,cnn3,art_painting,1,cartoon,387,0.25,25,94151,1433,0.5463414634146342,410,235,469,0.3432835820895522,2.426387380181091,0.5884861407249466,1.307672606348229,0.2452025586353944,68,0.697560975609756,0.5957446808510638,100,1300,100,0.0001,outputs\adapted_models\cnn3_art_painting_seed387_to_cartoon_fraction25.pth,outputs\adaptation_histories\cnn3_art_painting_seed387_to_cartoon_fraction25_history.csv,outputs\adaptation_plots\cnn3_art_painting_seed387_to_cartoon_fraction25.png,0.3531914893617021,2.5667391026273685
cnn3_art_painting_seed387_to_cartoon_fraction50,cnn3_art_painting_seed387_to_cartoon,cnn3_art_painting_seed387,cnn3,art_painting,1,cartoon,387,0.5,50,94151,1433,0.5463414634146342,821,235,469,0.3432835820895522,2.426387380181091,0.6311300639658849,1.1552940563860732,0.2878464818763326,98,0.7649208282582217,0.676595744680851,100,2600,100,0.0001,outputs\adapted_models\cnn3_art_painting_seed387_to_cartoon_fraction50.pth,outputs\adaptation_histories\cnn3_art_painting_seed387_to_cartoon_fraction50_history.csv,outputs\adaptation_plots\cnn3_art_painting_seed387_to_cartoon_fraction50.png,0.3531914893617021,2.5667391026273685
cnn3_art_painting_seed387_to_cartoon_fraction100,cnn3_art_painting_seed387_to_cartoon,cnn3_art_painting_seed387,cnn3,art_painting,1,cartoon,387,1.0,100,94151,1433,0.5463414634146342,1640,235,469,0.3432835820895522,2.426387380181091,0.673773987206823,0.9713345265337652,0.3304904051172708,95,0.7774390243902439,0.7063829787234043,100,5200,100,0.0001,outputs\adapted_models\cnn3_art_painting_seed387_to_cartoon_fraction100.pth,outputs\adaptation_histories\cnn3_art_painting_seed387_to_cartoon_fraction100_history.csv,outputs\adaptation_plots\cnn3_art_painting_seed387_to_cartoon_fraction100.png,0.3531914893617021,2.5667391026273685
cnn3_art_painting_seed387_to_photo_fraction5,cnn3_art_painting_seed387_to_photo,cnn3_art_painting_seed387,cnn3,art_painting,1,photo,387,0.05,5,94151,1433,0.5463414634146342,58,167,334,0.4431137724550898,2.1316850285330218,0.4820359281437126,1.476945877075195,0.0389221556886227,18,0.603448275862069,0.5508982035928144,100,200,100,0.0001,outputs\adapted_models\cnn3_art_painting_seed387_to_photo_fraction5.pth,outputs\adaptation_histories\cnn3_art_painting_seed387_to_photo_fraction5_history.csv,outputs\adaptation_plots\cnn3_art_painting_seed387_to_photo_fraction5.png,0.4790419161676646,2.1724891605491408
cnn3_art_painting_seed387_to_photo_fraction10,cnn3_art_painting_seed387_to_photo,cnn3_art_painting_seed387,cnn3,art_painting,1,photo,387,0.1,10,94151,1433,0.5463414634146342,117,167,334,0.4431137724550898,2.1316850285330218,0.5508982035928144,1.2943673790571932,0.1077844311377245,29,0.6837606837606838,0.5449101796407185,100,400,100,0.0001,outputs\adapted_models\cnn3_art_painting_seed387_to_photo_fraction10.pth,outputs\adaptation_histories\cnn3_art_painting_seed387_to_photo_fraction10_history.csv,outputs\adaptation_plots\cnn3_art_painting_seed387_to_photo_fraction10.png,0.4790419161676646,2.1724891605491408
cnn3_art_painting_seed387_to_photo_fraction25,cnn3_art_painting_seed387_to_photo,cnn3_art_painting_seed387,cnn3,art_painting,1,photo,387,0.25,25,94151,1433,0.5463414634146342,292,167,334,0.4431137724550898,2.1316850285330218,0.6227544910179641,1.0952270359336258,0.1796407185628742,90,0.8047945205479452,0.6287425149700598,100,1000,100,0.0001,outputs\adapted_models\cnn3_art_painting_seed387_to_photo_fraction25.pth,outputs\adaptation_histories\cnn3_art_painting_seed387_to_photo_fraction25_history.csv,outputs\adaptation_plots\cnn3_art_painting_seed387_to_photo_fraction25.png,0.4790419161676646,2.1724891605491408
cnn3_art_painting_seed387_to_photo_fraction50,cnn3_art_painting_seed387_to_photo,cnn3_art_painting_seed387,cnn3,art_painting,1,photo,387,0.5,50,94151,1433,0.5463414634146342,585,167,334,0.4431137724550898,2.1316850285330218,0.6437125748502994,0.9849982461529576,0.2005988023952096,62,0.7794871794871795,0.6646706586826348,100,1900,100,0.0001,outputs\adapted_models\cnn3_art_painting_seed387_to_photo_fraction50.pth,outputs\adaptation_histories\cnn3_art_painting_seed387_to_photo_fraction50_history.csv,outputs\adaptation_plots\cnn3_art_painting_seed387_to_photo_fraction50.png,0.4790419161676646,2.1724891605491408
cnn3_art_painting_seed387_to_photo_fraction100,cnn3_art_painting_seed387_to_photo,cnn3_art_painting_seed387,cnn3,art_painting,1,photo,387,1.0,100,94151,1433,0.5463414634146342,1169,167,334,0.4431137724550898,2.1316850285330218,0.6946107784431138,0.8931636296346516,0.251497005988024,63,0.7946963216424294,0.6946107784431138,100,3700,100,0.0001,outputs\adapted_models\cnn3_art_painting_seed387_to_photo_fraction100.pth,outputs\adaptation_histories\cnn3_art_painting_seed387_to_photo_fraction100_history.csv,outputs\adaptation_plots\cnn3_art_painting_seed387_to_photo_fraction100.png,0.4790419161676646,2.1724891605491408
cnn3_art_painting_seed387_to_sketch_fraction5,cnn3_art_painting_seed387_to_sketch,cnn3_art_painting_seed387,cnn3,art_painting,1,sketch,387,0.05,5,94151,1433,0.5463414634146342,138,393,786,0.2557251908396946,2.2914224192689696,0.4821882951653944,1.315056963427983,0.2264631043256997,99,0.5797101449275363,0.5241730279898219,100,500,100,0.0001,outputs\adapted_models\cnn3_art_painting_seed387_to_sketch_fraction5.pth,outputs\adaptation_histories\cnn3_art_painting_seed387_to_sketch_fraction5_history.csv,outputs\adaptation_plots\cnn3_art_painting_seed387_to_sketch_fraction5.png,0.2875318066157761,2.334374794219893
cnn3_art_painting_seed387_to_sketch_fraction10,cnn3_art_painting_seed387_to_sketch,cnn3_art_painting_seed387,cnn3,art_painting,1,sketch,387,0.1,10,94151,1433,0.5463414634146342,275,393,786,0.2557251908396946,2.2914224192689696,0.5,1.2656077028230857,0.2442748091603053,68,0.5563636363636364,0.539440203562341,100,900,100,0.0001,outputs\adapted_models\cnn3_art_painting_seed387_to_sketch_fraction10.pth,outputs\adaptation_histories\cnn3_art_painting_seed387_to_sketch_fraction10_history.csv,outputs\adaptation_plots\cnn3_art_painting_seed387_to_sketch_fraction10.png,0.2875318066157761,2.334374794219893
cnn3_art_painting_seed387_to_sketch_fraction25,cnn3_art_painting_seed387_to_sketch,cnn3_art_painting_seed387,cnn3,art_painting,1,sketch,387,0.25,25,94151,1433,0.5463414634146342,688,393,786,0.2557251908396946,2.2914224192689696,0.544529262086514,1.1801241372377818,0.2888040712468193,87,0.626453488372093,0.544529262086514,100,2200,100,0.0001,outputs\adapted_models\cnn3_art_painting_seed387_to_sketch_fraction25.pth,outputs\adaptation_histories\cnn3_art_painting_seed387_to_sketch_fraction25_history.csv,outputs\adaptation_plots\cnn3_art_painting_seed387_to_sketch_fraction25.png,0.2875318066157761,2.334374794219893
cnn3_art_painting_seed387_to_sketch_fraction50,cnn3_art_painting_seed387_to_sketch,cnn3_art_painting_seed387,cnn3,art_painting,1,sketch,387,0.5,50,94151,1433,0.5463414634146342,1375,393,786,0.2557251908396946,2.2914224192689696,0.583969465648855,1.0704003617963718,0.3282442748091603,93,0.6458181818181818,0.5521628498727735,100,4300,100,0.0001,outputs\adapted_models\cnn3_art_painting_seed387_to_sketch_fraction50.pth,outputs\adaptation_histories\cnn3_art_painting_seed387_to_sketch_fraction50_history.csv,outputs\adaptation_plots\cnn3_art_painting_seed387_to_sketch_fraction50.png,0.2875318066157761,2.334374794219893
cnn3_art_painting_seed387_to_sketch_fraction100,cnn3_art_painting_seed387_to_sketch,cnn3_art_painting_seed387,cnn3,art_painting,1,sketch,387,1.0,100,94151,1433,0.5463414634146342,2750,393,786,0.2557251908396946,2.2914224192689696,0.6106870229007634,0.9745475900082188,0.3549618320610687,98,0.6956363636363636,0.6081424936386769,100,8600,100,0.0001,outputs\adapted_models\cnn3_art_painting_seed387_to_sketch_fraction100.pth,outputs\adaptation_histories\cnn3_art_painting_seed387_to_sketch_fraction100_history.csv,outputs\adaptation_plots\cnn3_art_painting_seed387_to_sketch_fraction100.png,0.2875318066157761,2.334374794219893
cnn3_cartoon_seed42_to_art_painting_fraction5,cnn3_cartoon_seed42_to_art_painting,cnn3_cartoon_seed42,cnn3,cartoon,1,art_painting,42,0.05,5,94151,1640,0.7404255319148936,71,205,410,0.2634146341463415,4.163615882687452,0.3097560975609756,2.3359548429163493,0.0463414634146341,99,0.6338028169014085,0.3414634146341463,100,300,100,0.0001,outputs\adapted_models\cnn3_cartoon_seed42_to_art_painting_fraction5.pth,outputs\adaptation_histories\cnn3_cartoon_seed42_to_art_painting_fraction5_history.csv,outputs\adaptation_plots\cnn3_cartoon_seed42_to_art_painting_fraction5.png,0.3024390243902439,4.209174142232755
cnn3_cartoon_seed42_to_art_painting_fraction10,cnn3_cartoon_seed42_to_art_painting,cnn3_cartoon_seed42,cnn3,cartoon,1,art_painting,42,0.1,10,94151,1640,0.7404255319148936,143,205,410,0.2634146341463415,4.163615882687452,0.3560975609756097,2.090454408599109,0.0926829268292682,37,0.4405594405594406,0.375609756097561,100,500,100,0.0001,outputs\adapted_models\cnn3_cartoon_seed42_to_art_painting_fraction10.pth,outputs\adaptation_histories\cnn3_cartoon_seed42_to_art_painting_fraction10_history.csv,outputs\adaptation_plots\cnn3_cartoon_seed42_to_art_painting_fraction10.png,0.3024390243902439,4.209174142232755
cnn3_cartoon_seed42_to_art_painting_fraction25,cnn3_cartoon_seed42_to_art_painting,cnn3_cartoon_seed42,cnn3,cartoon,1,art_painting,42,0.25,25,94151,1640,0.7404255319148936,358,205,410,0.2634146341463415,4.163615882687452,0.4048780487804878,1.8207119081078509,0.1414634146341463,56,0.505586592178771,0.4780487804878048,100,1200,100,0.0001,outputs\adapted_models\cnn3_cartoon_seed42_to_art_painting_fraction25.pth,outputs\adaptation_histories\cnn3_cartoon_seed42_to_art_painting_fraction25_history.csv,outputs\adaptation_plots\cnn3_cartoon_seed42_to_art_painting_fraction25.png,0.3024390243902439,4.209174142232755
cnn3_cartoon_seed42_to_art_painting_fraction50,cnn3_cartoon_seed42_to_art_painting,cnn3_cartoon_seed42,cnn3,cartoon,1,art_painting,42,0.5,50,94151,1640,0.7404255319148936,716,205,410,0.2634146341463415,4.163615882687452,0.4073170731707317,1.6456552924179448,0.1439024390243902,100,0.5768156424581006,0.5219512195121951,100,2300,100,0.0001,outputs\adapted_models\cnn3_cartoon_seed42_to_art_painting_fraction50.pth,outputs\adaptation_histories\cnn3_cartoon_seed42_to_art_painting_fraction50_history.csv,outputs\adaptation_plots\cnn3_cartoon_seed42_to_art_painting_fraction50.png,0.3024390243902439,4.209174142232755
cnn3_cartoon_seed42_to_art_painting_fraction100,cnn3_cartoon_seed42_to_art_painting,cnn3_cartoon_seed42,cnn3,cartoon,1,art_painting,42,1.0,100,94151,1640,0.7404255319148936,1433,205,410,0.2634146341463415,4.163615882687452,0.4682926829268293,1.5128809114781825,0.2048780487804878,99,0.5854849965108164,0.551219512195122,100,4500,100,0.0001,outputs\adapted_models\cnn3_cartoon_seed42_to_art_painting_fraction100.pth,outputs\adaptation_histories\cnn3_cartoon_seed42_to_art_painting_fraction100_history.csv,outputs\adaptation_plots\cnn3_cartoon_seed42_to_art_painting_fraction100.png,0.3024390243902439,4.209174142232755
cnn3_cartoon_seed42_to_photo_fraction5,cnn3_cartoon_seed42_to_photo,cnn3_cartoon_seed42,cnn3,cartoon,1,photo,42,0.05,5,94151,1640,0.7404255319148936,58,167,334,0.311377245508982,4.080771280619913,0.4880239520958084,1.71870458911279,0.1766467065868263,93,0.6896551724137931,0.5089820359281437,100,200,100,0.0001,outputs\adapted_models\cnn3_cartoon_seed42_to_photo_fraction5.pth,outputs\adaptation_histories\cnn3_cartoon_seed42_to_photo_fraction5_history.csv,outputs\adaptation_plots\cnn3_cartoon_seed42_to_photo_fraction5.png,0.3592814371257485,3.64088541590525
cnn3_cartoon_seed42_to_photo_fraction10,cnn3_cartoon_seed42_to_photo,cnn3_cartoon_seed42,cnn3,cartoon,1,photo,42,0.1,10,94151,1640,0.7404255319148936,117,167,334,0.311377245508982,4.080771280619913,0.5059880239520959,1.6565423068886032,0.1946107784431138,34,0.6153846153846154,0.4910179640718562,100,400,100,0.0001,outputs\adapted_models\cnn3_cartoon_seed42_to_photo_fraction10.pth,outputs\adaptation_histories\cnn3_cartoon_seed42_to_photo_fraction10_history.csv,outputs\adaptation_plots\cnn3_cartoon_seed42_to_photo_fraction10.png,0.3592814371257485,3.64088541590525
cnn3_cartoon_seed42_to_photo_fraction25,cnn3_cartoon_seed42_to_photo,cnn3_cartoon_seed42,cnn3,cartoon,1,photo,42,0.25,25,94151,1640,0.7404255319148936,292,167,334,0.311377245508982,4.080771280619913,0.5688622754491018,1.3006528466047642,0.2574850299401198,84,0.6986301369863014,0.5748502994011976,100,1000,100,0.0001,outputs\adapted_models\cnn3_cartoon_seed42_to_photo_fraction25.pth,outputs\adaptation_histories\cnn3_cartoon_seed42_to_photo_fraction25_history.csv,outputs\adaptation_plots\cnn3_cartoon_seed42_to_photo_fraction25.png,0.3592814371257485,3.64088541590525
cnn3_cartoon_seed42_to_photo_fraction50,cnn3_cartoon_seed42_to_photo,cnn3_cartoon_seed42,cnn3,cartoon,1,photo,42,0.5,50,94151,1640,0.7404255319148936,585,167,334,0.311377245508982,4.080771280619913,0.6227544910179641,1.1392868493131534,0.311377245508982,64,0.7094017094017094,0.6047904191616766,100,1900,100,0.0001,outputs\adapted_models\cnn3_cartoon_seed42_to_photo_fraction50.pth,outputs\adaptation_histories\cnn3_cartoon_seed42_to_photo_fraction50_history.csv,outputs\adaptation_plots\cnn3_cartoon_seed42_to_photo_fraction50.png,0.3592814371257485,3.64088541590525
cnn3_cartoon_seed42_to_photo_fraction100,cnn3_cartoon_seed42_to_photo,cnn3_cartoon_seed42,cnn3,cartoon,1,photo,42,1.0,100,94151,1640,0.7404255319148936,1169,167,334,0.311377245508982,4.080771280619913,0.6407185628742516,1.0130312028759254,0.3293413173652695,46,0.7177074422583405,0.6467065868263473,100,3700,100,0.0001,outputs\adapted_models\cnn3_cartoon_seed42_to_photo_fraction100.pth,outputs\adaptation_histories\cnn3_cartoon_seed42_to_photo_fraction100_history.csv,outputs\adaptation_plots\cnn3_cartoon_seed42_to_photo_fraction100.png,0.3592814371257485,3.64088541590525
cnn3_cartoon_seed42_to_sketch_fraction5,cnn3_cartoon_seed42_to_sketch,cnn3_cartoon_seed42,cnn3,cartoon,1,sketch,42,0.05,5,94151,1640,0.7404255319148936,138,393,786,0.232824427480916,2.3414940918978235,0.5203562340966921,1.2105790373629892,0.287531806615776,69,0.6304347826086957,0.5521628498727735,100,500,100,0.0001,outputs\adapted_models\cnn3_cartoon_seed42_to_sketch_fraction5.pth,outputs\adaptation_histories\cnn3_cartoon_seed42_to_sketch_fraction5_history.csv,outputs\adaptation_plots\cnn3_cartoon_seed42_to_sketch_fraction5.png,0.2519083969465648,2.258599834587738
cnn3_cartoon_seed42_to_sketch_fraction10,cnn3_cartoon_seed42_to_sketch,cnn3_cartoon_seed42,cnn3,cartoon,1,sketch,42,0.1,10,94151,1640,0.7404255319148936,275,393,786,0.232824427480916,2.3414940918978235,0.5699745547073791,1.1117504789629056,0.3371501272264631,94,0.6545454545454545,0.5877862595419847,100,900,100,0.0001,outputs\adapted_models\cnn3_cartoon_seed42_to_sketch_fraction10.pth,outputs\adaptation_histories\cnn3_cartoon_seed42_to_sketch_fraction10_history.csv,outputs\adaptation_plots\cnn3_cartoon_seed42_to_sketch_fraction10.png,0.2519083969465648,2.258599834587738
cnn3_cartoon_seed42_to_sketch_fraction25,cnn3_cartoon_seed42_to_sketch,cnn3_cartoon_seed42,cnn3,cartoon,1,sketch,42,0.25,25,94151,1640,0.7404255319148936,688,393,786,0.232824427480916,2.3414940918978235,0.5687022900763359,1.088826943899839,0.3358778625954198,46,0.6133720930232558,0.5877862595419847,100,2200,100,0.0001,outputs\adapted_models\cnn3_cartoon_seed42_to_sketch_fraction25.pth,outputs\adaptation_histories\cnn3_cartoon_seed42_to_sketch_fraction25_history.csv,outputs\adaptation_plots\cnn3_cartoon_seed42_to_sketch_fraction25.png,0.2519083969465648,2.258599834587738
cnn3_cartoon_seed42_to_sketch_fraction50,cnn3_cartoon_seed42_to_sketch,cnn3_cartoon_seed42,cnn3,cartoon,1,sketch,42,0.5,50,94151,1640,0.7404255319148936,1375,393,786,0.232824427480916,2.3414940918978235,0.6450381679389313,0.929026528472512,0.4122137404580153,95,0.6749090909090909,0.5877862595419847,100,4300,100,0.0001,outputs\adapted_models\cnn3_cartoon_seed42_to_sketch_fraction50.pth,outputs\adaptation_histories\cnn3_cartoon_seed42_to_sketch_fraction50_history.csv,outputs\adaptation_plots\cnn3_cartoon_seed42_to_sketch_fraction50.png,0.2519083969465648,2.258599834587738
cnn3_cartoon_seed42_to_sketch_fraction100,cnn3_cartoon_seed42_to_sketch,cnn3_cartoon_seed42,cnn3,cartoon,1,sketch,42,1.0,100,94151,1640,0.7404255319148936,2750,393,786,0.232824427480916,2.3414940918978235,0.6628498727735369,0.8710354108543493,0.4300254452926209,90,0.7098181818181818,0.6412213740458015,100,8600,100,0.0001,outputs\adapted_models\cnn3_cartoon_seed42_to_sketch_fraction100.pth,outputs\adaptation_histories\cnn3_cartoon_seed42_to_sketch_fraction100_history.csv,outputs\adaptation_plots\cnn3_cartoon_seed42_to_sketch_fraction100.png,0.2519083969465648,2.258599834587738
cnn3_cartoon_seed387_to_art_painting_fraction5,cnn3_cartoon_seed387_to_art_painting,cnn3_cartoon_seed387,cnn3,cartoon,1,art_painting,387,0.05,5,94151,1640,0.7446808510638298,71,205,410,0.2829268292682926,3.5878745474466465,0.3439024390243902,2.657247664288777,0.0609756097560975,13,0.380281690140845,0.3512195121951219,100,300,100,0.0001,outputs\adapted_models\cnn3_cartoon_seed387_to_art_painting_fraction5.pth,outputs\adaptation_histories\cnn3_cartoon_seed387_to_art_painting_fraction5_history.csv,outputs\adaptation_plots\cnn3_cartoon_seed387_to_art_painting_fraction5.png,0.2975609756097561,3.565320754632717
cnn3_cartoon_seed387_to_art_painting_fraction10,cnn3_cartoon_seed387_to_art_painting,cnn3_cartoon_seed387,cnn3,cartoon,1,art_painting,387,0.1,10,94151,1640,0.7446808510638298,143,205,410,0.2829268292682926,3.5878745474466465,0.375609756097561,1.939954915860804,0.0926829268292683,62,0.5804195804195804,0.3902439024390244,100,500,100,0.0001,outputs\adapted_models\cnn3_cartoon_seed387_to_art_painting_fraction10.pth,outputs\adaptation_histories\cnn3_cartoon_seed387_to_art_painting_fraction10_history.csv,outputs\adaptation_plots\cnn3_cartoon_seed387_to_art_painting_fraction10.png,0.2975609756097561,3.565320754632717
cnn3_cartoon_seed387_to_art_painting_fraction25,cnn3_cartoon_seed387_to_art_painting,cnn3_cartoon_seed387,cnn3,cartoon,1,art_painting,387,0.25,25,94151,1640,0.7446808510638298,358,205,410,0.2829268292682926,3.5878745474466465,0.4048780487804878,1.808633636846775,0.1219512195121951,97,0.5698324022346368,0.4439024390243902,100,1200,100,0.0001,outputs\adapted_models\cnn3_cartoon_seed387_to_art_painting_fraction25.pth,outputs\adaptation_histories\cnn3_cartoon_seed387_to_art_painting_fraction25_history.csv,outputs\adaptation_plots\cnn3_cartoon_seed387_to_art_painting_fraction25.png,0.2975609756097561,3.565320754632717
cnn3_cartoon_seed387_to_art_painting_fraction50,cnn3_cartoon_seed387_to_art_painting,cnn3_cartoon_seed387,cnn3,cartoon,1,art_painting,387,0.5,50,94151,1640,0.7446808510638298,716,205,410,0.2829268292682926,3.5878745474466465,0.4195121951219512,1.6575664985470655,0.1365853658536585,71,0.5377094972067039,0.4634146341463415,100,2300,100,0.0001,outputs\adapted_models\cnn3_cartoon_seed387_to_art_painting_fraction50.pth,outputs\adaptation_histories\cnn3_cartoon_seed387_to_art_painting_fraction50_history.csv,outputs\adaptation_plots\cnn3_cartoon_seed387_to_art_painting_fraction50.png,0.2975609756097561,3.565320754632717
cnn3_cartoon_seed387_to_art_painting_fraction100,cnn3_cartoon_seed387_to_art_painting,cnn3_cartoon_seed387,cnn3,cartoon,1,art_painting,387,1.0,100,94151,1640,0.7446808510638298,1433,205,410,0.2829268292682926,3.5878745474466465,0.4682926829268293,1.529711951279059,0.1853658536585366,98,0.5847871598046057,0.4926829268292683,100,4500,100,0.0001,outputs\adapted_models\cnn3_cartoon_seed387_to_art_painting_fraction100.pth,outputs\adaptation_histories\cnn3_cartoon_seed387_to_art_painting_fraction100_history.csv,outputs\adaptation_plots\cnn3_cartoon_seed387_to_art_painting_fraction100.png,0.2975609756097561,3.565320754632717
cnn3_cartoon_seed387_to_photo_fraction5,cnn3_cartoon_seed387_to_photo,cnn3_cartoon_seed387,cnn3,cartoon,1,photo,387,0.05,5,94151,1640,0.7446808510638298,58,167,334,0.3982035928143712,3.581795835209464,0.4700598802395209,1.6825084914704282,0.0718562874251497,68,0.6896551724137931,0.5389221556886228,100,200,100,0.0001,outputs\adapted_models\cnn3_cartoon_seed387_to_photo_fraction5.pth,outputs\adaptation_histories\cnn3_cartoon_seed387_to_photo_fraction5_history.csv,outputs\adaptation_plots\cnn3_cartoon_seed387_to_photo_fraction5.png,0.4071856287425149,3.028132432949043
cnn3_cartoon_seed387_to_photo_fraction10,cnn3_cartoon_seed387_to_photo,cnn3_cartoon_seed387,cnn3,cartoon,1,photo,387,0.1,10,94151,1640,0.7446808510638298,117,167,334,0.3982035928143712,3.581795835209464,0.5029940119760479,1.5644108321138486,0.1047904191616766,65,0.6581196581196581,0.5568862275449101,100,400,100,0.0001,outputs\adapted_models\cnn3_cartoon_seed387_to_photo_fraction10.pth,outputs\adaptation_histories\cnn3_cartoon_seed387_to_photo_fraction10_history.csv,outputs\adaptation_plots\cnn3_cartoon_seed387_to_photo_fraction10.png,0.4071856287425149,3.028132432949043
cnn3_cartoon_seed387_to_photo_fraction25,cnn3_cartoon_seed387_to_photo,cnn3_cartoon_seed387,cnn3,cartoon,1,photo,387,0.25,25,94151,1640,0.7446808510638298,292,167,334,0.3982035928143712,3.581795835209464,0.5299401197604791,1.4271482993028834,0.1317365269461078,22,0.5958904109589042,0.5748502994011976,100,1000,100,0.0001,outputs\adapted_models\cnn3_cartoon_seed387_to_photo_fraction25.pth,outputs\adaptation_histories\cnn3_cartoon_seed387_to_photo_fraction25_history.csv,outputs\adaptation_plots\cnn3_cartoon_seed387_to_photo_fraction25.png,0.4071856287425149,3.028132432949043
cnn3_cartoon_seed387_to_photo_fraction50,cnn3_cartoon_seed387_to_photo,cnn3_cartoon_seed387,cnn3,cartoon,1,photo,387,0.5,50,94151,1640,0.7446808510638298,585,167,334,0.3982035928143712,3.581795835209464,0.5898203592814372,1.1614970846804316,0.1916167664670659,63,0.7299145299145299,0.5868263473053892,100,1900,100,0.0001,outputs\adapted_models\cnn3_cartoon_seed387_to_photo_fraction50.pth,outputs\adaptation_histories\cnn3_cartoon_seed387_to_photo_fraction50_history.csv,outputs\adaptation_plots\cnn3_cartoon_seed387_to_photo_fraction50.png,0.4071856287425149,3.028132432949043
cnn3_cartoon_seed387_to_photo_fraction100,cnn3_cartoon_seed387_to_photo,cnn3_cartoon_seed387,cnn3,cartoon,1,photo,387,1.0,100,94151,1640,0.7446808510638298,1169,167,334,0.3982035928143712,3.581795835209464,0.6646706586826348,0.9819437786490618,0.2664670658682635,92,0.787852865697177,0.6407185628742516,100,3700,100,0.0001,outputs\adapted_models\cnn3_cartoon_seed387_to_photo_fraction100.pth,outputs\adaptation_histories\cnn3_cartoon_seed387_to_photo_fraction100_history.csv,outputs\adaptation_plots\cnn3_cartoon_seed387_to_photo_fraction100.png,0.4071856287425149,3.028132432949043
cnn3_cartoon_seed387_to_sketch_fraction5,cnn3_cartoon_seed387_to_sketch,cnn3_cartoon_seed387,cnn3,cartoon,1,sketch,387,0.05,5,94151,1640,0.7446808510638298,138,393,786,0.1590330788804071,2.483399422720795,0.5279898218829516,1.1997898747296127,0.3689567430025445,98,0.644927536231884,0.5725190839694656,100,500,100,0.0001,outputs\adapted_models\cnn3_cartoon_seed387_to_sketch_fraction5.pth,outputs\adaptation_histories\cnn3_cartoon_seed387_to_sketch_fraction5_history.csv,outputs\adaptation_plots\cnn3_cartoon_seed387_to_sketch_fraction5.png,0.1908396946564885,2.377525902279764
cnn3_cartoon_seed387_to_sketch_fraction10,cnn3_cartoon_seed387_to_sketch,cnn3_cartoon_seed387,cnn3,cartoon,1,sketch,387,0.1,10,94151,1640,0.7446808510638298,275,393,786,0.1590330788804071,2.483399422720795,0.5610687022900763,1.127927018182575,0.4020356234096692,92,0.6181818181818182,0.5750636132315522,100,900,100,0.0001,outputs\adapted_models\cnn3_cartoon_seed387_to_sketch_fraction10.pth,outputs\adaptation_histories\cnn3_cartoon_seed387_to_sketch_fraction10_history.csv,outputs\adaptation_plots\cnn3_cartoon_seed387_to_sketch_fraction10.png,0.1908396946564885,2.377525902279764
cnn3_cartoon_seed387_to_sketch_fraction25,cnn3_cartoon_seed387_to_sketch,cnn3_cartoon_seed387,cnn3,cartoon,1,sketch,387,0.25,25,94151,1640,0.7446808510638298,688,393,786,0.1590330788804071,2.483399422720795,0.5954198473282443,1.04942531197429,0.4363867684478371,82,0.6642441860465116,0.5979643765903307,100,2200,100,0.0001,outputs\adapted_models\cnn3_cartoon_seed387_to_sketch_fraction25.pth,outputs\adaptation_histories\cnn3_cartoon_seed387_to_sketch_fraction25_history.csv,outputs\adaptation_plots\cnn3_cartoon_seed387_to_sketch_fraction25.png,0.1908396946564885,2.377525902279764
cnn3_cartoon_seed387_to_sketch_fraction50,cnn3_cartoon_seed387_to_sketch,cnn3_cartoon_seed387,cnn3,cartoon,1,sketch,387,0.5,50,94151,1640,0.7446808510638298,1375,393,786,0.1590330788804071,2.483399422720795,0.6195928753180662,0.9720731521684098,0.460559796437659,85,0.6785454545454546,0.6081424936386769,100,4300,100,0.0001,outputs\adapted_models\cnn3_cartoon_seed387_to_sketch_fraction50.pth,outputs\adaptation_histories\cnn3_cartoon_seed387_to_sketch_fraction50_history.csv,outputs\adaptation_plots\cnn3_cartoon_seed387_to_sketch_fraction50.png,0.1908396946564885,2.377525902279764
cnn3_cartoon_seed387_to_sketch_fraction100,cnn3_cartoon_seed387_to_sketch,cnn3_cartoon_seed387,cnn3,cartoon,1,sketch,387,1.0,100,94151,1640,0.7446808510638298,2750,393,786,0.1590330788804071,2.483399422720795,0.6603053435114504,0.8872862153380882,0.5012722646310432,79,0.6938181818181818,0.6412213740458015,100,8600,100,0.0001,outputs\adapted_models\cnn3_cartoon_seed387_to_sketch_fraction100.pth,outputs\adaptation_histories\cnn3_cartoon_seed387_to_sketch_fraction100_history.csv,outputs\adaptation_plots\cnn3_cartoon_seed387_to_sketch_fraction100.png,0.1908396946564885,2.377525902279764
cnn3_photo_seed42_to_art_painting_fraction5,cnn3_photo_seed42_to_art_painting,cnn3_photo_seed42,cnn3,photo,1,art_painting,42,0.05,5,94151,1169,0.688622754491018,71,205,410,0.2292682926829268,5.5170353400998,0.324390243902439,2.601620362444622,0.0951219512195122,91,0.5352112676056338,0.3804878048780488,100,300,100,0.0001,outputs\adapted_models\cnn3_photo_seed42_to_art_painting_fraction5.pth,outputs\adaptation_histories\cnn3_photo_seed42_to_art_painting_fraction5_history.csv,outputs\adaptation_plots\cnn3_photo_seed42_to_art_painting_fraction5.png,0.2780487804878049,4.732010557593369
cnn3_photo_seed42_to_art_painting_fraction10,cnn3_photo_seed42_to_art_painting,cnn3_photo_seed42,cnn3,photo,1,art_painting,42,0.1,10,94151,1169,0.688622754491018,143,205,410,0.2292682926829268,5.5170353400998,0.373170731707317,2.207501444002477,0.1439024390243902,91,0.5454545454545454,0.4195121951219512,100,500,100,0.0001,outputs\adapted_models\cnn3_photo_seed42_to_art_painting_fraction10.pth,outputs\adaptation_histories\cnn3_photo_seed42_to_art_painting_fraction10_history.csv,outputs\adaptation_plots\cnn3_photo_seed42_to_art_painting_fraction10.png,0.2780487804878049,4.732010557593369
cnn3_photo_seed42_to_art_painting_fraction25,cnn3_photo_seed42_to_art_painting,cnn3_photo_seed42,cnn3,photo,1,art_painting,42,0.25,25,94151,1169,0.688622754491018,358,205,410,0.2292682926829268,5.5170353400998,0.375609756097561,2.02850625573135,0.1463414634146341,42,0.4692737430167598,0.4439024390243902,100,1200,100,0.0001,outputs\adapted_models\cnn3_photo_seed42_to_art_painting_fraction25.pth,outputs\adaptation_histories\cnn3_photo_seed42_to_art_painting_fraction25_history.csv,outputs\adaptation_plots\cnn3_photo_seed42_to_art_painting_fraction25.png,0.2780487804878049,4.732010557593369
cnn3_photo_seed42_to_art_painting_fraction50,cnn3_photo_seed42_to_art_painting,cnn3_photo_seed42,cnn3,photo,1,art_painting,42,0.5,50,94151,1169,0.688622754491018,716,205,410,0.2292682926829268,5.5170353400998,0.4365853658536585,1.634007626045041,0.2073170731707317,97,0.5321229050279329,0.4780487804878048,100,2300,100,0.0001,outputs\adapted_models\cnn3_photo_seed42_to_art_painting_fraction50.pth,outputs\adaptation_histories\cnn3_photo_seed42_to_art_painting_fraction50_history.csv,outputs\adaptation_plots\cnn3_photo_seed42_to_art_painting_fraction50.png,0.2780487804878049,4.732010557593369
cnn3_photo_seed42_to_art_painting_fraction100,cnn3_photo_seed42_to_art_painting,cnn3_photo_seed42,cnn3,photo,1,art_painting,42,1.0,100,94151,1169,0.688622754491018,1433,205,410,0.2292682926829268,5.5170353400998,0.473170731707317,1.5336067664914017,0.2439024390243902,98,0.5436147941381717,0.5170731707317073,100,4500,100,0.0001,outputs\adapted_models\cnn3_photo_seed42_to_art_painting_fraction100.pth,outputs\adaptation_histories\cnn3_photo_seed42_to_art_painting_fraction100_history.csv,outputs\adaptation_plots\cnn3_photo_seed42_to_art_painting_fraction100.png,0.2780487804878049,4.732010557593369
cnn3_photo_seed42_to_cartoon_fraction5,cnn3_photo_seed42_to_cartoon,cnn3_photo_seed42,cnn3,photo,1,cartoon,42,0.05,5,94151,1169,0.688622754491018,82,235,469,0.1833688699360341,5.4081391617179175,0.4669509594882729,2.392059431909752,0.2835820895522388,85,0.6951219512195121,0.4680851063829787,100,300,100,0.0001,outputs\adapted_models\cnn3_photo_seed42_to_cartoon_fraction5.pth,outputs\adaptation_histories\cnn3_photo_seed42_to_cartoon_fraction5_history.csv,outputs\adaptation_plots\cnn3_photo_seed42_to_cartoon_fraction5.png,0.1957446808510638,6.126981889440658
cnn3_photo_seed42_to_cartoon_fraction10,cnn3_photo_seed42_to_cartoon,cnn3_photo_seed42,cnn3,photo,1,cartoon,42,0.1,10,94151,1169,0.688622754491018,164,235,469,0.1833688699360341,5.4081391617179175,0.4904051172707889,1.9258670522205863,0.3070362473347547,88,0.6646341463414634,0.5106382978723404,100,600,100,0.0001,outputs\adapted_models\cnn3_photo_seed42_to_cartoon_fraction10.pth,outputs\adaptation_histories\cnn3_photo_seed42_to_cartoon_fraction10_history.csv,outputs\adaptation_plots\cnn3_photo_seed42_to_cartoon_fraction10.png,0.1957446808510638,6.126981889440658
cnn3_photo_seed42_to_cartoon_fraction25,cnn3_photo_seed42_to_cartoon,cnn3_photo_seed42,cnn3,photo,1,cartoon,42,0.25,25,94151,1169,0.688622754491018,410,235,469,0.1833688699360341,5.4081391617179175,0.5650319829424307,1.3860160120006308,0.3816631130063966,88,0.6682926829268293,0.5957446808510638,100,1300,100,0.0001,outputs\adapted_models\cnn3_photo_seed42_to_cartoon_fraction25.pth,outputs\adaptation_histories\cnn3_photo_seed42_to_cartoon_fraction25_history.csv,outputs\adaptation_plots\cnn3_photo_seed42_to_cartoon_fraction25.png,0.1957446808510638,6.126981889440658
cnn3_photo_seed42_to_cartoon_fraction50,cnn3_photo_seed42_to_cartoon,cnn3_photo_seed42,cnn3,photo,1,cartoon,42,0.5,50,94151,1169,0.688622754491018,821,235,469,0.1833688699360341,5.4081391617179175,0.5927505330490405,1.2029804359875254,0.4093816631130063,96,0.7137637028014616,0.6595744680851063,100,2600,100,0.0001,outputs\adapted_models\cnn3_photo_seed42_to_cartoon_fraction50.pth,outputs\adaptation_histories\cnn3_photo_seed42_to_cartoon_fraction50_history.csv,outputs\adaptation_plots\cnn3_photo_seed42_to_cartoon_fraction50.png,0.1957446808510638,6.126981889440658
cnn3_photo_seed42_to_cartoon_fraction100,cnn3_photo_seed42_to_cartoon,cnn3_photo_seed42,cnn3,photo,1,cartoon,42,1.0,100,94151,1169,0.688622754491018,1640,235,469,0.1833688699360341,5.4081391617179175,0.6375266524520256,1.0702718966551172,0.4541577825159914,100,0.7457317073170732,0.6851063829787234,100,5200,100,0.0001,outputs\adapted_models\cnn3_photo_seed42_to_cartoon_fraction100.pth,outputs\adaptation_histories\cnn3_photo_seed42_to_cartoon_fraction100_history.csv,outputs\adaptation_plots\cnn3_photo_seed42_to_cartoon_fraction100.png,0.1957446808510638,6.126981889440658
cnn3_photo_seed42_to_sketch_fraction5,cnn3_photo_seed42_to_sketch,cnn3_photo_seed42,cnn3,photo,1,sketch,42,0.05,5,94151,1169,0.688622754491018,138,393,786,0.1564885496183206,4.326551083086708,0.4529262086513995,1.4212385619263006,0.2964376590330788,96,0.5362318840579711,0.4758269720101781,100,500,100,0.0001,outputs\adapted_models\cnn3_photo_seed42_to_sketch_fraction5.pth,outputs\adaptation_histories\cnn3_photo_seed42_to_sketch_fraction5_history.csv,outputs\adaptation_plots\cnn3_photo_seed42_to_sketch_fraction5.png,0.1577608142493638,4.276752093366084
cnn3_photo_seed42_to_sketch_fraction10,cnn3_photo_seed42_to_sketch,cnn3_photo_seed42,cnn3,photo,1,sketch,42,0.1,10,94151,1169,0.688622754491018,275,393,786,0.1564885496183206,4.326551083086708,0.4936386768447837,1.3229231749478794,0.3371501272264631,94,0.5636363636363636,0.5114503816793893,100,900,100,0.0001,outputs\adapted_models\cnn3_photo_seed42_to_sketch_fraction10.pth,outputs\adaptation_histories\cnn3_photo_seed42_to_sketch_fraction10_history.csv,outputs\adaptation_plots\cnn3_photo_seed42_to_sketch_fraction10.png,0.1577608142493638,4.276752093366084
cnn3_photo_seed42_to_sketch_fraction25,cnn3_photo_seed42_to_sketch,cnn3_photo_seed42,cnn3,photo,1,sketch,42,0.25,25,94151,1169,0.688622754491018,688,393,786,0.1564885496183206,4.326551083086708,0.5063613231552163,1.3109433026107515,0.3498727735368957,49,0.5436046511627907,0.5190839694656488,100,2200,100,0.0001,outputs\adapted_models\cnn3_photo_seed42_to_sketch_fraction25.pth,outputs\adaptation_histories\cnn3_photo_seed42_to_sketch_fraction25_history.csv,outputs\adaptation_plots\cnn3_photo_seed42_to_sketch_fraction25.png,0.1577608142493638,4.276752093366084
cnn3_photo_seed42_to_sketch_fraction50,cnn3_photo_seed42_to_sketch,cnn3_photo_seed42,cnn3,photo,1,sketch,42,0.5,50,94151,1169,0.688622754491018,1375,393,786,0.1564885496183206,4.326551083086708,0.5852417302798982,1.1020059779703466,0.4287531806615776,99,0.6283636363636363,0.55470737913486,100,4300,100,0.0001,outputs\adapted_models\cnn3_photo_seed42_to_sketch_fraction50.pth,outputs\adaptation_histories\cnn3_photo_seed42_to_sketch_fraction50_history.csv,outputs\adaptation_plots\cnn3_photo_seed42_to_sketch_fraction50.png,0.1577608142493638,4.276752093366084
cnn3_photo_seed42_to_sketch_fraction100,cnn3_photo_seed42_to_sketch,cnn3_photo_seed42,cnn3,photo,1,sketch,42,1.0,100,94151,1169,0.688622754491018,2750,393,786,0.1564885496183206,4.326551083086708,0.6081424936386769,0.992539750407367,0.4516539440203563,97,0.6585454545454545,0.6005089058524173,100,8600,100,0.0001,outputs\adapted_models\cnn3_photo_seed42_to_sketch_fraction100.pth,outputs\adaptation_histories\cnn3_photo_seed42_to_sketch_fraction100_history.csv,outputs\adaptation_plots\cnn3_photo_seed42_to_sketch_fraction100.png,0.1577608142493638,4.276752093366084
cnn3_photo_seed387_to_art_painting_fraction5,cnn3_photo_seed387_to_art_painting,cnn3_photo_seed387,cnn3,photo,1,art_painting,387,0.05,5,94151,1169,0.7305389221556886,71,205,410,0.2341463414634146,4.974208161889053,0.3146341463414634,3.0469582720500665,0.0804878048780487,22,0.352112676056338,0.2975609756097561,100,300,100,0.0001,outputs\adapted_models\cnn3_photo_seed387_to_art_painting_fraction5.pth,outputs\adaptation_histories\cnn3_photo_seed387_to_art_painting_fraction5_history.csv,outputs\adaptation_plots\cnn3_photo_seed387_to_art_painting_fraction5.png,0.2585365853658536,4.277600693121189
cnn3_photo_seed387_to_art_painting_fraction10,cnn3_photo_seed387_to_art_painting,cnn3_photo_seed387,cnn3,photo,1,art_painting,387,0.1,10,94151,1169,0.7305389221556886,143,205,410,0.2341463414634146,4.974208161889053,0.3585365853658536,2.098155966037657,0.124390243902439,95,0.5104895104895105,0.3707317073170731,100,500,100,0.0001,outputs\adapted_models\cnn3_photo_seed387_to_art_painting_fraction10.pth,outputs\adaptation_histories\cnn3_photo_seed387_to_art_painting_fraction10_history.csv,outputs\adaptation_plots\cnn3_photo_seed387_to_art_painting_fraction10.png,0.2585365853658536,4.277600693121189
cnn3_photo_seed387_to_art_painting_fraction25,cnn3_photo_seed387_to_art_painting,cnn3_photo_seed387,cnn3,photo,1,art_painting,387,0.25,25,94151,1169,0.7305389221556886,358,205,410,0.2341463414634146,4.974208161889053,0.3902439024390244,1.7347090372225134,0.1560975609756097,70,0.5251396648044693,0.448780487804878,100,1200,100,0.0001,outputs\adapted_models\cnn3_photo_seed387_to_art_painting_fraction25.pth,outputs\adaptation_histories\cnn3_photo_seed387_to_art_painting_fraction25_history.csv,outputs\adaptation_plots\cnn3_photo_seed387_to_art_painting_fraction25.png,0.2585365853658536,4.277600693121189
cnn3_photo_seed387_to_art_painting_fraction50,cnn3_photo_seed387_to_art_painting,cnn3_photo_seed387,cnn3,photo,1,art_painting,387,0.5,50,94151,1169,0.7305389221556886,716,205,410,0.2341463414634146,4.974208161889053,0.4585365853658537,1.5899592608940312,0.224390243902439,83,0.5432960893854749,0.4536585365853658,100,2300,100,0.0001,outputs\adapted_models\cnn3_photo_seed387_to_art_painting_fraction50.pth,outputs\adaptation_histories\cnn3_photo_seed387_to_art_painting_fraction50_history.csv,outputs\adaptation_plots\cnn3_photo_seed387_to_art_painting_fraction50.png,0.2585365853658536,4.277600693121189
cnn3_photo_seed387_to_art_painting_fraction100,cnn3_photo_seed387_to_art_painting,cnn3_photo_seed387,cnn3,photo,1,art_painting,387,1.0,100,94151,1169,0.7305389221556886,1433,205,410,0.2341463414634146,4.974208161889053,0.5097560975609756,1.4650080983231708,0.275609756097561,93,0.5610607117934403,0.5121951219512195,100,4500,100,0.0001,outputs\adapted_models\cnn3_photo_seed387_to_art_painting_fraction100.pth,outputs\adaptation_histories\cnn3_photo_seed387_to_art_painting_fraction100_history.csv,outputs\adaptation_plots\cnn3_photo_seed387_to_art_painting_fraction100.png,0.2585365853658536,4.277600693121189
cnn3_photo_seed387_to_cartoon_fraction5,cnn3_photo_seed387_to_cartoon,cnn3_photo_seed387,cnn3,photo,1,cartoon,387,0.05,5,94151,1169,0.7305389221556886,82,235,469,0.1577825159914712,5.382327325816856,0.4626865671641791,1.9278361436400584,0.3049040511727079,97,0.6951219512195121,0.4468085106382978,100,300,100,0.0001,outputs\adapted_models\cnn3_photo_seed387_to_cartoon_fraction5.pth,outputs\adaptation_histories\cnn3_photo_seed387_to_cartoon_fraction5_history.csv,outputs\adaptation_plots\cnn3_photo_seed387_to_cartoon_fraction5.png,0.1787234042553191,6.109404965664478
cnn3_photo_seed387_to_cartoon_fraction10,cnn3_photo_seed387_to_cartoon,cnn3_photo_seed387,cnn3,photo,1,cartoon,387,0.1,10,94151,1169,0.7305389221556886,164,235,469,0.1577825159914712,5.382327325816856,0.4562899786780384,1.8210105001290977,0.2985074626865671,53,0.6036585365853658,0.4468085106382978,100,600,100,0.0001,outputs\adapted_models\cnn3_photo_seed387_to_cartoon_fraction10.pth,outputs\adaptation_histories\cnn3_photo_seed387_to_cartoon_fraction10_history.csv,outputs\adaptation_plots\cnn3_photo_seed387_to_cartoon_fraction10.png,0.1787234042553191,6.109404965664478
cnn3_photo_seed387_to_cartoon_fraction25,cnn3_photo_seed387_to_cartoon,cnn3_photo_seed387,cnn3,photo,1,cartoon,387,0.25,25,94151,1169,0.7305389221556886,410,235,469,0.1577825159914712,5.382327325816856,0.5692963752665245,1.3819598256906211,0.4115138592750533,98,0.6707317073170732,0.5659574468085107,100,1300,100,0.0001,outputs\adapted_models\cnn3_photo_seed387_to_cartoon_fraction25.pth,outputs\adaptation_histories\cnn3_photo_seed387_to_cartoon_fraction25_history.csv,outputs\adaptation_plots\cnn3_photo_seed387_to_cartoon_fraction25.png,0.1787234042553191,6.109404965664478
cnn3_photo_seed387_to_cartoon_fraction50,cnn3_photo_seed387_to_cartoon,cnn3_photo_seed387,cnn3,photo,1,cartoon,387,0.5,50,94151,1169,0.7305389221556886,821,235,469,0.1577825159914712,5.382327325816856,0.5948827292110874,1.194880694977002,0.4371002132196162,96,0.6967113276492083,0.6297872340425532,100,2600,100,0.0001,outputs\adapted_models\cnn3_photo_seed387_to_cartoon_fraction50.pth,outputs\adaptation_histories\cnn3_photo_seed387_to_cartoon_fraction50_history.csv,outputs\adaptation_plots\cnn3_photo_seed387_to_cartoon_fraction50.png,0.1787234042553191,6.109404965664478
cnn3_photo_seed387_to_cartoon_fraction100,cnn3_photo_seed387_to_cartoon,cnn3_photo_seed387,cnn3,photo,1,cartoon,387,1.0,100,94151,1169,0.7305389221556886,1640,235,469,0.1577825159914712,5.382327325816856,0.6588486140724946,1.0489090876792797,0.5010660980810234,99,0.7378048780487805,0.6936170212765957,100,5200,100,0.0001,outputs\adapted_models\cnn3_photo_seed387_to_cartoon_fraction100.pth,outputs\adaptation_histories\cnn3_photo_seed387_to_cartoon_fraction100_history.csv,outputs\adaptation_plots\cnn3_photo_seed387_to_cartoon_fraction100.png,0.1787234042553191,6.109404965664478
cnn3_photo_seed387_to_sketch_fraction5,cnn3_photo_seed387_to_sketch,cnn3_photo_seed387,cnn3,photo,1,sketch,387,0.05,5,94151,1169,0.7305389221556886,138,393,786,0.1552162849872773,5.546551352542169,0.4274809160305343,1.445932077694182,0.272264631043257,98,0.4710144927536231,0.4376590330788804,100,500,100,0.0001,outputs\adapted_models\cnn3_photo_seed387_to_sketch_fraction5.pth,outputs\adaptation_histories\cnn3_photo_seed387_to_sketch_fraction5_history.csv,outputs\adaptation_plots\cnn3_photo_seed387_to_sketch_fraction5.png,0.1552162849872773,5.514809300274643
cnn3_photo_seed387_to_sketch_fraction10,cnn3_photo_seed387_to_sketch,cnn3_photo_seed387,cnn3,photo,1,sketch,387,0.1,10,94151,1169,0.7305389221556886,275,393,786,0.1552162849872773,5.546551352542169,0.4643765903307888,1.3403534464557056,0.3091603053435114,100,0.52,0.4681933842239186,100,900,100,0.0001,outputs\adapted_models\cnn3_photo_seed387_to_sketch_fraction10.pth,outputs\adaptation_histories\cnn3_photo_seed387_to_sketch_fraction10_history.csv,outputs\adaptation_plots\cnn3_photo_seed387_to_sketch_fraction10.png,0.1552162849872773,5.514809300274643
cnn3_photo_seed387_to_sketch_fraction25,cnn3_photo_seed387_to_sketch,cnn3_photo_seed387,cnn3,photo,1,sketch,387,0.25,25,94151,1169,0.7305389221556886,688,393,786,0.1552162849872773,5.546551352542169,0.5165394402035624,1.2558103881719458,0.361323155216285,82,0.5683139534883721,0.5089058524173028,100,2200,100,0.0001,outputs\adapted_models\cnn3_photo_seed387_to_sketch_fraction25.pth,outputs\adaptation_histories\cnn3_photo_seed387_to_sketch_fraction25_history.csv,outputs\adaptation_plots\cnn3_photo_seed387_to_sketch_fraction25.png,0.1552162849872773,5.514809300274643
cnn3_photo_seed387_to_sketch_fraction50,cnn3_photo_seed387_to_sketch,cnn3_photo_seed387,cnn3,photo,1,sketch,387,0.5,50,94151,1169,0.7305389221556886,1375,393,786,0.1552162849872773,5.546551352542169,0.5585241730279898,1.0984879365100813,0.4033078880407125,97,0.624,0.5521628498727735,100,4300,100,0.0001,outputs\adapted_models\cnn3_photo_seed387_to_sketch_fraction50.pth,outputs\adaptation_histories\cnn3_photo_seed387_to_sketch_fraction50_history.csv,outputs\adaptation_plots\cnn3_photo_seed387_to_sketch_fraction50.png,0.1552162849872773,5.514809300274643
cnn3_photo_seed387_to_sketch_fraction100,cnn3_photo_seed387_to_sketch,cnn3_photo_seed387,cnn3,photo,1,sketch,387,1.0,100,94151,1169,0.7305389221556886,2750,393,786,0.1552162849872773,5.546551352542169,0.6017811704834606,1.011741405224982,0.4465648854961832,79,0.6378181818181818,0.5903307888040712,100,8600,100,0.0001,outputs\adapted_models\cnn3_photo_seed387_to_sketch_fraction100.pth,outputs\adaptation_histories\cnn3_photo_seed387_to_sketch_fraction100_history.csv,outputs\adaptation_plots\cnn3_photo_seed387_to_sketch_fraction100.png,0.1552162849872773,5.514809300274643
cnn3_sketch_seed42_to_art_painting_fraction5,cnn3_sketch_seed42_to_art_painting,cnn3_sketch_seed42,cnn3,sketch,1,art_painting,42,0.05,5,94151,2750,0.72264631043257,71,205,410,0.1341463414634146,17.64549307474276,0.2707317073170732,3.5231976020626905,0.1365853658536585,83,0.2816901408450704,0.2926829268292683,100,300,100,0.0001,outputs\adapted_models\cnn3_sketch_seed42_to_art_painting_fraction5.pth,outputs\adaptation_histories\cnn3_sketch_seed42_to_art_painting_fraction5_history.csv,outputs\adaptation_plots\cnn3_sketch_seed42_to_art_painting_fraction5.png,0.1317073170731707,19.84606859160633
cnn3_sketch_seed42_to_art_painting_fraction10,cnn3_sketch_seed42_to_art_painting,cnn3_sketch_seed42,cnn3,sketch,1,art_painting,42,0.1,10,94151,2750,0.72264631043257,143,205,410,0.1341463414634146,17.64549307474276,0.2658536585365854,2.9826691790324884,0.1317073170731707,76,0.3916083916083916,0.3073170731707317,100,500,100,0.0001,outputs\adapted_models\cnn3_sketch_seed42_to_art_painting_fraction10.pth,outputs\adaptation_histories\cnn3_sketch_seed42_to_art_painting_fraction10_history.csv,outputs\adaptation_plots\cnn3_sketch_seed42_to_art_painting_fraction10.png,0.1317073170731707,19.84606859160633
cnn3_sketch_seed42_to_art_painting_fraction25,cnn3_sketch_seed42_to_art_painting,cnn3_sketch_seed42,cnn3,sketch,1,art_painting,42,0.25,25,94151,2750,0.72264631043257,358,205,410,0.1341463414634146,17.64549307474276,0.3341463414634146,2.047673704566025,0.2,89,0.3770949720670391,0.375609756097561,100,1200,100,0.0001,outputs\adapted_models\cnn3_sketch_seed42_to_art_painting_fraction25.pth,outputs\adaptation_histories\cnn3_sketch_seed42_to_art_painting_fraction25_history.csv,outputs\adaptation_plots\cnn3_sketch_seed42_to_art_painting_fraction25.png,0.1317073170731707,19.84606859160633
cnn3_sketch_seed42_to_art_painting_fraction50,cnn3_sketch_seed42_to_art_painting,cnn3_sketch_seed42,cnn3,sketch,1,art_painting,42,0.5,50,94151,2750,0.72264631043257,716,205,410,0.1341463414634146,17.64549307474276,0.3634146341463414,1.7487269052645056,0.2292682926829268,78,0.4064245810055866,0.3951219512195122,100,2300,100,0.0001,outputs\adapted_models\cnn3_sketch_seed42_to_art_painting_fraction50.pth,outputs\adaptation_histories\cnn3_sketch_seed42_to_art_painting_fraction50_history.csv,outputs\adaptation_plots\cnn3_sketch_seed42_to_art_painting_fraction50.png,0.1317073170731707,19.84606859160633
cnn3_sketch_seed42_to_art_painting_fraction100,cnn3_sketch_seed42_to_art_painting,cnn3_sketch_seed42,cnn3,sketch,1,art_painting,42,1.0,100,94151,2750,0.72264631043257,1433,205,410,0.1341463414634146,17.64549307474276,0.4463414634146341,1.5573297733213844,0.3121951219512195,92,0.5094207955338451,0.4878048780487805,100,4500,100,0.0001,outputs\adapted_models\cnn3_sketch_seed42_to_art_painting_fraction100.pth,outputs\adaptation_histories\cnn3_sketch_seed42_to_art_painting_fraction100_history.csv,outputs\adaptation_plots\cnn3_sketch_seed42_to_art_painting_fraction100.png,0.1317073170731707,19.84606859160633
cnn3_sketch_seed42_to_cartoon_fraction5,cnn3_sketch_seed42_to_cartoon,cnn3_sketch_seed42,cnn3,sketch,1,cartoon,42,0.05,5,94151,2750,0.72264631043257,82,235,469,0.2814498933901919,6.327672441885161,0.3773987206823028,2.615305902607151,0.0959488272921109,74,0.5975609756097561,0.4340425531914894,100,300,100,0.0001,outputs\adapted_models\cnn3_sketch_seed42_to_cartoon_fraction5.pth,outputs\adaptation_histories\cnn3_sketch_seed42_to_cartoon_fraction5_history.csv,outputs\adaptation_plots\cnn3_sketch_seed42_to_cartoon_fraction5.png,0.2340425531914893,9.332248225110645
cnn3_sketch_seed42_to_cartoon_fraction10,cnn3_sketch_seed42_to_cartoon,cnn3_sketch_seed42,cnn3,sketch,1,cartoon,42,0.1,10,94151,2750,0.72264631043257,164,235,469,0.2814498933901919,6.327672441885161,0.4584221748400853,1.954946668417469,0.1769722814498934,88,0.6036585365853658,0.4553191489361702,100,600,100,0.0001,outputs\adapted_models\cnn3_sketch_seed42_to_cartoon_fraction10.pth,outputs\adaptation_histories\cnn3_sketch_seed42_to_cartoon_fraction10_history.csv,outputs\adaptation_plots\cnn3_sketch_seed42_to_cartoon_fraction10.png,0.2340425531914893,9.332248225110645
cnn3_sketch_seed42_to_cartoon_fraction25,cnn3_sketch_seed42_to_cartoon,cnn3_sketch_seed42,cnn3,sketch,1,cartoon,42,0.25,25,94151,2750,0.72264631043257,410,235,469,0.2814498933901919,6.327672441885161,0.5415778251599147,1.5764986619766332,0.2601279317697228,94,0.6414634146341464,0.5531914893617021,100,1300,100,0.0001,outputs\adapted_models\cnn3_sketch_seed42_to_cartoon_fraction25.pth,outputs\adaptation_histories\cnn3_sketch_seed42_to_cartoon_fraction25_history.csv,outputs\adaptation_plots\cnn3_sketch_seed42_to_cartoon_fraction25.png,0.2340425531914893,9.332248225110645
cnn3_sketch_seed42_to_cartoon_fraction50,cnn3_sketch_seed42_to_cartoon,cnn3_sketch_seed42,cnn3,sketch,1,cartoon,42,0.5,50,94151,2750,0.72264631043257,821,235,469,0.2814498933901919,6.327672441885161,0.6140724946695096,1.3221997828371743,0.3326226012793177,98,0.6735688185140073,0.6425531914893617,100,2600,100,0.0001,outputs\adapted_models\cnn3_sketch_seed42_to_cartoon_fraction50.pth,outputs\adaptation_histories\cnn3_sketch_seed42_to_cartoon_fraction50_history.csv,outputs\adaptation_plots\cnn3_sketch_seed42_to_cartoon_fraction50.png,0.2340425531914893,9.332248225110645
cnn3_sketch_seed42_to_cartoon_fraction100,cnn3_sketch_seed42_to_cartoon,cnn3_sketch_seed42,cnn3,sketch,1,cartoon,42,1.0,100,94151,2750,0.72264631043257,1640,235,469,0.2814498933901919,6.327672441885161,0.6183368869936035,1.189992075027433,0.3368869936034115,93,0.7189024390243902,0.7063829787234043,100,5200,100,0.0001,outputs\adapted_models\cnn3_sketch_seed42_to_cartoon_fraction100.pth,outputs\adaptation_histories\cnn3_sketch_seed42_to_cartoon_fraction100_history.csv,outputs\adaptation_plots\cnn3_sketch_seed42_to_cartoon_fraction100.png,0.2340425531914893,9.332248225110645
cnn3_sketch_seed42_to_photo_fraction5,cnn3_sketch_seed42_to_photo,cnn3_sketch_seed42,cnn3,sketch,1,photo,42,0.05,5,94151,2750,0.72264631043257,58,167,334,0.092814371257485,23.858507990123268,0.2155688622754491,5.808009233303412,0.122754491017964,59,0.293103448275862,0.3053892215568862,100,200,100,0.0001,outputs\adapted_models\cnn3_sketch_seed42_to_photo_fraction5.pth,outputs\adaptation_histories\cnn3_sketch_seed42_to_photo_fraction5_history.csv,outputs\adaptation_plots\cnn3_sketch_seed42_to_photo_fraction5.png,0.1017964071856287,22.86696492269368
cnn3_sketch_seed42_to_photo_fraction10,cnn3_sketch_seed42_to_photo,cnn3_sketch_seed42,cnn3,sketch,1,photo,42,0.1,10,94151,2750,0.72264631043257,117,167,334,0.092814371257485,23.858507990123268,0.344311377245509,2.6838247219245592,0.2514970059880239,100,0.4102564102564102,0.3772455089820359,100,400,100,0.0001,outputs\adapted_models\cnn3_sketch_seed42_to_photo_fraction10.pth,outputs\adaptation_histories\cnn3_sketch_seed42_to_photo_fraction10_history.csv,outputs\adaptation_plots\cnn3_sketch_seed42_to_photo_fraction10.png,0.1017964071856287,22.86696492269368
cnn3_sketch_seed42_to_photo_fraction25,cnn3_sketch_seed42_to_photo,cnn3_sketch_seed42,cnn3,sketch,1,photo,42,0.25,25,94151,2750,0.72264631043257,292,167,334,0.092814371257485,23.858507990123268,0.4311377245508982,2.0489932534223545,0.3383233532934132,82,0.4965753424657534,0.4610778443113772,100,1000,100,0.0001,outputs\adapted_models\cnn3_sketch_seed42_to_photo_fraction25.pth,outputs\adaptation_histories\cnn3_sketch_seed42_to_photo_fraction25_history.csv,outputs\adaptation_plots\cnn3_sketch_seed42_to_photo_fraction25.png,0.1017964071856287,22.86696492269368
cnn3_sketch_seed42_to_photo_fraction50,cnn3_sketch_seed42_to_photo,cnn3_sketch_seed42,cnn3,sketch,1,photo,42,0.5,50,94151,2750,0.72264631043257,585,167,334,0.092814371257485,23.858507990123268,0.5299401197604791,1.4310021371898536,0.437125748502994,99,0.6461538461538462,0.5868263473053892,100,1900,100,0.0001,outputs\adapted_models\cnn3_sketch_seed42_to_photo_fraction50.pth,outputs\adaptation_histories\cnn3_sketch_seed42_to_photo_fraction50_history.csv,outputs\adaptation_plots\cnn3_sketch_seed42_to_photo_fraction50.png,0.1017964071856287,22.86696492269368
cnn3_sketch_seed42_to_photo_fraction100,cnn3_sketch_seed42_to_photo,cnn3_sketch_seed42,cnn3,sketch,1,photo,42,1.0,100,94151,2750,0.72264631043257,1169,167,334,0.092814371257485,23.858507990123268,0.5898203592814372,1.1817192031951722,0.4970059880239521,89,0.6757912745936698,0.6766467065868264,100,3700,100,0.0001,outputs\adapted_models\cnn3_sketch_seed42_to_photo_fraction100.pth,outputs\adaptation_histories\cnn3_sketch_seed42_to_photo_fraction100_history.csv,outputs\adaptation_plots\cnn3_sketch_seed42_to_photo_fraction100.png,0.1017964071856287,22.86696492269368
cnn3_sketch_seed387_to_art_painting_fraction5,cnn3_sketch_seed387_to_art_painting,cnn3_sketch_seed387,cnn3,sketch,1,art_painting,387,0.05,5,94151,2750,0.727735368956743,71,205,410,0.1390243902439024,21.73718849740377,0.275609756097561,3.8078310338462273,0.1365853658536585,93,0.3380281690140845,0.2926829268292683,100,300,100,0.0001,outputs\adapted_models\cnn3_sketch_seed387_to_art_painting_fraction5.pth,outputs\adaptation_histories\cnn3_sketch_seed387_to_art_painting_fraction5_history.csv,outputs\adaptation_plots\cnn3_sketch_seed387_to_art_painting_fraction5.png,0.1170731707317073,24.52039780035252
cnn3_sketch_seed387_to_art_painting_fraction10,cnn3_sketch_seed387_to_art_painting,cnn3_sketch_seed387,cnn3,sketch,1,art_painting,387,0.1,10,94151,2750,0.727735368956743,143,205,410,0.1390243902439024,21.73718849740377,0.2853658536585365,3.025379097170946,0.1463414634146341,90,0.4055944055944055,0.4,100,500,100,0.0001,outputs\adapted_models\cnn3_sketch_seed387_to_art_painting_fraction10.pth,outputs\adaptation_histories\cnn3_sketch_seed387_to_art_painting_fraction10_history.csv,outputs\adaptation_plots\cnn3_sketch_seed387_to_art_painting_fraction10.png,0.1170731707317073,24.52039780035252
cnn3_sketch_seed387_to_art_painting_fraction25,cnn3_sketch_seed387_to_art_painting,cnn3_sketch_seed387,cnn3,sketch,1,art_painting,387,0.25,25,94151,2750,0.727735368956743,358,205,410,0.1390243902439024,21.73718849740377,0.3048780487804878,2.9639207793445124,0.1658536585365853,35,0.3016759776536313,0.4048780487804878,100,1200,100,0.0001,outputs\adapted_models\cnn3_sketch_seed387_to_art_painting_fraction25.pth,outputs\adaptation_histories\cnn3_sketch_seed387_to_art_painting_fraction25_history.csv,outputs\adaptation_plots\cnn3_sketch_seed387_to_art_painting_fraction25.png,0.1170731707317073,24.52039780035252
cnn3_sketch_seed387_to_art_painting_fraction50,cnn3_sketch_seed387_to_art_painting,cnn3_sketch_seed387,cnn3,sketch,1,art_painting,387,0.5,50,94151,2750,0.727735368956743,716,205,410,0.1390243902439024,21.73718849740377,0.4073170731707317,1.7624870579417158,0.2682926829268292,98,0.4427374301675977,0.4292682926829268,100,2300,100,0.0001,outputs\adapted_models\cnn3_sketch_seed387_to_art_painting_fraction50.pth,outputs\adaptation_histories\cnn3_sketch_seed387_to_art_painting_fraction50_history.csv,outputs\adaptation_plots\cnn3_sketch_seed387_to_art_painting_fraction50.png,0.1170731707317073,24.52039780035252
cnn3_sketch_seed387_to_art_painting_fraction100,cnn3_sketch_seed387_to_art_painting,cnn3_sketch_seed387,cnn3,sketch,1,art_painting,387,1.0,100,94151,2750,0.727735368956743,1433,205,410,0.1390243902439024,21.73718849740377,0.4097560975609756,1.6526317689476944,0.2707317073170731,90,0.4947662247034194,0.4878048780487805,100,4500,100,0.0001,outputs\adapted_models\cnn3_sketch_seed387_to_art_painting_fraction100.pth,outputs\adaptation_histories\cnn3_sketch_seed387_to_art_painting_fraction100_history.csv,outputs\adaptation_plots\cnn3_sketch_seed387_to_art_painting_fraction100.png,0.1170731707317073,24.52039780035252
cnn3_sketch_seed387_to_cartoon_fraction5,cnn3_sketch_seed387_to_cartoon,cnn3_sketch_seed387,cnn3,sketch,1,cartoon,387,0.05,5,94151,2750,0.727735368956743,82,235,469,0.2217484008528784,7.316526205554954,0.3837953091684435,3.114797937844608,0.162046908315565,74,0.573170731707317,0.4808510638297872,100,300,100,0.0001,outputs\adapted_models\cnn3_sketch_seed387_to_cartoon_fraction5.pth,outputs\adaptation_histories\cnn3_sketch_seed387_to_cartoon_fraction5_history.csv,outputs\adaptation_plots\cnn3_sketch_seed387_to_cartoon_fraction5.png,0.2127659574468085,9.839497489117562
cnn3_sketch_seed387_to_cartoon_fraction10,cnn3_sketch_seed387_to_cartoon,cnn3_sketch_seed387,cnn3,sketch,1,cartoon,387,0.1,10,94151,2750,0.727735368956743,164,235,469,0.2217484008528784,7.316526205554954,0.4626865671641791,2.079636579891766,0.2409381663113006,82,0.5304878048780488,0.4808510638297872,100,600,100,0.0001,outputs\adapted_models\cnn3_sketch_seed387_to_cartoon_fraction10.pth,outputs\adaptation_histories\cnn3_sketch_seed387_to_cartoon_fraction10_history.csv,outputs\adaptation_plots\cnn3_sketch_seed387_to_cartoon_fraction10.png,0.2127659574468085,9.839497489117562
cnn3_sketch_seed387_to_cartoon_fraction25,cnn3_sketch_seed387_to_cartoon,cnn3_sketch_seed387,cnn3,sketch,1,cartoon,387,0.25,25,94151,2750,0.727735368956743,410,235,469,0.2217484008528784,7.316526205554954,0.5479744136460555,1.5538975038508107,0.326226012793177,98,0.6365853658536585,0.5702127659574469,100,1300,100,0.0001,outputs\adapted_models\cnn3_sketch_seed387_to_cartoon_fraction25.pth,outputs\adaptation_histories\cnn3_sketch_seed387_to_cartoon_fraction25_history.csv,outputs\adaptation_plots\cnn3_sketch_seed387_to_cartoon_fraction25.png,0.2127659574468085,9.839497489117562
cnn3_sketch_seed387_to_cartoon_fraction50,cnn3_sketch_seed387_to_cartoon,cnn3_sketch_seed387,cnn3,sketch,1,cartoon,387,0.5,50,94151,2750,0.727735368956743,821,235,469,0.2217484008528784,7.316526205554954,0.6076759061833689,1.2915027105986183,0.3859275053304903,100,0.6869671132764921,0.6382978723404256,100,2600,100,0.0001,outputs\adapted_models\cnn3_sketch_seed387_to_cartoon_fraction50.pth,outputs\adaptation_histories\cnn3_sketch_seed387_to_cartoon_fraction50_history.csv,outputs\adaptation_plots\cnn3_sketch_seed387_to_cartoon_fraction50.png,0.2127659574468085,9.839497489117562
cnn3_sketch_seed387_to_cartoon_fraction100,cnn3_sketch_seed387_to_cartoon,cnn3_sketch_seed387,cnn3,sketch,1,cartoon,387,1.0,100,94151,2750,0.727735368956743,1640,235,469,0.2217484008528784,7.316526205554954,0.6588486140724946,1.1003682313443246,0.4371002132196161,100,0.7152439024390244,0.6936170212765957,100,5200,100,0.0001,outputs\adapted_models\cnn3_sketch_seed387_to_cartoon_fraction100.pth,outputs\adaptation_histories\cnn3_sketch_seed387_to_cartoon_fraction100_history.csv,outputs\adaptation_plots\cnn3_sketch_seed387_to_cartoon_fraction100.png,0.2127659574468085,9.839497489117562
cnn3_sketch_seed387_to_photo_fraction5,cnn3_sketch_seed387_to_photo,cnn3_sketch_seed387,cnn3,sketch,1,photo,387,0.05,5,94151,2750,0.727735368956743,58,167,334,0.092814371257485,32.6721646428822,0.2634730538922156,4.67903010431164,0.1706586826347305,100,0.3448275862068966,0.2994011976047904,100,200,100,0.0001,outputs\adapted_models\cnn3_sketch_seed387_to_photo_fraction5.pth,outputs\adaptation_histories\cnn3_sketch_seed387_to_photo_fraction5_history.csv,outputs\adaptation_plots\cnn3_sketch_seed387_to_photo_fraction5.png,0.1017964071856287,28.64845202782911
cnn3_sketch_seed387_to_photo_fraction10,cnn3_sketch_seed387_to_photo,cnn3_sketch_seed387,cnn3,sketch,1,photo,387,0.1,10,94151,2750,0.727735368956743,117,167,334,0.092814371257485,32.6721646428822,0.3502994011976048,3.138831995204537,0.2574850299401197,100,0.452991452991453,0.3712574850299401,100,400,100,0.0001,outputs\adapted_models\cnn3_sketch_seed387_to_photo_fraction10.pth,outputs\adaptation_histories\cnn3_sketch_seed387_to_photo_fraction10_history.csv,outputs\adaptation_plots\cnn3_sketch_seed387_to_photo_fraction10.png,0.1017964071856287,28.64845202782911
cnn3_sketch_seed387_to_photo_fraction25,cnn3_sketch_seed387_to_photo,cnn3_sketch_seed387,cnn3,sketch,1,photo,387,0.25,25,94151,2750,0.727735368956743,292,167,334,0.092814371257485,32.6721646428822,0.4610778443113772,1.9438961594404576,0.3682634730538922,98,0.5068493150684932,0.4491017964071856,100,1000,100,0.0001,outputs\adapted_models\cnn3_sketch_seed387_to_photo_fraction25.pth,outputs\adaptation_histories\cnn3_sketch_seed387_to_photo_fraction25_history.csv,outputs\adaptation_plots\cnn3_sketch_seed387_to_photo_fraction25.png,0.1017964071856287,28.64845202782911
cnn3_sketch_seed387_to_photo_fraction50,cnn3_sketch_seed387_to_photo,cnn3_sketch_seed387,cnn3,sketch,1,photo,387,0.5,50,94151,2750,0.727735368956743,585,167,334,0.092814371257485,32.6721646428822,0.5538922155688623,1.4446404251509797,0.4610778443113772,98,0.6051282051282051,0.5389221556886228,100,1900,100,0.0001,outputs\adapted_models\cnn3_sketch_seed387_to_photo_fraction50.pth,outputs\adaptation_histories\cnn3_sketch_seed387_to_photo_fraction50_history.csv,outputs\adaptation_plots\cnn3_sketch_seed387_to_photo_fraction50.png,0.1017964071856287,28.64845202782911
cnn3_sketch_seed387_to_photo_fraction100,cnn3_sketch_seed387_to_photo,cnn3_sketch_seed387,cnn3,sketch,1,photo,387,1.0,100,94151,2750,0.727735368956743,1169,167,334,0.092814371257485,32.6721646428822,0.6107784431137725,1.1736648639519058,0.5179640718562875,98,0.6569717707442259,0.6347305389221557,100,3700,100,0.0001,outputs\adapted_models\cnn3_sketch_seed387_to_photo_fraction100.pth,outputs\adaptation_histories\cnn3_sketch_seed387_to_photo_fraction100_history.csv,outputs\adaptation_plots\cnn3_sketch_seed387_to_photo_fraction100.png,0.1017964071856287,28.64845202782911
cnn3_art_painting-cartoon_seed42_to_photo_fraction5,cnn3_art_painting-cartoon_seed42_to_photo,cnn3_art_painting-cartoon_seed42,cnn3,art_painting|cartoon,2,photo,42,0.05,5,94151,3073,0.6636363636363637,58,167,334,0.4341317365269461,2.2177367867110016,0.562874251497006,1.4305505552691613,0.1287425149700599,89,0.8793103448275862,0.562874251497006,100,200,100,0.0001,outputs\adapted_models\cnn3_art_painting-cartoon_seed42_to_photo_fraction5.pth,outputs\adaptation_histories\cnn3_art_painting-cartoon_seed42_to_photo_fraction5_history.csv,outputs\adaptation_plots\cnn3_art_painting-cartoon_seed42_to_photo_fraction5.png,0.4550898203592814,2.15200505285206
cnn3_art_painting-cartoon_seed42_to_photo_fraction10,cnn3_art_painting-cartoon_seed42_to_photo,cnn3_art_painting-cartoon_seed42,cnn3,art_painting|cartoon,2,photo,42,0.1,10,94151,3073,0.6636363636363637,117,167,334,0.4341317365269461,2.2177367867110016,0.562874251497006,1.3356008815194318,0.1287425149700599,94,0.8547008547008547,0.5688622754491018,100,400,100,0.0001,outputs\adapted_models\cnn3_art_painting-cartoon_seed42_to_photo_fraction10.pth,outputs\adaptation_histories\cnn3_art_painting-cartoon_seed42_to_photo_fraction10_history.csv,outputs\adaptation_plots\cnn3_art_painting-cartoon_seed42_to_photo_fraction10.png,0.4550898203592814,2.15200505285206
cnn3_art_painting-cartoon_seed42_to_photo_fraction25,cnn3_art_painting-cartoon_seed42_to_photo,cnn3_art_painting-cartoon_seed42,cnn3,art_painting|cartoon,2,photo,42,0.25,25,94151,3073,0.6636363636363637,292,167,334,0.4341317365269461,2.2177367867110016,0.6437125748502994,1.135633374402623,0.2095808383233533,95,0.815068493150685,0.6526946107784432,100,1000,100,0.0001,outputs\adapted_models\cnn3_art_painting-cartoon_seed42_to_photo_fraction25.pth,outputs\adaptation_histories\cnn3_art_painting-cartoon_seed42_to_photo_fraction25_history.csv,outputs\adaptation_plots\cnn3_art_painting-cartoon_seed42_to_photo_fraction25.png,0.4550898203592814,2.15200505285206
cnn3_art_painting-cartoon_seed42_to_photo_fraction50,cnn3_art_painting-cartoon_seed42_to_photo,cnn3_art_painting-cartoon_seed42,cnn3,art_painting|cartoon,2,photo,42,0.5,50,94151,3073,0.6636363636363637,585,167,334,0.4341317365269461,2.2177367867110016,0.7065868263473054,0.9442019319819832,0.2724550898203593,97,0.8547008547008547,0.6646706586826348,100,1900,100,0.0001,outputs\adapted_models\cnn3_art_painting-cartoon_seed42_to_photo_fraction50.pth,outputs\adaptation_histories\cnn3_art_painting-cartoon_seed42_to_photo_fraction50_history.csv,outputs\adaptation_plots\cnn3_art_painting-cartoon_seed42_to_photo_fraction50.png,0.4550898203592814,2.15200505285206
cnn3_art_painting-cartoon_seed42_to_photo_fraction100,cnn3_art_painting-cartoon_seed42_to_photo,cnn3_art_painting-cartoon_seed42,cnn3,art_painting|cartoon,2,photo,42,1.0,100,94151,3073,0.6636363636363637,1169,167,334,0.4341317365269461,2.2177367867110016,0.7245508982035929,0.8406777210578233,0.2904191616766468,83,0.8426005132591959,0.7065868263473054,100,3700,100,0.0001,outputs\adapted_models\cnn3_art_painting-cartoon_seed42_to_photo_fraction100.pth,outputs\adaptation_histories\cnn3_art_painting-cartoon_seed42_to_photo_fraction100_history.csv,outputs\adaptation_plots\cnn3_art_painting-cartoon_seed42_to_photo_fraction100.png,0.4550898203592814,2.15200505285206
cnn3_art_painting-cartoon_seed42_to_sketch_fraction5,cnn3_art_painting-cartoon_seed42_to_sketch,cnn3_art_painting-cartoon_seed42,cnn3,art_painting|cartoon,2,sketch,42,0.05,5,94151,3073,0.6636363636363637,138,393,786,0.1984732824427481,2.8916490860567747,0.5381679389312977,1.2107322901563182,0.3396946564885496,91,0.6956521739130435,0.5776081424936387,100,500,100,0.0001,outputs\adapted_models\cnn3_art_painting-cartoon_seed42_to_sketch_fraction5.pth,outputs\adaptation_histories\cnn3_art_painting-cartoon_seed42_to_sketch_fraction5_history.csv,outputs\adaptation_plots\cnn3_art_painting-cartoon_seed42_to_sketch_fraction5.png,0.2111959287531806,2.7091895921236384
cnn3_art_painting-cartoon_seed42_to_sketch_fraction10,cnn3_art_painting-cartoon_seed42_to_sketch,cnn3_art_painting-cartoon_seed42,cnn3,art_painting|cartoon,2,sketch,42,0.1,10,94151,3073,0.6636363636363637,275,393,786,0.1984732824427481,2.8916490860567747,0.5623409669211196,1.1114617995633425,0.3638676844783715,92,0.6290909090909091,0.6234096692111959,100,900,100,0.0001,outputs\adapted_models\cnn3_art_painting-cartoon_seed42_to_sketch_fraction10.pth,outputs\adaptation_histories\cnn3_art_painting-cartoon_seed42_to_sketch_fraction10_history.csv,outputs\adaptation_plots\cnn3_art_painting-cartoon_seed42_to_sketch_fraction10.png,0.2111959287531806,2.7091895921236384
cnn3_art_painting-cartoon_seed42_to_sketch_fraction25,cnn3_art_painting-cartoon_seed42_to_sketch,cnn3_art_painting-cartoon_seed42,cnn3,art_painting|cartoon,2,sketch,42,0.25,25,94151,3073,0.6636363636363637,688,393,786,0.1984732824427481,2.8916490860567747,0.5776081424936387,1.080590007869342,0.3791348600508906,43,0.6119186046511628,0.6183206106870229,100,2200,100,0.0001,outputs\adapted_models\cnn3_art_painting-cartoon_seed42_to_sketch_fraction25.pth,outputs\adaptation_histories\cnn3_art_painting-cartoon_seed42_to_sketch_fraction25_history.csv,outputs\adaptation_plots\cnn3_art_painting-cartoon_seed42_to_sketch_fraction25.png,0.2111959287531806,2.7091895921236384
cnn3_art_painting-cartoon_seed42_to_sketch_fraction50,cnn3_art_painting-cartoon_seed42_to_sketch,cnn3_art_painting-cartoon_seed42,cnn3,art_painting|cartoon,2,sketch,42,0.5,50,94151,3073,0.6636363636363637,1375,393,786,0.1984732824427481,2.8916490860567747,0.6068702290076335,0.9965494801373276,0.4083969465648854,48,0.6523636363636364,0.6208651399491094,100,4300,100,0.0001,outputs\adapted_models\cnn3_art_painting-cartoon_seed42_to_sketch_fraction50.pth,outputs\adaptation_histories\cnn3_art_painting-cartoon_seed42_to_sketch_fraction50_history.csv,outputs\adaptation_plots\cnn3_art_painting-cartoon_seed42_to_sketch_fraction50.png,0.2111959287531806,2.7091895921236384
cnn3_art_painting-cartoon_seed42_to_sketch_fraction100,cnn3_art_painting-cartoon_seed42_to_sketch,cnn3_art_painting-cartoon_seed42,cnn3,art_painting|cartoon,2,sketch,42,1.0,100,94151,3073,0.6636363636363637,2750,393,786,0.1984732824427481,2.8916490860567747,0.678117048346056,0.8240660395634387,0.4796437659033079,92,0.7527272727272727,0.6895674300254453,100,8600,100,0.0001,outputs\adapted_models\cnn3_art_painting-cartoon_seed42_to_sketch_fraction100.pth,outputs\adaptation_histories\cnn3_art_painting-cartoon_seed42_to_sketch_fraction100_history.csv,outputs\adaptation_plots\cnn3_art_painting-cartoon_seed42_to_sketch_fraction100.png,0.2111959287531806,2.7091895921236384
cnn3_art_painting-cartoon_seed387_to_photo_fraction5,cnn3_art_painting-cartoon_seed387_to_photo,cnn3_art_painting-cartoon_seed387,cnn3,art_painting|cartoon,2,photo,387,0.05,5,94151,3073,0.65,58,167,334,0.4700598802395209,2.073775148677255,0.5868263473053892,1.3358006877099682,0.1167664670658682,59,0.7586206896551724,0.5808383233532934,100,200,100,0.0001,outputs\adapted_models\cnn3_art_painting-cartoon_seed387_to_photo_fraction5.pth,outputs\adaptation_histories\cnn3_art_painting-cartoon_seed387_to_photo_fraction5_history.csv,outputs\adaptation_plots\cnn3_art_painting-cartoon_seed387_to_photo_fraction5.png,0.4730538922155688,2.1845231198979
cnn3_art_painting-cartoon_seed387_to_photo_fraction10,cnn3_art_painting-cartoon_seed387_to_photo,cnn3_art_painting-cartoon_seed387,cnn3,art_painting|cartoon,2,photo,387,0.1,10,94151,3073,0.65,117,167,334,0.4700598802395209,2.073775148677255,0.5778443113772455,1.2999766001444375,0.1077844311377245,24,0.6752136752136753,0.5688622754491018,100,400,100,0.0001,outputs\adapted_models\cnn3_art_painting-cartoon_seed387_to_photo_fraction10.pth,outputs\adaptation_histories\cnn3_art_painting-cartoon_seed387_to_photo_fraction10_history.csv,outputs\adaptation_plots\cnn3_art_painting-cartoon_seed387_to_photo_fraction10.png,0.4730538922155688,2.1845231198979
cnn3_art_painting-cartoon_seed387_to_photo_fraction25,cnn3_art_painting-cartoon_seed387_to_photo,cnn3_art_painting-cartoon_seed387,cnn3,art_painting|cartoon,2,photo,387,0.25,25,94151,3073,0.65,292,167,334,0.4700598802395209,2.073775148677255,0.6586826347305389,1.0665985895488077,0.1886227544910179,65,0.791095890410959,0.6526946107784432,100,1000,100,0.0001,outputs\adapted_models\cnn3_art_painting-cartoon_seed387_to_photo_fraction25.pth,outputs\adaptation_histories\cnn3_art_painting-cartoon_seed387_to_photo_fraction25_history.csv,outputs\adaptation_plots\cnn3_art_painting-cartoon_seed387_to_photo_fraction25.png,0.4730538922155688,2.1845231198979
cnn3_art_painting-cartoon_seed387_to_photo_fraction50,cnn3_art_painting-cartoon_seed387_to_photo,cnn3_art_painting-cartoon_seed387,cnn3,art_painting|cartoon,2,photo,387,0.5,50,94151,3073,0.65,585,167,334,0.4700598802395209,2.073775148677255,0.7005988023952096,0.9224761032058808,0.2305389221556886,78,0.8290598290598291,0.6646706586826348,100,1900,100,0.0001,outputs\adapted_models\cnn3_art_painting-cartoon_seed387_to_photo_fraction50.pth,outputs\adaptation_histories\cnn3_art_painting-cartoon_seed387_to_photo_fraction50_history.csv,outputs\adaptation_plots\cnn3_art_painting-cartoon_seed387_to_photo_fraction50.png,0.4730538922155688,2.1845231198979
cnn3_art_painting-cartoon_seed387_to_photo_fraction100,cnn3_art_painting-cartoon_seed387_to_photo,cnn3_art_painting-cartoon_seed387,cnn3,art_painting|cartoon,2,photo,387,1.0,100,94151,3073,0.65,1169,167,334,0.4700598802395209,2.073775148677255,0.7245508982035929,0.8171016641719613,0.2544910179640719,65,0.8229255774165953,0.7065868263473054,100,3700,100,0.0001,outputs\adapted_models\cnn3_art_painting-cartoon_seed387_to_photo_fraction100.pth,outputs\adaptation_histories\cnn3_art_painting-cartoon_seed387_to_photo_fraction100_history.csv,outputs\adaptation_plots\cnn3_art_painting-cartoon_seed387_to_photo_fraction100.png,0.4730538922155688,2.1845231198979
cnn3_art_painting-cartoon_seed387_to_sketch_fraction5,cnn3_art_painting-cartoon_seed387_to_sketch,cnn3_art_painting-cartoon_seed387,cnn3,art_painting|cartoon,2,sketch,387,0.05,5,94151,3073,0.65,138,393,786,0.1450381679389313,3.098020791400783,0.5050890585241731,1.2032342187624243,0.3600508905852417,92,0.6086956521739131,0.549618320610687,100,500,100,0.0001,outputs\adapted_models\cnn3_art_painting-cartoon_seed387_to_sketch_fraction5.pth,outputs\adaptation_histories\cnn3_art_painting-cartoon_seed387_to_sketch_fraction5_history.csv,outputs\adaptation_plots\cnn3_art_painting-cartoon_seed387_to_sketch_fraction5.png,0.1755725190839694,2.991893304819976
cnn3_art_painting-cartoon_seed387_to_sketch_fraction10,cnn3_art_painting-cartoon_seed387_to_sketch,cnn3_art_painting-cartoon_seed387,cnn3,art_painting|cartoon,2,sketch,387,0.1,10,94151,3073,0.65,275,393,786,0.1450381679389313,3.098020791400783,0.5419847328244275,1.1157601043468213,0.3969465648854962,100,0.6072727272727273,0.5776081424936387,100,900,100,0.0001,outputs\adapted_models\cnn3_art_painting-cartoon_seed387_to_sketch_fraction10.pth,outputs\adaptation_histories\cnn3_art_painting-cartoon_seed387_to_sketch_fraction10_history.csv,outputs\adaptation_plots\cnn3_art_painting-cartoon_seed387_to_sketch_fraction10.png,0.1755725190839694,2.991893304819976
cnn3_art_painting-cartoon_seed387_to_sketch_fraction25,cnn3_art_painting-cartoon_seed387_to_sketch,cnn3_art_painting-cartoon_seed387,cnn3,art_painting|cartoon,2,sketch,387,0.25,25,94151,3073,0.65,688,393,786,0.1450381679389313,3.098020791400783,0.6055979643765903,1.0443970216746246,0.460559796437659,91,0.6482558139534884,0.6055979643765903,100,2200,100,0.0001,outputs\adapted_models\cnn3_art_painting-cartoon_seed387_to_sketch_fraction25.pth,outputs\adaptation_histories\cnn3_art_painting-cartoon_seed387_to_sketch_fraction25_history.csv,outputs\adaptation_plots\cnn3_art_painting-cartoon_seed387_to_sketch_fraction25.png,0.1755725190839694,2.991893304819976
cnn3_art_painting-cartoon_seed387_to_sketch_fraction50,cnn3_art_painting-cartoon_seed387_to_sketch,cnn3_art_painting-cartoon_seed387,cnn3,art_painting|cartoon,2,sketch,387,0.5,50,94151,3073,0.65,1375,393,786,0.1450381679389313,3.098020791400783,0.6374045801526718,0.9537855492900044,0.4923664122137404,88,0.6807272727272727,0.638676844783715,100,4300,100,0.0001,outputs\adapted_models\cnn3_art_painting-cartoon_seed387_to_sketch_fraction50.pth,outputs\adaptation_histories\cnn3_art_painting-cartoon_seed387_to_sketch_fraction50_history.csv,outputs\adaptation_plots\cnn3_art_painting-cartoon_seed387_to_sketch_fraction50.png,0.1755725190839694,2.991893304819976
cnn3_art_painting-cartoon_seed387_to_sketch_fraction100,cnn3_art_painting-cartoon_seed387_to_sketch,cnn3_art_painting-cartoon_seed387,cnn3,art_painting|cartoon,2,sketch,387,1.0,100,94151,3073,0.65,2750,393,786,0.1450381679389313,3.098020791400783,0.6666666666666666,0.8593311940744026,0.5216284987277353,89,0.7236363636363636,0.6615776081424937,100,8600,100,0.0001,outputs\adapted_models\cnn3_art_painting-cartoon_seed387_to_sketch_fraction100.pth,outputs\adaptation_histories\cnn3_art_painting-cartoon_seed387_to_sketch_fraction100_history.csv,outputs\adaptation_plots\cnn3_art_painting-cartoon_seed387_to_sketch_fraction100.png,0.1755725190839694,2.991893304819976
cnn3_art_painting-photo_seed42_to_cartoon_fraction5,cnn3_art_painting-photo_seed42_to_cartoon,cnn3_art_painting-photo_seed42,cnn3,art_painting|photo,2,cartoon,42,0.05,5,94151,2602,0.6102150537634409,82,235,469,0.2729211087420042,3.315207410214552,0.4989339019189765,1.5393010283838202,0.2260127931769722,88,0.8048780487804879,0.5574468085106383,100,300,100,0.0001,outputs\adapted_models\cnn3_art_painting-photo_seed42_to_cartoon_fraction5.pth,outputs\adaptation_histories\cnn3_art_painting-photo_seed42_to_cartoon_fraction5_history.csv,outputs\adaptation_plots\cnn3_art_painting-photo_seed42_to_cartoon_fraction5.png,0.2978723404255319,3.574679760222739
cnn3_art_painting-photo_seed42_to_cartoon_fraction10,cnn3_art_painting-photo_seed42_to_cartoon,cnn3_art_painting-photo_seed42,cnn3,art_painting|photo,2,cartoon,42,0.1,10,94151,2602,0.6102150537634409,164,235,469,0.2729211087420042,3.315207410214552,0.5522388059701493,1.3904636480660837,0.279317697228145,85,0.8109756097560976,0.5957446808510638,100,600,100,0.0001,outputs\adapted_models\cnn3_art_painting-photo_seed42_to_cartoon_fraction10.pth,outputs\adaptation_histories\cnn3_art_painting-photo_seed42_to_cartoon_fraction10_history.csv,outputs\adaptation_plots\cnn3_art_painting-photo_seed42_to_cartoon_fraction10.png,0.2978723404255319,3.574679760222739
cnn3_art_painting-photo_seed42_to_cartoon_fraction25,cnn3_art_painting-photo_seed42_to_cartoon,cnn3_art_painting-photo_seed42,cnn3,art_painting|photo,2,cartoon,42,0.25,25,94151,2602,0.6102150537634409,410,235,469,0.2729211087420042,3.315207410214552,0.6204690831556503,1.2233174574146393,0.347547974413646,96,0.8146341463414634,0.6382978723404256,100,1300,100,0.0001,outputs\adapted_models\cnn3_art_painting-photo_seed42_to_cartoon_fraction25.pth,outputs\adaptation_histories\cnn3_art_painting-photo_seed42_to_cartoon_fraction25_history.csv,outputs\adaptation_plots\cnn3_art_painting-photo_seed42_to_cartoon_fraction25.png,0.2978723404255319,3.574679760222739
cnn3_art_painting-photo_seed42_to_cartoon_fraction50,cnn3_art_painting-photo_seed42_to_cartoon,cnn3_art_painting-photo_seed42,cnn3,art_painting|photo,2,cartoon,42,0.5,50,94151,2602,0.6102150537634409,821,235,469,0.2729211087420042,3.315207410214552,0.652452025586354,1.100392331446666,0.3795309168443497,74,0.7758830694275274,0.6851063829787234,100,2600,100,0.0001,outputs\adapted_models\cnn3_art_painting-photo_seed42_to_cartoon_fraction50.pth,outputs\adaptation_histories\cnn3_art_painting-photo_seed42_to_cartoon_fraction50_history.csv,outputs\adaptation_plots\cnn3_art_painting-photo_seed42_to_cartoon_fraction50.png,0.2978723404255319,3.574679760222739
cnn3_art_painting-photo_seed42_to_cartoon_fraction100,cnn3_art_painting-photo_seed42_to_cartoon,cnn3_art_painting-photo_seed42,cnn3,art_painting|photo,2,cartoon,42,1.0,100,94151,2602,0.6102150537634409,1640,235,469,0.2729211087420042,3.315207410214552,0.6993603411513859,0.9626160196658136,0.4264392324093816,94,0.7920731707317074,0.7276595744680852,100,5200,100,0.0001,outputs\adapted_models\cnn3_art_painting-photo_seed42_to_cartoon_fraction100.pth,outputs\adaptation_histories\cnn3_art_painting-photo_seed42_to_cartoon_fraction100_history.csv,outputs\adaptation_plots\cnn3_art_painting-photo_seed42_to_cartoon_fraction100.png,0.2978723404255319,3.574679760222739
cnn3_art_painting-photo_seed42_to_sketch_fraction5,cnn3_art_painting-photo_seed42_to_sketch,cnn3_art_painting-photo_seed42,cnn3,art_painting|photo,2,sketch,42,0.05,5,94151,2602,0.6102150537634409,138,393,786,0.1577608142493638,3.894695315955553,0.4910941475826972,1.3346212547244007,0.3333333333333333,95,0.5579710144927537,0.5012722646310432,100,500,100,0.0001,outputs\adapted_models\cnn3_art_painting-photo_seed42_to_sketch_fraction5.pth,outputs\adaptation_histories\cnn3_art_painting-photo_seed42_to_sketch_fraction5_history.csv,outputs\adaptation_plots\cnn3_art_painting-photo_seed42_to_sketch_fraction5.png,0.1577608142493638,3.8279836475090825
cnn3_art_painting-photo_seed42_to_sketch_fraction10,cnn3_art_painting-photo_seed42_to_sketch,cnn3_art_painting-photo_seed42,cnn3,art_painting|photo,2,sketch,42,0.1,10,94151,2602,0.6102150537634409,275,393,786,0.1577608142493638,3.894695315955553,0.5139949109414759,1.230511456652149,0.356234096692112,89,0.6036363636363636,0.5343511450381679,100,900,100,0.0001,outputs\adapted_models\cnn3_art_painting-photo_seed42_to_sketch_fraction10.pth,outputs\adaptation_histories\cnn3_art_painting-photo_seed42_to_sketch_fraction10_history.csv,outputs\adaptation_plots\cnn3_art_painting-photo_seed42_to_sketch_fraction10.png,0.1577608142493638,3.8279836475090825
cnn3_art_painting-photo_seed42_to_sketch_fraction25,cnn3_art_painting-photo_seed42_to_sketch,cnn3_art_painting-photo_seed42,cnn3,art_painting|photo,2,sketch,42,0.25,25,94151,2602,0.6102150537634409,688,393,786,0.1577608142493638,3.894695315955553,0.5597964376590331,1.1129003384034446,0.4020356234096692,99,0.6337209302325582,0.544529262086514,100,2200,100,0.0001,outputs\adapted_models\cnn3_art_painting-photo_seed42_to_sketch_fraction25.pth,outputs\adaptation_histories\cnn3_art_painting-photo_seed42_to_sketch_fraction25_history.csv,outputs\adaptation_plots\cnn3_art_painting-photo_seed42_to_sketch_fraction25.png,0.1577608142493638,3.8279836475090825
cnn3_art_painting-photo_seed42_to_sketch_fraction50,cnn3_art_painting-photo_seed42_to_sketch,cnn3_art_painting-photo_seed42,cnn3,art_painting|photo,2,sketch,42,0.5,50,94151,2602,0.6102150537634409,1375,393,786,0.1577608142493638,3.894695315955553,0.5903307888040712,1.0293066495550802,0.4325699745547073,80,0.6567272727272727,0.6055979643765903,100,4300,100,0.0001,outputs\adapted_models\cnn3_art_painting-photo_seed42_to_sketch_fraction50.pth,outputs\adaptation_histories\cnn3_art_painting-photo_seed42_to_sketch_fraction50_history.csv,outputs\adaptation_plots\cnn3_art_painting-photo_seed42_to_sketch_fraction50.png,0.1577608142493638,3.8279836475090825
cnn3_art_painting-photo_seed42_to_sketch_fraction100,cnn3_art_painting-photo_seed42_to_sketch,cnn3_art_painting-photo_seed42,cnn3,art_painting|photo,2,sketch,42,1.0,100,94151,2602,0.6102150537634409,2750,393,786,0.1577608142493638,3.894695315955553,0.6628498727735369,0.871006016816195,0.5050890585241731,97,0.7094545454545454,0.6513994910941476,100,8600,100,0.0001,outputs\adapted_models\cnn3_art_painting-photo_seed42_to_sketch_fraction100.pth,outputs\adaptation_histories\cnn3_art_painting-photo_seed42_to_sketch_fraction100_history.csv,outputs\adaptation_plots\cnn3_art_painting-photo_seed42_to_sketch_fraction100.png,0.1577608142493638,3.8279836475090825
cnn3_art_painting-photo_seed387_to_cartoon_fraction5,cnn3_art_painting-photo_seed387_to_cartoon,cnn3_art_painting-photo_seed387,cnn3,art_painting|photo,2,cartoon,387,0.05,5,94151,2602,0.6290322580645161,82,235,469,0.326226012793177,2.7167852275661315,0.5415778251599147,1.5178637840092055,0.2153518123667377,95,0.8048780487804879,0.5914893617021276,100,300,100,0.0001,outputs\adapted_models\cnn3_art_painting-photo_seed387_to_cartoon_fraction5.pth,outputs\adaptation_histories\cnn3_art_painting-photo_seed387_to_cartoon_fraction5_history.csv,outputs\adaptation_plots\cnn3_art_painting-photo_seed387_to_cartoon_fraction5.png,0.2851063829787234,2.972310881919049
cnn3_art_painting-photo_seed387_to_cartoon_fraction10,cnn3_art_painting-photo_seed387_to_cartoon,cnn3_art_painting-photo_seed387,cnn3,art_painting|photo,2,cartoon,387,0.1,10,94151,2602,0.6290322580645161,164,235,469,0.326226012793177,2.7167852275661315,0.5756929637526652,1.3711124208690262,0.2494669509594882,98,0.7865853658536586,0.5914893617021276,100,600,100,0.0001,outputs\adapted_models\cnn3_art_painting-photo_seed387_to_cartoon_fraction10.pth,outputs\adaptation_histories\cnn3_art_painting-photo_seed387_to_cartoon_fraction10_history.csv,outputs\adaptation_plots\cnn3_art_painting-photo_seed387_to_cartoon_fraction10.png,0.2851063829787234,2.972310881919049
cnn3_art_painting-photo_seed387_to_cartoon_fraction25,cnn3_art_painting-photo_seed387_to_cartoon,cnn3_art_painting-photo_seed387,cnn3,art_painting|photo,2,cartoon,387,0.25,25,94151,2602,0.6290322580645161,410,235,469,0.326226012793177,2.7167852275661315,0.6460554371002132,1.2264537892616123,0.3198294243070362,95,0.7951219512195122,0.6680851063829787,100,1300,100,0.0001,outputs\adapted_models\cnn3_art_painting-photo_seed387_to_cartoon_fraction25.pth,outputs\adaptation_histories\cnn3_art_painting-photo_seed387_to_cartoon_fraction25_history.csv,outputs\adaptation_plots\cnn3_art_painting-photo_seed387_to_cartoon_fraction25.png,0.2851063829787234,2.972310881919049
cnn3_art_painting-photo_seed387_to_cartoon_fraction50,cnn3_art_painting-photo_seed387_to_cartoon,cnn3_art_painting-photo_seed387,cnn3,art_painting|photo,2,cartoon,387,0.5,50,94151,2602,0.6290322580645161,821,235,469,0.326226012793177,2.7167852275661315,0.67590618336887,1.0672785020840447,0.349680170575693,84,0.7685749086479903,0.7021276595744681,100,2600,100,0.0001,outputs\adapted_models\cnn3_art_painting-photo_seed387_to_cartoon_fraction50.pth,outputs\adaptation_histories\cnn3_art_painting-photo_seed387_to_cartoon_fraction50_history.csv,outputs\adaptation_plots\cnn3_art_painting-photo_seed387_to_cartoon_fraction50.png,0.2851063829787234,2.972310881919049
cnn3_art_painting-photo_seed387_to_cartoon_fraction100,cnn3_art_painting-photo_seed387_to_cartoon,cnn3_art_painting-photo_seed387,cnn3,art_painting|photo,2,cartoon,387,1.0,100,94151,2602,0.6290322580645161,1640,235,469,0.326226012793177,2.7167852275661315,0.6780383795309168,1.0031928528092309,0.3518123667377398,53,0.749390243902439,0.7191489361702128,100,5200,100,0.0001,outputs\adapted_models\cnn3_art_painting-photo_seed387_to_cartoon_fraction100.pth,outputs\adaptation_histories\cnn3_art_painting-photo_seed387_to_cartoon_fraction100_history.csv,outputs\adaptation_plots\cnn3_art_painting-photo_seed387_to_cartoon_fraction100.png,0.2851063829787234,2.972310881919049
cnn3_art_painting-photo_seed387_to_sketch_fraction5,cnn3_art_painting-photo_seed387_to_sketch,cnn3_art_painting-photo_seed387,cnn3,art_painting|photo,2,sketch,387,0.05,5,94151,2602,0.6290322580645161,138,393,786,0.2073791348600508,2.7650727667578,0.5050890585241731,1.256040757545685,0.2977099236641222,93,0.6159420289855072,0.544529262086514,100,500,100,0.0001,outputs\adapted_models\cnn3_art_painting-photo_seed387_to_sketch_fraction5.pth,outputs\adaptation_histories\cnn3_art_painting-photo_seed387_to_sketch_fraction5_history.csv,outputs\adaptation_plots\cnn3_art_painting-photo_seed387_to_sketch_fraction5.png,0.2264631043256997,2.756218995150112
cnn3_art_painting-photo_seed387_to_sketch_fraction10,cnn3_art_painting-photo_seed387_to_sketch,cnn3_art_painting-photo_seed387,cnn3,art_painting|photo,2,sketch,387,0.1,10,94151,2602,0.6290322580645161,275,393,786,0.2073791348600508,2.7650727667578,0.5432569974554707,1.1740728431682248,0.3358778625954198,72,0.6254545454545455,0.5623409669211196,100,900,100,0.0001,outputs\adapted_models\cnn3_art_painting-photo_seed387_to_sketch_fraction10.pth,outputs\adaptation_histories\cnn3_art_painting-photo_seed387_to_sketch_fraction10_history.csv,outputs\adaptation_plots\cnn3_art_painting-photo_seed387_to_sketch_fraction10.png,0.2264631043256997,2.756218995150112
cnn3_art_painting-photo_seed387_to_sketch_fraction25,cnn3_art_painting-photo_seed387_to_sketch,cnn3_art_painting-photo_seed387,cnn3,art_painting|photo,2,sketch,387,0.25,25,94151,2602,0.6290322580645161,688,393,786,0.2073791348600508,2.7650727667578,0.5623409669211196,1.0990523224265218,0.3549618320610687,91,0.6598837209302325,0.5648854961832062,100,2200,100,0.0001,outputs\adapted_models\cnn3_art_painting-photo_seed387_to_sketch_fraction25.pth,outputs\adaptation_histories\cnn3_art_painting-photo_seed387_to_sketch_fraction25_history.csv,outputs\adaptation_plots\cnn3_art_painting-photo_seed387_to_sketch_fraction25.png,0.2264631043256997,2.756218995150112
cnn3_art_painting-photo_seed387_to_sketch_fraction50,cnn3_art_painting-photo_seed387_to_sketch,cnn3_art_painting-photo_seed387,cnn3,art_painting|photo,2,sketch,387,0.5,50,94151,2602,0.6290322580645161,1375,393,786,0.2073791348600508,2.7650727667578,0.5992366412213741,0.9809238419277976,0.3918575063613232,99,0.6938181818181818,0.6081424936386769,100,4300,100,0.0001,outputs\adapted_models\cnn3_art_painting-photo_seed387_to_sketch_fraction50.pth,outputs\adaptation_histories\cnn3_art_painting-photo_seed387_to_sketch_fraction50_history.csv,outputs\adaptation_plots\cnn3_art_painting-photo_seed387_to_sketch_fraction50.png,0.2264631043256997,2.756218995150112
cnn3_art_painting-photo_seed387_to_sketch_fraction100,cnn3_art_painting-photo_seed387_to_sketch,cnn3_art_painting-photo_seed387,cnn3,art_painting|photo,2,sketch,387,1.0,100,94151,2602,0.6290322580645161,2750,393,786,0.2073791348600508,2.7650727667578,0.6437659033078881,0.8889690840820623,0.4363867684478372,79,0.7170909090909091,0.6539440203562341,100,8600,100,0.0001,outputs\adapted_models\cnn3_art_painting-photo_seed387_to_sketch_fraction100.pth,outputs\adaptation_histories\cnn3_art_painting-photo_seed387_to_sketch_fraction100_history.csv,outputs\adaptation_plots\cnn3_art_painting-photo_seed387_to_sketch_fraction100.png,0.2264631043256997,2.756218995150112
cnn3_art_painting-sketch_seed42_to_cartoon_fraction5,cnn3_art_painting-sketch_seed42_to_cartoon,cnn3_art_painting-sketch_seed42,cnn3,art_painting|sketch,2,cartoon,42,0.05,5,94151,4183,0.6872909698996655,82,235,469,0.4754797441364605,2.042445558983126,0.5437100213219617,1.5931087892446945,0.0682302771855011,86,0.7682926829268293,0.5531914893617021,100,300,100,0.0001,outputs\adapted_models\cnn3_art_painting-sketch_seed42_to_cartoon_fraction5.pth,outputs\adaptation_histories\cnn3_art_painting-sketch_seed42_to_cartoon_fraction5_history.csv,outputs\adaptation_plots\cnn3_art_painting-sketch_seed42_to_cartoon_fraction5.png,0.4042553191489361,2.5557593609424347
cnn3_art_painting-sketch_seed42_to_cartoon_fraction10,cnn3_art_painting-sketch_seed42_to_cartoon,cnn3_art_painting-sketch_seed42,cnn3,art_painting|sketch,2,cartoon,42,0.1,10,94151,4183,0.6872909698996655,164,235,469,0.4754797441364605,2.042445558983126,0.5991471215351812,1.379746406571443,0.1236673773987206,81,0.7621951219512195,0.6127659574468085,100,600,100,0.0001,outputs\adapted_models\cnn3_art_painting-sketch_seed42_to_cartoon_fraction10.pth,outputs\adaptation_histories\cnn3_art_painting-sketch_seed42_to_cartoon_fraction10_history.csv,outputs\adaptation_plots\cnn3_art_painting-sketch_seed42_to_cartoon_fraction10.png,0.4042553191489361,2.5557593609424347
cnn3_art_painting-sketch_seed42_to_cartoon_fraction25,cnn3_art_painting-sketch_seed42_to_cartoon,cnn3_art_painting-sketch_seed42,cnn3,art_painting|sketch,2,cartoon,42,0.25,25,94151,4183,0.6872909698996655,410,235,469,0.4754797441364605,2.042445558983126,0.6375266524520256,1.2661533193039234,0.162046908315565,90,0.7829268292682927,0.6297872340425532,100,1300,100,0.0001,outputs\adapted_models\cnn3_art_painting-sketch_seed42_to_cartoon_fraction25.pth,outputs\adaptation_histories\cnn3_art_painting-sketch_seed42_to_cartoon_fraction25_history.csv,outputs\adaptation_plots\cnn3_art_painting-sketch_seed42_to_cartoon_fraction25.png,0.4042553191489361,2.5557593609424347
cnn3_art_painting-sketch_seed42_to_cartoon_fraction50,cnn3_art_painting-sketch_seed42_to_cartoon,cnn3_art_painting-sketch_seed42,cnn3,art_painting|sketch,2,cartoon,42,0.5,50,94151,4183,0.6872909698996655,821,235,469,0.4754797441364605,2.042445558983126,0.6886993603411514,1.1038197230682698,0.2132196162046908,94,0.8063337393422655,0.6510638297872341,100,2600,100,0.0001,outputs\adapted_models\cnn3_art_painting-sketch_seed42_to_cartoon_fraction50.pth,outputs\adaptation_histories\cnn3_art_painting-sketch_seed42_to_cartoon_fraction50_history.csv,outputs\adaptation_plots\cnn3_art_painting-sketch_seed42_to_cartoon_fraction50.png,0.4042553191489361,2.5557593609424347
cnn3_art_painting-sketch_seed42_to_cartoon_fraction100,cnn3_art_painting-sketch_seed42_to_cartoon,cnn3_art_painting-sketch_seed42,cnn3,art_painting|sketch,2,cartoon,42,1.0,100,94151,4183,0.6872909698996655,1640,235,469,0.4754797441364605,2.042445558983126,0.7100213219616205,0.9062186934546368,0.2345415778251599,100,0.8152439024390243,0.7319148936170212,100,5200,100,0.0001,outputs\adapted_models\cnn3_art_painting-sketch_seed42_to_cartoon_fraction100.pth,outputs\adaptation_histories\cnn3_art_painting-sketch_seed42_to_cartoon_fraction100_history.csv,outputs\adaptation_plots\cnn3_art_painting-sketch_seed42_to_cartoon_fraction100.png,0.4042553191489361,2.5557593609424347
cnn3_art_painting-sketch_seed42_to_photo_fraction5,cnn3_art_painting-sketch_seed42_to_photo,cnn3_art_painting-sketch_seed42,cnn3,art_painting|sketch,2,photo,42,0.05,5,94151,4183,0.6872909698996655,58,167,334,0.5179640718562875,2.0796468186521246,0.5508982035928144,1.4853435904679897,0.0329341317365269,21,0.603448275862069,0.5988023952095808,100,200,100,0.0001,outputs\adapted_models\cnn3_art_painting-sketch_seed42_to_photo_fraction5.pth,outputs\adaptation_histories\cnn3_art_painting-sketch_seed42_to_photo_fraction5_history.csv,outputs\adaptation_plots\cnn3_art_painting-sketch_seed42_to_photo_fraction5.png,0.5089820359281437,2.153792227099756
cnn3_art_painting-sketch_seed42_to_photo_fraction10,cnn3_art_painting-sketch_seed42_to_photo,cnn3_art_painting-sketch_seed42,cnn3,art_painting|sketch,2,photo,42,0.1,10,94151,4183,0.6872909698996655,117,167,334,0.5179640718562875,2.0796468186521246,0.5898203592814372,1.3473740537723382,0.0718562874251497,28,0.7094017094017094,0.6287425149700598,100,400,100,0.0001,outputs\adapted_models\cnn3_art_painting-sketch_seed42_to_photo_fraction10.pth,outputs\adaptation_histories\cnn3_art_painting-sketch_seed42_to_photo_fraction10_history.csv,outputs\adaptation_plots\cnn3_art_painting-sketch_seed42_to_photo_fraction10.png,0.5089820359281437,2.153792227099756
cnn3_art_painting-sketch_seed42_to_photo_fraction25,cnn3_art_painting-sketch_seed42_to_photo,cnn3_art_painting-sketch_seed42,cnn3,art_painting|sketch,2,photo,42,0.25,25,94151,4183,0.6872909698996655,292,167,334,0.5179640718562875,2.0796468186521246,0.625748502994012,1.196468764436459,0.1077844311377245,33,0.7054794520547946,0.6586826347305389,100,1000,100,0.0001,outputs\adapted_models\cnn3_art_painting-sketch_seed42_to_photo_fraction25.pth,outputs\adaptation_histories\cnn3_art_painting-sketch_seed42_to_photo_fraction25_history.csv,outputs\adaptation_plots\cnn3_art_painting-sketch_seed42_to_photo_fraction25.png,0.5089820359281437,2.153792227099756
cnn3_art_painting-sketch_seed42_to_photo_fraction50,cnn3_art_painting-sketch_seed42_to_photo,cnn3_art_painting-sketch_seed42,cnn3,art_painting|sketch,2,photo,42,0.5,50,94151,4183,0.6872909698996655,585,167,334,0.5179640718562875,2.0796468186521246,0.6676646706586826,0.9892845839083552,0.1497005988023951,57,0.7743589743589744,0.6646706586826348,100,1900,100,0.0001,outputs\adapted_models\cnn3_art_painting-sketch_seed42_to_photo_fraction50.pth,outputs\adaptation_histories\cnn3_art_painting-sketch_seed42_to_photo_fraction50_history.csv,outputs\adaptation_plots\cnn3_art_painting-sketch_seed42_to_photo_fraction50.png,0.5089820359281437,2.153792227099756
cnn3_art_painting-sketch_seed42_to_photo_fraction100,cnn3_art_painting-sketch_seed42_to_photo,cnn3_art_painting-sketch_seed42,cnn3,art_painting|sketch,2,photo,42,1.0,100,94151,4183,0.6872909698996655,1169,167,334,0.5179640718562875,2.0796468186521246,0.7395209580838323,0.8395882024022634,0.2215568862275448,99,0.8391787852865698,0.7065868263473054,100,3700,100,0.0001,outputs\adapted_models\cnn3_art_painting-sketch_seed42_to_photo_fraction100.pth,outputs\adaptation_histories\cnn3_art_painting-sketch_seed42_to_photo_fraction100_history.csv,outputs\adaptation_plots\cnn3_art_painting-sketch_seed42_to_photo_fraction100.png,0.5089820359281437,2.153792227099756
cnn3_art_painting-sketch_seed387_to_cartoon_fraction5,cnn3_art_painting-sketch_seed387_to_cartoon,cnn3_art_painting-sketch_seed387,cnn3,art_painting|sketch,2,cartoon,387,0.05,5,94151,4183,0.6488294314381271,82,235,469,0.4115138592750533,2.327633530346316,0.5373134328358209,1.6754208790468,0.1257995735607676,84,0.7439024390243902,0.5872340425531914,100,300,100,0.0001,outputs\adapted_models\cnn3_art_painting-sketch_seed387_to_cartoon_fraction5.pth,outputs\adaptation_histories\cnn3_art_painting-sketch_seed387_to_cartoon_fraction5_history.csv,outputs\adaptation_plots\cnn3_art_painting-sketch_seed387_to_cartoon_fraction5.png,0.3446808510638298,2.8594424552105844
cnn3_art_painting-sketch_seed387_to_cartoon_fraction10,cnn3_art_painting-sketch_seed387_to_cartoon,cnn3_art_painting-sketch_seed387,cnn3,art_painting|sketch,2,cartoon,387,0.1,10,94151,4183,0.6488294314381271,164,235,469,0.4115138592750533,2.327633530346316,0.5714285714285714,1.501931782216151,0.1599147121535181,55,0.6524390243902439,0.6127659574468085,100,600,100,0.0001,outputs\adapted_models\cnn3_art_painting-sketch_seed387_to_cartoon_fraction10.pth,outputs\adaptation_histories\cnn3_art_painting-sketch_seed387_to_cartoon_fraction10_history.csv,outputs\adaptation_plots\cnn3_art_painting-sketch_seed387_to_cartoon_fraction10.png,0.3446808510638298,2.8594424552105844
cnn3_art_painting-sketch_seed387_to_cartoon_fraction25,cnn3_art_painting-sketch_seed387_to_cartoon,cnn3_art_painting-sketch_seed387,cnn3,art_painting|sketch,2,cartoon,387,0.25,25,94151,4183,0.6488294314381271,410,235,469,0.4115138592750533,2.327633530346316,0.6332622601279317,1.2396227301819238,0.2217484008528784,96,0.7682926829268293,0.6468085106382979,100,1300,100,0.0001,outputs\adapted_models\cnn3_art_painting-sketch_seed387_to_cartoon_fraction25.pth,outputs\adaptation_histories\cnn3_art_painting-sketch_seed387_to_cartoon_fraction25_history.csv,outputs\adaptation_plots\cnn3_art_painting-sketch_seed387_to_cartoon_fraction25.png,0.3446808510638298,2.8594424552105844
cnn3_art_painting-sketch_seed387_to_cartoon_fraction50,cnn3_art_painting-sketch_seed387_to_cartoon,cnn3_art_painting-sketch_seed387,cnn3,art_painting|sketch,2,cartoon,387,0.5,50,94151,4183,0.6488294314381271,821,235,469,0.4115138592750533,2.327633530346316,0.6844349680170576,1.0612861637367623,0.2729211087420043,82,0.7795371498172959,0.7063829787234043,100,2600,100,0.0001,outputs\adapted_models\cnn3_art_painting-sketch_seed387_to_cartoon_fraction50.pth,outputs\adaptation_histories\cnn3_art_painting-sketch_seed387_to_cartoon_fraction50_history.csv,outputs\adaptation_plots\cnn3_art_painting-sketch_seed387_to_cartoon_fraction50.png,0.3446808510638298,2.8594424552105844
cnn3_art_painting-sketch_seed387_to_cartoon_fraction100,cnn3_art_painting-sketch_seed387_to_cartoon,cnn3_art_painting-sketch_seed387,cnn3,art_painting|sketch,2,cartoon,387,1.0,100,94151,4183,0.6488294314381271,1640,235,469,0.4115138592750533,2.327633530346316,0.7121535181236673,0.9327254813871404,0.300639658848614,85,0.7926829268292683,0.7404255319148936,100,5200,100,0.0001,outputs\adapted_models\cnn3_art_painting-sketch_seed387_to_cartoon_fraction100.pth,outputs\adaptation_histories\cnn3_art_painting-sketch_seed387_to_cartoon_fraction100_history.csv,outputs\adaptation_plots\cnn3_art_painting-sketch_seed387_to_cartoon_fraction100.png,0.3446808510638298,2.8594424552105844
cnn3_art_painting-sketch_seed387_to_photo_fraction5,cnn3_art_painting-sketch_seed387_to_photo,cnn3_art_painting-sketch_seed387,cnn3,art_painting|sketch,2,photo,387,0.05,5,94151,4183,0.6488294314381271,58,167,334,0.467065868263473,2.247558559486252,0.5149700598802395,1.5727139347327683,0.0479041916167664,29,0.6724137931034483,0.5568862275449101,100,200,100,0.0001,outputs\adapted_models\cnn3_art_painting-sketch_seed387_to_photo_fraction5.pth,outputs\adaptation_histories\cnn3_art_painting-sketch_seed387_to_photo_fraction5_history.csv,outputs\adaptation_plots\cnn3_art_painting-sketch_seed387_to_photo_fraction5.png,0.4790419161676646,2.2363647586571243
cnn3_art_painting-sketch_seed387_to_photo_fraction10,cnn3_art_painting-sketch_seed387_to_photo,cnn3_art_painting-sketch_seed387,cnn3,art_painting|sketch,2,photo,387,0.1,10,94151,4183,0.6488294314381271,117,167,334,0.467065868263473,2.247558559486252,0.5449101796407185,1.4678509620849245,0.0778443113772454,20,0.5982905982905983,0.5748502994011976,100,400,100,0.0001,outputs\adapted_models\cnn3_art_painting-sketch_seed387_to_photo_fraction10.pth,outputs\adaptation_histories\cnn3_art_painting-sketch_seed387_to_photo_fraction10_history.csv,outputs\adaptation_plots\cnn3_art_painting-sketch_seed387_to_photo_fraction10.png,0.4790419161676646,2.2363647586571243
cnn3_art_painting-sketch_seed387_to_photo_fraction25,cnn3_art_painting-sketch_seed387_to_photo,cnn3_art_painting-sketch_seed387,cnn3,art_painting|sketch,2,photo,387,0.25,25,94151,4183,0.6488294314381271,292,167,334,0.467065868263473,2.247558559486252,0.6317365269461078,1.141998185369069,0.1646706586826347,94,0.8184931506849316,0.6526946107784432,100,1000,100,0.0001,outputs\adapted_models\cnn3_art_painting-sketch_seed387_to_photo_fraction25.pth,outputs\adaptation_histories\cnn3_art_painting-sketch_seed387_to_photo_fraction25_history.csv,outputs\adaptation_plots\cnn3_art_painting-sketch_seed387_to_photo_fraction25.png,0.4790419161676646,2.2363647586571243
cnn3_art_painting-sketch_seed387_to_photo_fraction50,cnn3_art_painting-sketch_seed387_to_photo,cnn3_art_painting-sketch_seed387,cnn3,art_painting|sketch,2,photo,387,0.5,50,94151,4183,0.6488294314381271,585,167,334,0.467065868263473,2.247558559486252,0.6766467065868264,0.9839088816842632,0.2095808383233532,100,0.8376068376068376,0.6946107784431138,100,1900,100,0.0001,outputs\adapted_models\cnn3_art_painting-sketch_seed387_to_photo_fraction50.pth,outputs\adaptation_histories\cnn3_art_painting-sketch_seed387_to_photo_fraction50_history.csv,outputs\adaptation_plots\cnn3_art_painting-sketch_seed387_to_photo_fraction50.png,0.4790419161676646,2.2363647586571243
cnn3_art_painting-sketch_seed387_to_photo_fraction100,cnn3_art_painting-sketch_seed387_to_photo,cnn3_art_painting-sketch_seed387,cnn3,art_painting|sketch,2,photo,387,1.0,100,94151,4183,0.6488294314381271,1169,167,334,0.467065868263473,2.247558559486252,0.7305389221556886,0.8682078087401247,0.2634730538922155,99,0.8434559452523525,0.7485029940119761,100,3700,100,0.0001,outputs\adapted_models\cnn3_art_painting-sketch_seed387_to_photo_fraction100.pth,outputs\adaptation_histories\cnn3_art_painting-sketch_seed387_to_photo_fraction100_history.csv,outputs\adaptation_plots\cnn3_art_painting-sketch_seed387_to_photo_fraction100.png,0.4790419161676646,2.2363647586571243
cnn3_cartoon-photo_seed42_to_art_painting_fraction5,cnn3_cartoon-photo_seed42_to_art_painting,cnn3_cartoon-photo_seed42,cnn3,cartoon|photo,2,art_painting,42,0.05,5,94151,2809,0.7238805970149254,71,205,410,0.2853658536585365,3.293849535686214,0.3707317073170731,2.1531644495522104,0.0853658536585366,81,0.704225352112676,0.3560975609756097,100,300,100,0.0001,outputs\adapted_models\cnn3_cartoon-photo_seed42_to_art_painting_fraction5.pth,outputs\adaptation_histories\cnn3_cartoon-photo_seed42_to_art_painting_fraction5_history.csv,outputs\adaptation_plots\cnn3_cartoon-photo_seed42_to_art_painting_fraction5.png,0.2878048780487804,3.3543804633908154
cnn3_cartoon-photo_seed42_to_art_painting_fraction10,cnn3_cartoon-photo_seed42_to_art_painting,cnn3_cartoon-photo_seed42,cnn3,cartoon|photo,2,art_painting,42,0.1,10,94151,2809,0.7238805970149254,143,205,410,0.2853658536585365,3.293849535686214,0.4365853658536585,1.941090690798876,0.1512195121951219,96,0.6783216783216783,0.4,100,500,100,0.0001,outputs\adapted_models\cnn3_cartoon-photo_seed42_to_art_painting_fraction10.pth,outputs\adaptation_histories\cnn3_cartoon-photo_seed42_to_art_painting_fraction10_history.csv,outputs\adaptation_plots\cnn3_cartoon-photo_seed42_to_art_painting_fraction10.png,0.2878048780487804,3.3543804633908154
cnn3_cartoon-photo_seed42_to_art_painting_fraction25,cnn3_cartoon-photo_seed42_to_art_painting,cnn3_cartoon-photo_seed42,cnn3,cartoon|photo,2,art_painting,42,0.25,25,94151,2809,0.7238805970149254,358,205,410,0.2853658536585365,3.293849535686214,0.4585365853658537,1.726751932283727,0.1731707317073171,65,0.5810055865921788,0.4682926829268293,100,1200,100,0.0001,outputs\adapted_models\cnn3_cartoon-photo_seed42_to_art_painting_fraction25.pth,outputs\adaptation_histories\cnn3_cartoon-photo_seed42_to_art_painting_fraction25_history.csv,outputs\adaptation_plots\cnn3_cartoon-photo_seed42_to_art_painting_fraction25.png,0.2878048780487804,3.3543804633908154
cnn3_cartoon-photo_seed42_to_art_painting_fraction50,cnn3_cartoon-photo_seed42_to_art_painting,cnn3_cartoon-photo_seed42,cnn3,cartoon|photo,2,art_painting,42,0.5,50,94151,2809,0.7238805970149254,716,205,410,0.2853658536585365,3.293849535686214,0.4634146341463415,1.578422676644674,0.1780487804878049,99,0.5977653631284916,0.4829268292682926,100,2300,100,0.0001,outputs\adapted_models\cnn3_cartoon-photo_seed42_to_art_painting_fraction50.pth,outputs\adaptation_histories\cnn3_cartoon-photo_seed42_to_art_painting_fraction50_history.csv,outputs\adaptation_plots\cnn3_cartoon-photo_seed42_to_art_painting_fraction50.png,0.2878048780487804,3.3543804633908154
cnn3_cartoon-photo_seed42_to_art_painting_fraction100,cnn3_cartoon-photo_seed42_to_art_painting,cnn3_cartoon-photo_seed42,cnn3,cartoon|photo,2,art_painting,42,1.0,100,94151,2809,0.7238805970149254,1433,205,410,0.2853658536585365,3.293849535686214,0.4951219512195122,1.4808639061160205,0.2097560975609756,99,0.6168876482903001,0.5073170731707317,100,4500,100,0.0001,outputs\adapted_models\cnn3_cartoon-photo_seed42_to_art_painting_fraction100.pth,outputs\adaptation_histories\cnn3_cartoon-photo_seed42_to_art_painting_fraction100_history.csv,outputs\adaptation_plots\cnn3_cartoon-photo_seed42_to_art_painting_fraction100.png,0.2878048780487804,3.3543804633908154
cnn3_cartoon-photo_seed42_to_sketch_fraction5,cnn3_cartoon-photo_seed42_to_sketch,cnn3_cartoon-photo_seed42,cnn3,cartoon|photo,2,sketch,42,0.05,5,94151,2809,0.7238805970149254,138,393,786,0.3702290076335878,1.6987304056570427,0.5330788804071247,1.160699684201306,0.1628498727735369,93,0.6884057971014492,0.5699745547073791,100,500,100,0.0001,outputs\adapted_models\cnn3_cartoon-photo_seed42_to_sketch_fraction5.pth,outputs\adaptation_histories\cnn3_cartoon-photo_seed42_to_sketch_fraction5_history.csv,outputs\adaptation_plots\cnn3_cartoon-photo_seed42_to_sketch_fraction5.png,0.3358778625954198,1.639142829953259
cnn3_cartoon-photo_seed42_to_sketch_fraction10,cnn3_cartoon-photo_seed42_to_sketch,cnn3_cartoon-photo_seed42,cnn3,cartoon|photo,2,sketch,42,0.1,10,94151,2809,0.7238805970149254,275,393,786,0.3702290076335878,1.6987304056570427,0.5534351145038168,1.1251849303112078,0.1832061068702289,60,0.6036363636363636,0.5903307888040712,100,900,100,0.0001,outputs\adapted_models\cnn3_cartoon-photo_seed42_to_sketch_fraction10.pth,outputs\adaptation_histories\cnn3_cartoon-photo_seed42_to_sketch_fraction10_history.csv,outputs\adaptation_plots\cnn3_cartoon-photo_seed42_to_sketch_fraction10.png,0.3358778625954198,1.639142829953259
cnn3_cartoon-photo_seed42_to_sketch_fraction25,cnn3_cartoon-photo_seed42_to_sketch,cnn3_cartoon-photo_seed42,cnn3,cartoon|photo,2,sketch,42,0.25,25,94151,2809,0.7238805970149254,688,393,786,0.3702290076335878,1.6987304056570427,0.5877862595419847,1.0672329327532353,0.2175572519083969,67,0.6584302325581395,0.5852417302798982,100,2200,100,0.0001,outputs\adapted_models\cnn3_cartoon-photo_seed42_to_sketch_fraction25.pth,outputs\adaptation_histories\cnn3_cartoon-photo_seed42_to_sketch_fraction25_history.csv,outputs\adaptation_plots\cnn3_cartoon-photo_seed42_to_sketch_fraction25.png,0.3358778625954198,1.639142829953259
cnn3_cartoon-photo_seed42_to_sketch_fraction50,cnn3_cartoon-photo_seed42_to_sketch,cnn3_cartoon-photo_seed42,cnn3,cartoon|photo,2,sketch,42,0.5,50,94151,2809,0.7238805970149254,1375,393,786,0.3702290076335878,1.6987304056570427,0.6208651399491094,0.9577594616334252,0.2506361323155216,95,0.688,0.5903307888040712,100,4300,100,0.0001,outputs\adapted_models\cnn3_cartoon-photo_seed42_to_sketch_fraction50.pth,outputs\adaptation_histories\cnn3_cartoon-photo_seed42_to_sketch_fraction50_history.csv,outputs\adaptation_plots\cnn3_cartoon-photo_seed42_to_sketch_fraction50.png,0.3358778625954198,1.639142829953259
cnn3_cartoon-photo_seed42_to_sketch_fraction100,cnn3_cartoon-photo_seed42_to_sketch,cnn3_cartoon-photo_seed42,cnn3,cartoon|photo,2,sketch,42,1.0,100,94151,2809,0.7238805970149254,2750,393,786,0.3702290076335878,1.6987304056570427,0.6399491094147582,0.9073857848577525,0.2697201017811704,92,0.7210909090909091,0.6106870229007634,100,8600,100,0.0001,outputs\adapted_models\cnn3_cartoon-photo_seed42_to_sketch_fraction100.pth,outputs\adaptation_histories\cnn3_cartoon-photo_seed42_to_sketch_fraction100_history.csv,outputs\adaptation_plots\cnn3_cartoon-photo_seed42_to_sketch_fraction100.png,0.3358778625954198,1.639142829953259
cnn3_cartoon-photo_seed387_to_art_painting_fraction5,cnn3_cartoon-photo_seed387_to_art_painting,cnn3_cartoon-photo_seed387,cnn3,cartoon|photo,2,art_painting,387,0.05,5,94151,2809,0.7263681592039801,71,205,410,0.2926829268292683,2.8041224409894245,0.3414634146341463,2.18510061124476,0.048780487804878,87,0.676056338028169,0.3804878048780488,100,300,100,0.0001,outputs\adapted_models\cnn3_cartoon-photo_seed387_to_art_painting_fraction5.pth,outputs\adaptation_histories\cnn3_cartoon-photo_seed387_to_art_painting_fraction5_history.csv,outputs\adaptation_plots\cnn3_cartoon-photo_seed387_to_art_painting_fraction5.png,0.2926829268292683,2.930402783649724
cnn3_cartoon-photo_seed387_to_art_painting_fraction10,cnn3_cartoon-photo_seed387_to_art_painting,cnn3_cartoon-photo_seed387,cnn3,cartoon|photo,2,art_painting,387,0.1,10,94151,2809,0.7263681592039801,143,205,410,0.2926829268292683,2.8041224409894245,0.4097560975609756,1.85571062041492,0.1170731707317073,54,0.5454545454545454,0.4146341463414634,100,500,100,0.0001,outputs\adapted_models\cnn3_cartoon-photo_seed387_to_art_painting_fraction10.pth,outputs\adaptation_histories\cnn3_cartoon-photo_seed387_to_art_painting_fraction10_history.csv,outputs\adaptation_plots\cnn3_cartoon-photo_seed387_to_art_painting_fraction10.png,0.2926829268292683,2.930402783649724
cnn3_cartoon-photo_seed387_to_art_painting_fraction25,cnn3_cartoon-photo_seed387_to_art_painting,cnn3_cartoon-photo_seed387,cnn3,cartoon|photo,2,art_painting,387,0.25,25,94151,2809,0.7263681592039801,358,205,410,0.2926829268292683,2.8041224409894245,0.4414634146341463,1.714791283956388,0.148780487804878,63,0.5726256983240223,0.4682926829268293,100,1200,100,0.0001,outputs\adapted_models\cnn3_cartoon-photo_seed387_to_art_painting_fraction25.pth,outputs\adaptation_histories\cnn3_cartoon-photo_seed387_to_art_painting_fraction25_history.csv,outputs\adaptation_plots\cnn3_cartoon-photo_seed387_to_art_painting_fraction25.png,0.2926829268292683,2.930402783649724
cnn3_cartoon-photo_seed387_to_art_painting_fraction50,cnn3_cartoon-photo_seed387_to_art_painting,cnn3_cartoon-photo_seed387,cnn3,cartoon|photo,2,art_painting,387,0.5,50,94151,2809,0.7263681592039801,716,205,410,0.2926829268292683,2.8041224409894245,0.4585365853658537,1.579519839403106,0.1658536585365854,83,0.5963687150837989,0.5073170731707317,100,2300,100,0.0001,outputs\adapted_models\cnn3_cartoon-photo_seed387_to_art_painting_fraction50.pth,outputs\adaptation_histories\cnn3_cartoon-photo_seed387_to_art_painting_fraction50_history.csv,outputs\adaptation_plots\cnn3_cartoon-photo_seed387_to_art_painting_fraction50.png,0.2926829268292683,2.930402783649724
cnn3_cartoon-photo_seed387_to_art_painting_fraction100,cnn3_cartoon-photo_seed387_to_art_painting,cnn3_cartoon-photo_seed387,cnn3,cartoon|photo,2,art_painting,387,1.0,100,94151,2809,0.7263681592039801,1433,205,410,0.2926829268292683,2.8041224409894245,0.4902439024390244,1.4993653739370951,0.1975609756097561,99,0.6001395673412422,0.551219512195122,100,4500,100,0.0001,outputs\adapted_models\cnn3_cartoon-photo_seed387_to_art_painting_fraction100.pth,outputs\adaptation_histories\cnn3_cartoon-photo_seed387_to_art_painting_fraction100_history.csv,outputs\adaptation_plots\cnn3_cartoon-photo_seed387_to_art_painting_fraction100.png,0.2926829268292683,2.930402783649724
cnn3_cartoon-photo_seed387_to_sketch_fraction5,cnn3_cartoon-photo_seed387_to_sketch,cnn3_cartoon-photo_seed387,cnn3,cartoon|photo,2,sketch,387,0.05,5,94151,2809,0.7263681592039801,138,393,786,0.2111959287531806,2.0437525246889536,0.5356234096692112,1.1877949353089463,0.3244274809160305,89,0.6304347826086957,0.5776081424936387,100,500,100,0.0001,outputs\adapted_models\cnn3_cartoon-photo_seed387_to_sketch_fraction5.pth,outputs\adaptation_histories\cnn3_cartoon-photo_seed387_to_sketch_fraction5_history.csv,outputs\adaptation_plots\cnn3_cartoon-photo_seed387_to_sketch_fraction5.png,0.2061068702290076,1.9658724636825289
cnn3_cartoon-photo_seed387_to_sketch_fraction10,cnn3_cartoon-photo_seed387_to_sketch,cnn3_cartoon-photo_seed387,cnn3,cartoon|photo,2,sketch,387,0.1,10,94151,2809,0.7263681592039801,275,393,786,0.2111959287531806,2.0437525246889536,0.5483460559796438,1.1494877575008011,0.3371501272264631,84,0.6218181818181818,0.5674300254452926,100,900,100,0.0001,outputs\adapted_models\cnn3_cartoon-photo_seed387_to_sketch_fraction10.pth,outputs\adaptation_histories\cnn3_cartoon-photo_seed387_to_sketch_fraction10_history.csv,outputs\adaptation_plots\cnn3_cartoon-photo_seed387_to_sketch_fraction10.png,0.2061068702290076,1.9658724636825289
cnn3_cartoon-photo_seed387_to_sketch_fraction25,cnn3_cartoon-photo_seed387_to_sketch,cnn3_cartoon-photo_seed387,cnn3,cartoon|photo,2,sketch,387,0.25,25,94151,2809,0.7263681592039801,688,393,786,0.2111959287531806,2.0437525246889536,0.5801526717557252,1.0839383486876355,0.3689567430025445,68,0.6293604651162791,0.5699745547073791,100,2200,100,0.0001,outputs\adapted_models\cnn3_cartoon-photo_seed387_to_sketch_fraction25.pth,outputs\adaptation_histories\cnn3_cartoon-photo_seed387_to_sketch_fraction25_history.csv,outputs\adaptation_plots\cnn3_cartoon-photo_seed387_to_sketch_fraction25.png,0.2061068702290076,1.9658724636825289
cnn3_cartoon-photo_seed387_to_sketch_fraction50,cnn3_cartoon-photo_seed387_to_sketch,cnn3_cartoon-photo_seed387,cnn3,cartoon|photo,2,sketch,387,0.5,50,94151,2809,0.7263681592039801,1375,393,786,0.2111959287531806,2.0437525246889536,0.6348600508905853,0.9613607688107868,0.4236641221374046,97,0.6836363636363636,0.6081424936386769,100,4300,100,0.0001,outputs\adapted_models\cnn3_cartoon-photo_seed387_to_sketch_fraction50.pth,outputs\adaptation_histories\cnn3_cartoon-photo_seed387_to_sketch_fraction50_history.csv,outputs\adaptation_plots\cnn3_cartoon-photo_seed387_to_sketch_fraction50.png,0.2061068702290076,1.9658724636825289
cnn3_cartoon-photo_seed387_to_sketch_fraction100,cnn3_cartoon-photo_seed387_to_sketch,cnn3_cartoon-photo_seed387,cnn3,cartoon|photo,2,sketch,387,1.0,100,94151,2809,0.7263681592039801,2750,393,786,0.2111959287531806,2.0437525246889536,0.6552162849872774,0.8888723455919261,0.4440203562340967,98,0.7203636363636363,0.6463104325699746,100,8600,100,0.0001,outputs\adapted_models\cnn3_cartoon-photo_seed387_to_sketch_fraction100.pth,outputs\adaptation_histories\cnn3_cartoon-photo_seed387_to_sketch_fraction100_history.csv,outputs\adaptation_plots\cnn3_cartoon-photo_seed387_to_sketch_fraction100.png,0.2061068702290076,1.9658724636825289
cnn3_cartoon-sketch_seed42_to_art_painting_fraction5,cnn3_cartoon-sketch_seed42_to_art_painting,cnn3_cartoon-sketch_seed42,cnn3,cartoon|sketch,2,art_painting,42,0.05,5,94151,4390,0.732484076433121,71,205,410,0.2585365853658536,4.18575212432117,0.3268292682926829,2.624424725044064,0.0682926829268292,26,0.352112676056338,0.3414634146341463,100,300,100,0.0001,outputs\adapted_models\cnn3_cartoon-sketch_seed42_to_art_painting_fraction5.pth,outputs\adaptation_histories\cnn3_cartoon-sketch_seed42_to_art_painting_fraction5_history.csv,outputs\adaptation_plots\cnn3_cartoon-sketch_seed42_to_art_painting_fraction5.png,0.224390243902439,4.121956615913205
cnn3_cartoon-sketch_seed42_to_art_painting_fraction10,cnn3_cartoon-sketch_seed42_to_art_painting,cnn3_cartoon-sketch_seed42,cnn3,cartoon|sketch,2,art_painting,42,0.1,10,94151,4390,0.732484076433121,143,205,410,0.2585365853658536,4.18575212432117,0.3536585365853658,2.0087339261683024,0.0951219512195121,87,0.6153846153846154,0.375609756097561,100,500,100,0.0001,outputs\adapted_models\cnn3_cartoon-sketch_seed42_to_art_painting_fraction10.pth,outputs\adaptation_histories\cnn3_cartoon-sketch_seed42_to_art_painting_fraction10_history.csv,outputs\adaptation_plots\cnn3_cartoon-sketch_seed42_to_art_painting_fraction10.png,0.224390243902439,4.121956615913205
cnn3_cartoon-sketch_seed42_to_art_painting_fraction25,cnn3_cartoon-sketch_seed42_to_art_painting,cnn3_cartoon-sketch_seed42,cnn3,cartoon|sketch,2,art_painting,42,0.25,25,94151,4390,0.732484076433121,358,205,410,0.2585365853658536,4.18575212432117,0.3804878048780488,1.760994804196241,0.1219512195121951,60,0.5,0.3951219512195122,100,1200,100,0.0001,outputs\adapted_models\cnn3_cartoon-sketch_seed42_to_art_painting_fraction25.pth,outputs\adaptation_histories\cnn3_cartoon-sketch_seed42_to_art_painting_fraction25_history.csv,outputs\adaptation_plots\cnn3_cartoon-sketch_seed42_to_art_painting_fraction25.png,0.224390243902439,4.121956615913205
cnn3_cartoon-sketch_seed42_to_art_painting_fraction50,cnn3_cartoon-sketch_seed42_to_art_painting,cnn3_cartoon-sketch_seed42,cnn3,cartoon|sketch,2,art_painting,42,0.5,50,94151,4390,0.732484076433121,716,205,410,0.2585365853658536,4.18575212432117,0.4317073170731707,1.6009058045177924,0.173170731707317,90,0.5796089385474861,0.4829268292682926,100,2300,100,0.0001,outputs\adapted_models\cnn3_cartoon-sketch_seed42_to_art_painting_fraction50.pth,outputs\adaptation_histories\cnn3_cartoon-sketch_seed42_to_art_painting_fraction50_history.csv,outputs\adaptation_plots\cnn3_cartoon-sketch_seed42_to_art_painting_fraction50.png,0.224390243902439,4.121956615913205
cnn3_cartoon-sketch_seed42_to_art_painting_fraction100,cnn3_cartoon-sketch_seed42_to_art_painting,cnn3_cartoon-sketch_seed42,cnn3,cartoon|sketch,2,art_painting,42,1.0,100,94151,4390,0.732484076433121,1433,205,410,0.2585365853658536,4.18575212432117,0.4804878048780487,1.4827679378230398,0.2219512195121951,97,0.6120027913468249,0.526829268292683,100,4500,100,0.0001,outputs\adapted_models\cnn3_cartoon-sketch_seed42_to_art_painting_fraction100.pth,outputs\adaptation_histories\cnn3_cartoon-sketch_seed42_to_art_painting_fraction100_history.csv,outputs\adaptation_plots\cnn3_cartoon-sketch_seed42_to_art_painting_fraction100.png,0.224390243902439,4.121956615913205
cnn3_cartoon-sketch_seed42_to_photo_fraction5,cnn3_cartoon-sketch_seed42_to_photo,cnn3_cartoon-sketch_seed42,cnn3,cartoon|sketch,2,photo,42,0.05,5,94151,4390,0.732484076433121,58,167,334,0.3323353293413174,3.8563990907040897,0.4550898203592814,1.8937846315121225,0.122754491017964,77,0.7068965517241379,0.5089820359281437,100,200,100,0.0001,outputs\adapted_models\cnn3_cartoon-sketch_seed42_to_photo_fraction5.pth,outputs\adaptation_histories\cnn3_cartoon-sketch_seed42_to_photo_fraction5_history.csv,outputs\adaptation_plots\cnn3_cartoon-sketch_seed42_to_photo_fraction5.png,0.3053892215568862,3.5191745072781684
cnn3_cartoon-sketch_seed42_to_photo_fraction10,cnn3_cartoon-sketch_seed42_to_photo,cnn3_cartoon-sketch_seed42,cnn3,cartoon|sketch,2,photo,42,0.1,10,94151,4390,0.732484076433121,117,167,334,0.3323353293413174,3.8563990907040897,0.5,1.7931736072380386,0.1676646706586826,88,0.7863247863247863,0.5089820359281437,100,400,100,0.0001,outputs\adapted_models\cnn3_cartoon-sketch_seed42_to_photo_fraction10.pth,outputs\adaptation_histories\cnn3_cartoon-sketch_seed42_to_photo_fraction10_history.csv,outputs\adaptation_plots\cnn3_cartoon-sketch_seed42_to_photo_fraction10.png,0.3053892215568862,3.5191745072781684
cnn3_cartoon-sketch_seed42_to_photo_fraction25,cnn3_cartoon-sketch_seed42_to_photo,cnn3_cartoon-sketch_seed42,cnn3,cartoon|sketch,2,photo,42,0.25,25,94151,4390,0.732484076433121,292,167,334,0.3323353293413174,3.8563990907040897,0.5718562874251497,1.394843638300182,0.2395209580838323,80,0.7363013698630136,0.5568862275449101,100,1000,100,0.0001,outputs\adapted_models\cnn3_cartoon-sketch_seed42_to_photo_fraction25.pth,outputs\adaptation_histories\cnn3_cartoon-sketch_seed42_to_photo_fraction25_history.csv,outputs\adaptation_plots\cnn3_cartoon-sketch_seed42_to_photo_fraction25.png,0.3053892215568862,3.5191745072781684
cnn3_cartoon-sketch_seed42_to_photo_fraction50,cnn3_cartoon-sketch_seed42_to_photo,cnn3_cartoon-sketch_seed42,cnn3,cartoon|sketch,2,photo,42,0.5,50,94151,4390,0.732484076433121,585,167,334,0.3323353293413174,3.8563990907040897,0.6407185628742516,1.11115974723222,0.3083832335329342,96,0.788034188034188,0.6047904191616766,100,1900,100,0.0001,outputs\adapted_models\cnn3_cartoon-sketch_seed42_to_photo_fraction50.pth,outputs\adaptation_histories\cnn3_cartoon-sketch_seed42_to_photo_fraction50_history.csv,outputs\adaptation_plots\cnn3_cartoon-sketch_seed42_to_photo_fraction50.png,0.3053892215568862,3.5191745072781684
cnn3_cartoon-sketch_seed42_to_photo_fraction100,cnn3_cartoon-sketch_seed42_to_photo,cnn3_cartoon-sketch_seed42,cnn3,cartoon|sketch,2,photo,42,1.0,100,94151,4390,0.732484076433121,1169,167,334,0.3323353293413174,3.8563990907040897,0.6796407185628742,0.9432554330654488,0.3473053892215568,85,0.7904191616766467,0.6407185628742516,100,3700,100,0.0001,outputs\adapted_models\cnn3_cartoon-sketch_seed42_to_photo_fraction100.pth,outputs\adaptation_histories\cnn3_cartoon-sketch_seed42_to_photo_fraction100_history.csv,outputs\adaptation_plots\cnn3_cartoon-sketch_seed42_to_photo_fraction100.png,0.3053892215568862,3.5191745072781684
cnn3_cartoon-sketch_seed387_to_art_painting_fraction5,cnn3_cartoon-sketch_seed387_to_art_painting,cnn3_cartoon-sketch_seed387,cnn3,cartoon|sketch,2,art_painting,387,0.05,5,94151,4390,0.7404458598726115,71,205,410,0.2682926829268293,4.276015565453506,0.3219512195121951,2.434492790408251,0.0536585365853658,74,0.5070422535211268,0.3219512195121951,100,300,100,0.0001,outputs\adapted_models\cnn3_cartoon-sketch_seed387_to_art_painting_fraction5.pth,outputs\adaptation_histories\cnn3_cartoon-sketch_seed387_to_art_painting_fraction5_history.csv,outputs\adaptation_plots\cnn3_cartoon-sketch_seed387_to_art_painting_fraction5.png,0.2634146341463415,4.293421880210318
cnn3_cartoon-sketch_seed387_to_art_painting_fraction10,cnn3_cartoon-sketch_seed387_to_art_painting,cnn3_cartoon-sketch_seed387,cnn3,cartoon|sketch,2,art_painting,387,0.1,10,94151,4390,0.7404458598726115,143,205,410,0.2682926829268293,4.276015565453506,0.3463414634146341,2.1409306502923733,0.0780487804878048,90,0.5874125874125874,0.3463414634146341,100,500,100,0.0001,outputs\adapted_models\cnn3_cartoon-sketch_seed387_to_art_painting_fraction10.pth,outputs\adaptation_histories\cnn3_cartoon-sketch_seed387_to_art_painting_fraction10_history.csv,outputs\adaptation_plots\cnn3_cartoon-sketch_seed387_to_art_painting_fraction10.png,0.2634146341463415,4.293421880210318
cnn3_cartoon-sketch_seed387_to_art_painting_fraction25,cnn3_cartoon-sketch_seed387_to_art_painting,cnn3_cartoon-sketch_seed387,cnn3,cartoon|sketch,2,art_painting,387,0.25,25,94151,4390,0.7404458598726115,358,205,410,0.2682926829268293,4.276015565453506,0.3926829268292683,1.8798802352533108,0.124390243902439,73,0.5586592178770949,0.4,100,1200,100,0.0001,outputs\adapted_models\cnn3_cartoon-sketch_seed387_to_art_painting_fraction25.pth,outputs\adaptation_histories\cnn3_cartoon-sketch_seed387_to_art_painting_fraction25_history.csv,outputs\adaptation_plots\cnn3_cartoon-sketch_seed387_to_art_painting_fraction25.png,0.2634146341463415,4.293421880210318
cnn3_cartoon-sketch_seed387_to_art_painting_fraction50,cnn3_cartoon-sketch_seed387_to_art_painting,cnn3_cartoon-sketch_seed387,cnn3,cartoon|sketch,2,art_painting,387,0.5,50,94151,4390,0.7404458598726115,716,205,410,0.2682926829268293,4.276015565453506,0.3829268292682927,1.6707845827428307,0.1146341463414634,84,0.5782122905027933,0.473170731707317,100,2300,100,0.0001,outputs\adapted_models\cnn3_cartoon-sketch_seed387_to_art_painting_fraction50.pth,outputs\adaptation_histories\cnn3_cartoon-sketch_seed387_to_art_painting_fraction50_history.csv,outputs\adaptation_plots\cnn3_cartoon-sketch_seed387_to_art_painting_fraction50.png,0.2634146341463415,4.293421880210318
cnn3_cartoon-sketch_seed387_to_art_painting_fraction100,cnn3_cartoon-sketch_seed387_to_art_painting,cnn3_cartoon-sketch_seed387,cnn3,cartoon|sketch,2,art_painting,387,1.0,100,94151,4390,0.7404458598726115,1433,205,410,0.2682926829268293,4.276015565453506,0.4804878048780487,1.5190740445765054,0.2121951219512194,83,0.578506629448709,0.5121951219512195,100,4500,100,0.0001,outputs\adapted_models\cnn3_cartoon-sketch_seed387_to_art_painting_fraction100.pth,outputs\adaptation_histories\cnn3_cartoon-sketch_seed387_to_art_painting_fraction100_history.csv,outputs\adaptation_plots\cnn3_cartoon-sketch_seed387_to_art_painting_fraction100.png,0.2634146341463415,4.293421880210318
cnn3_cartoon-sketch_seed387_to_photo_fraction5,cnn3_cartoon-sketch_seed387_to_photo,cnn3_cartoon-sketch_seed387,cnn3,cartoon|sketch,2,photo,387,0.05,5,94151,4390,0.7404458598726115,58,167,334,0.3562874251497006,4.053162945958668,0.5269461077844312,1.6638112981876214,0.1706586826347306,81,0.5689655172413793,0.5389221556886228,100,200,100,0.0001,outputs\adapted_models\cnn3_cartoon-sketch_seed387_to_photo_fraction5.pth,outputs\adaptation_histories\cnn3_cartoon-sketch_seed387_to_photo_fraction5_history.csv,outputs\adaptation_plots\cnn3_cartoon-sketch_seed387_to_photo_fraction5.png,0.3293413173652694,3.820540765088476
cnn3_cartoon-sketch_seed387_to_photo_fraction10,cnn3_cartoon-sketch_seed387_to_photo,cnn3_cartoon-sketch_seed387,cnn3,cartoon|sketch,2,photo,387,0.1,10,94151,4390,0.7404458598726115,117,167,334,0.3562874251497006,4.053162945958668,0.5568862275449101,1.496393357922217,0.2005988023952095,90,0.7350427350427351,0.5688622754491018,100,400,100,0.0001,outputs\adapted_models\cnn3_cartoon-sketch_seed387_to_photo_fraction10.pth,outputs\adaptation_histories\cnn3_cartoon-sketch_seed387_to_photo_fraction10_history.csv,outputs\adaptation_plots\cnn3_cartoon-sketch_seed387_to_photo_fraction10.png,0.3293413173652694,3.820540765088476
cnn3_cartoon-sketch_seed387_to_photo_fraction25,cnn3_cartoon-sketch_seed387_to_photo,cnn3_cartoon-sketch_seed387,cnn3,cartoon|sketch,2,photo,387,0.25,25,94151,4390,0.7404458598726115,292,167,334,0.3562874251497006,4.053162945958668,0.6197604790419161,1.2055204214450128,0.2634730538922155,99,0.7431506849315068,0.6107784431137725,100,1000,100,0.0001,outputs\adapted_models\cnn3_cartoon-sketch_seed387_to_photo_fraction25.pth,outputs\adaptation_histories\cnn3_cartoon-sketch_seed387_to_photo_fraction25_history.csv,outputs\adaptation_plots\cnn3_cartoon-sketch_seed387_to_photo_fraction25.png,0.3293413173652694,3.820540765088476
cnn3_cartoon-sketch_seed387_to_photo_fraction50,cnn3_cartoon-sketch_seed387_to_photo,cnn3_cartoon-sketch_seed387,cnn3,cartoon|sketch,2,photo,387,0.5,50,94151,4390,0.7404458598726115,585,167,334,0.3562874251497006,4.053162945958668,0.6766467065868264,1.0478775287102795,0.3203592814371258,83,0.770940170940171,0.6287425149700598,100,1900,100,0.0001,outputs\adapted_models\cnn3_cartoon-sketch_seed387_to_photo_fraction50.pth,outputs\adaptation_histories\cnn3_cartoon-sketch_seed387_to_photo_fraction50_history.csv,outputs\adaptation_plots\cnn3_cartoon-sketch_seed387_to_photo_fraction50.png,0.3293413173652694,3.820540765088476
cnn3_cartoon-sketch_seed387_to_photo_fraction100,cnn3_cartoon-sketch_seed387_to_photo,cnn3_cartoon-sketch_seed387,cnn3,cartoon|sketch,2,photo,387,1.0,100,94151,4390,0.7404458598726115,1169,167,334,0.3562874251497006,4.053162945958668,0.7065868263473054,0.8334872137286706,0.3502994011976048,84,0.8015397775876818,0.718562874251497,100,3700,100,0.0001,outputs\adapted_models\cnn3_cartoon-sketch_seed387_to_photo_fraction100.pth,outputs\adaptation_histories\cnn3_cartoon-sketch_seed387_to_photo_fraction100_history.csv,outputs\adaptation_plots\cnn3_cartoon-sketch_seed387_to_photo_fraction100.png,0.3293413173652694,3.820540765088476
cnn3_photo-sketch_seed42_to_art_painting_fraction5,cnn3_photo-sketch_seed42_to_art_painting,cnn3_photo-sketch_seed42,cnn3,photo|sketch,2,art_painting,42,0.05,5,94151,3919,0.7232142857142857,71,205,410,0.2268292682926829,5.813270568847656,0.3219512195121951,2.860064455357993,0.0951219512195122,96,0.5211267605633803,0.4048780487804878,100,300,100,0.0001,outputs\adapted_models\cnn3_photo-sketch_seed42_to_art_painting_fraction5.pth,outputs\adaptation_histories\cnn3_photo-sketch_seed42_to_art_painting_fraction5_history.csv,outputs\adaptation_plots\cnn3_photo-sketch_seed42_to_art_painting_fraction5.png,0.224390243902439,5.264236673494665
cnn3_photo-sketch_seed42_to_art_painting_fraction10,cnn3_photo-sketch_seed42_to_art_painting,cnn3_photo-sketch_seed42,cnn3,photo|sketch,2,art_painting,42,0.1,10,94151,3919,0.7232142857142857,143,205,410,0.2268292682926829,5.813270568847656,0.3829268292682927,2.2338361786633003,0.1560975609756097,88,0.5804195804195804,0.4439024390243902,100,500,100,0.0001,outputs\adapted_models\cnn3_photo-sketch_seed42_to_art_painting_fraction10.pth,outputs\adaptation_histories\cnn3_photo-sketch_seed42_to_art_painting_fraction10_history.csv,outputs\adaptation_plots\cnn3_photo-sketch_seed42_to_art_painting_fraction10.png,0.224390243902439,5.264236673494665
cnn3_photo-sketch_seed42_to_art_painting_fraction25,cnn3_photo-sketch_seed42_to_art_painting,cnn3_photo-sketch_seed42,cnn3,photo|sketch,2,art_painting,42,0.25,25,94151,3919,0.7232142857142857,358,205,410,0.2268292682926829,5.813270568847656,0.4560975609756098,1.727117129070003,0.2292682926829268,95,0.5642458100558659,0.5121951219512195,100,1200,100,0.0001,outputs\adapted_models\cnn3_photo-sketch_seed42_to_art_painting_fraction25.pth,outputs\adaptation_histories\cnn3_photo-sketch_seed42_to_art_painting_fraction25_history.csv,outputs\adaptation_plots\cnn3_photo-sketch_seed42_to_art_painting_fraction25.png,0.224390243902439,5.264236673494665
cnn3_photo-sketch_seed42_to_art_painting_fraction50,cnn3_photo-sketch_seed42_to_art_painting,cnn3_photo-sketch_seed42,cnn3,photo|sketch,2,art_painting,42,0.5,50,94151,3919,0.7232142857142857,716,205,410,0.2268292682926829,5.813270568847656,0.4634146341463415,1.576078647520484,0.2365853658536585,98,0.590782122905028,0.5317073170731708,100,2300,100,0.0001,outputs\adapted_models\cnn3_photo-sketch_seed42_to_art_painting_fraction50.pth,outputs\adaptation_histories\cnn3_photo-sketch_seed42_to_art_painting_fraction50_history.csv,outputs\adaptation_plots\cnn3_photo-sketch_seed42_to_art_painting_fraction50.png,0.224390243902439,5.264236673494665
cnn3_photo-sketch_seed42_to_art_painting_fraction100,cnn3_photo-sketch_seed42_to_art_painting,cnn3_photo-sketch_seed42,cnn3,photo|sketch,2,art_painting,42,1.0,100,94151,3919,0.7232142857142857,1433,205,410,0.2268292682926829,5.813270568847656,0.4926829268292683,1.5064505321223562,0.2658536585365854,89,0.5889741800418702,0.5463414634146342,100,4500,100,0.0001,outputs\adapted_models\cnn3_photo-sketch_seed42_to_art_painting_fraction100.pth,outputs\adaptation_histories\cnn3_photo-sketch_seed42_to_art_painting_fraction100_history.csv,outputs\adaptation_plots\cnn3_photo-sketch_seed42_to_art_painting_fraction100.png,0.224390243902439,5.264236673494665
cnn3_photo-sketch_seed42_to_cartoon_fraction5,cnn3_photo-sketch_seed42_to_cartoon,cnn3_photo-sketch_seed42,cnn3,photo|sketch,2,cartoon,42,0.05,5,94151,3919,0.7232142857142857,82,235,469,0.2985074626865671,4.356426442355744,0.488272921108742,2.134767227335525,0.1897654584221748,81,0.8292682926829268,0.5276595744680851,100,300,100,0.0001,outputs\adapted_models\cnn3_photo-sketch_seed42_to_cartoon_fraction5.pth,outputs\adaptation_histories\cnn3_photo-sketch_seed42_to_cartoon_fraction5_history.csv,outputs\adaptation_plots\cnn3_photo-sketch_seed42_to_cartoon_fraction5.png,0.3106382978723404,5.222356812497403
cnn3_photo-sketch_seed42_to_cartoon_fraction10,cnn3_photo-sketch_seed42_to_cartoon,cnn3_photo-sketch_seed42,cnn3,photo|sketch,2,cartoon,42,0.1,10,94151,3919,0.7232142857142857,164,235,469,0.2985074626865671,4.356426442355744,0.5245202558635395,1.7548562600922737,0.2260127931769723,92,0.7865853658536586,0.5574468085106383,100,600,100,0.0001,outputs\adapted_models\cnn3_photo-sketch_seed42_to_cartoon_fraction10.pth,outputs\adaptation_histories\cnn3_photo-sketch_seed42_to_cartoon_fraction10_history.csv,outputs\adaptation_plots\cnn3_photo-sketch_seed42_to_cartoon_fraction10.png,0.3106382978723404,5.222356812497403
cnn3_photo-sketch_seed42_to_cartoon_fraction25,cnn3_photo-sketch_seed42_to_cartoon,cnn3_photo-sketch_seed42,cnn3,photo|sketch,2,cartoon,42,0.25,25,94151,3919,0.7232142857142857,410,235,469,0.2985074626865671,4.356426442355744,0.5927505330490405,1.3993858955562242,0.2942430703624733,85,0.7292682926829268,0.6127659574468085,100,1300,100,0.0001,outputs\adapted_models\cnn3_photo-sketch_seed42_to_cartoon_fraction25.pth,outputs\adaptation_histories\cnn3_photo-sketch_seed42_to_cartoon_fraction25_history.csv,outputs\adaptation_plots\cnn3_photo-sketch_seed42_to_cartoon_fraction25.png,0.3106382978723404,5.222356812497403
cnn3_photo-sketch_seed42_to_cartoon_fraction50,cnn3_photo-sketch_seed42_to_cartoon,cnn3_photo-sketch_seed42,cnn3,photo|sketch,2,cartoon,42,0.5,50,94151,3919,0.7232142857142857,821,235,469,0.2985074626865671,4.356426442355744,0.650319829424307,1.1529863272140275,0.3518123667377398,95,0.7722289890377588,0.6595744680851063,100,2600,100,0.0001,outputs\adapted_models\cnn3_photo-sketch_seed42_to_cartoon_fraction50.pth,outputs\adaptation_histories\cnn3_photo-sketch_seed42_to_cartoon_fraction50_history.csv,outputs\adaptation_plots\cnn3_photo-sketch_seed42_to_cartoon_fraction50.png,0.3106382978723404,5.222356812497403
cnn3_photo-sketch_seed42_to_cartoon_fraction100,cnn3_photo-sketch_seed42_to_cartoon,cnn3_photo-sketch_seed42,cnn3,photo|sketch,2,cartoon,42,1.0,100,94151,3919,0.7232142857142857,1640,235,469,0.2985074626865671,4.356426442355744,0.67590618336887,1.0149776849157013,0.3773987206823028,89,0.7774390243902439,0.7319148936170212,100,5200,100,0.0001,outputs\adapted_models\cnn3_photo-sketch_seed42_to_cartoon_fraction100.pth,outputs\adaptation_histories\cnn3_photo-sketch_seed42_to_cartoon_fraction100_history.csv,outputs\adaptation_plots\cnn3_photo-sketch_seed42_to_cartoon_fraction100.png,0.3106382978723404,5.222356812497403
cnn3_photo-sketch_seed387_to_art_painting_fraction5,cnn3_photo-sketch_seed387_to_art_painting,cnn3_photo-sketch_seed387,cnn3,photo|sketch,2,art_painting,387,0.05,5,94151,3919,0.7178571428571429,71,205,410,0.2609756097560975,4.977535619968322,0.3292682926829268,2.98739354203387,0.0682926829268292,33,0.4225352112676056,0.4048780487804878,100,300,100,0.0001,outputs\adapted_models\cnn3_photo-sketch_seed387_to_art_painting_fraction5.pth,outputs\adaptation_histories\cnn3_photo-sketch_seed387_to_art_painting_fraction5_history.csv,outputs\adaptation_plots\cnn3_photo-sketch_seed387_to_art_painting_fraction5.png,0.3073170731707317,4.309012250202458
cnn3_photo-sketch_seed387_to_art_painting_fraction10,cnn3_photo-sketch_seed387_to_art_painting,cnn3_photo-sketch_seed387,cnn3,photo|sketch,2,art_painting,387,0.1,10,94151,3919,0.7178571428571429,143,205,410,0.2609756097560975,4.977535619968322,0.3536585365853658,2.8796421237108185,0.0926829268292682,20,0.4475524475524475,0.4292682926829268,100,500,100,0.0001,outputs\adapted_models\cnn3_photo-sketch_seed387_to_art_painting_fraction10.pth,outputs\adaptation_histories\cnn3_photo-sketch_seed387_to_art_painting_fraction10_history.csv,outputs\adaptation_plots\cnn3_photo-sketch_seed387_to_art_painting_fraction10.png,0.3073170731707317,4.309012250202458
cnn3_photo-sketch_seed387_to_art_painting_fraction25,cnn3_photo-sketch_seed387_to_art_painting,cnn3_photo-sketch_seed387,cnn3,photo|sketch,2,art_painting,387,0.25,25,94151,3919,0.7178571428571429,358,205,410,0.2609756097560975,4.977535619968322,0.3560975609756097,3.064320131627525,0.0951219512195121,6,0.38268156424581,0.424390243902439,100,1200,100,0.0001,outputs\adapted_models\cnn3_photo-sketch_seed387_to_art_painting_fraction25.pth,outputs\adaptation_histories\cnn3_photo-sketch_seed387_to_art_painting_fraction25_history.csv,outputs\adaptation_plots\cnn3_photo-sketch_seed387_to_art_painting_fraction25.png,0.3073170731707317,4.309012250202458
cnn3_photo-sketch_seed387_to_art_painting_fraction50,cnn3_photo-sketch_seed387_to_art_painting,cnn3_photo-sketch_seed387,cnn3,photo|sketch,2,art_painting,387,0.5,50,94151,3919,0.7178571428571429,716,205,410,0.2609756097560975,4.977535619968322,0.4585365853658537,1.592676748880526,0.1975609756097561,99,0.5837988826815642,0.4780487804878048,100,2300,100,0.0001,outputs\adapted_models\cnn3_photo-sketch_seed387_to_art_painting_fraction50.pth,outputs\adaptation_histories\cnn3_photo-sketch_seed387_to_art_painting_fraction50_history.csv,outputs\adaptation_plots\cnn3_photo-sketch_seed387_to_art_painting_fraction50.png,0.3073170731707317,4.309012250202458
cnn3_photo-sketch_seed387_to_art_painting_fraction100,cnn3_photo-sketch_seed387_to_art_painting,cnn3_photo-sketch_seed387,cnn3,photo|sketch,2,art_painting,387,1.0,100,94151,3919,0.7178571428571429,1433,205,410,0.2609756097560975,4.977535619968322,0.4878048780487805,1.458747417170827,0.2268292682926829,94,0.5938590369853455,0.5219512195121951,100,4500,100,0.0001,outputs\adapted_models\cnn3_photo-sketch_seed387_to_art_painting_fraction100.pth,outputs\adaptation_histories\cnn3_photo-sketch_seed387_to_art_painting_fraction100_history.csv,outputs\adaptation_plots\cnn3_photo-sketch_seed387_to_art_painting_fraction100.png,0.3073170731707317,4.309012250202458
cnn3_photo-sketch_seed387_to_cartoon_fraction5,cnn3_photo-sketch_seed387_to_cartoon,cnn3_photo-sketch_seed387,cnn3,photo|sketch,2,cartoon,387,0.05,5,94151,3919,0.7178571428571429,82,235,469,0.3070362473347548,3.856159690092368,0.4498933901918976,2.390796588173808,0.1428571428571428,92,0.7926829268292683,0.4978723404255319,100,300,100,0.0001,outputs\adapted_models\cnn3_photo-sketch_seed387_to_cartoon_fraction5.pth,outputs\adaptation_histories\cnn3_photo-sketch_seed387_to_cartoon_fraction5_history.csv,outputs\adaptation_plots\cnn3_photo-sketch_seed387_to_cartoon_fraction5.png,0.2723404255319149,4.628129528938456
cnn3_photo-sketch_seed387_to_cartoon_fraction10,cnn3_photo-sketch_seed387_to_cartoon,cnn3_photo-sketch_seed387,cnn3,photo|sketch,2,cartoon,387,0.1,10,94151,3919,0.7178571428571429,164,235,469,0.3070362473347548,3.856159690092368,0.5245202558635395,1.844157050159186,0.2174840085287846,91,0.676829268292683,0.5404255319148936,100,600,100,0.0001,outputs\adapted_models\cnn3_photo-sketch_seed387_to_cartoon_fraction10.pth,outputs\adaptation_histories\cnn3_photo-sketch_seed387_to_cartoon_fraction10_history.csv,outputs\adaptation_plots\cnn3_photo-sketch_seed387_to_cartoon_fraction10.png,0.2723404255319149,4.628129528938456
cnn3_photo-sketch_seed387_to_cartoon_fraction25,cnn3_photo-sketch_seed387_to_cartoon,cnn3_photo-sketch_seed387,cnn3,photo|sketch,2,cartoon,387,0.25,25,94151,3919,0.7178571428571429,410,235,469,0.3070362473347548,3.856159690092368,0.5842217484008528,1.527188571531381,0.277185501066098,78,0.7414634146341463,0.6,100,1300,100,0.0001,outputs\adapted_models\cnn3_photo-sketch_seed387_to_cartoon_fraction25.pth,outputs\adaptation_histories\cnn3_photo-sketch_seed387_to_cartoon_fraction25_history.csv,outputs\adaptation_plots\cnn3_photo-sketch_seed387_to_cartoon_fraction25.png,0.2723404255319149,4.628129528938456
cnn3_photo-sketch_seed387_to_cartoon_fraction50,cnn3_photo-sketch_seed387_to_cartoon,cnn3_photo-sketch_seed387,cnn3,photo|sketch,2,cartoon,387,0.5,50,94151,3919,0.7178571428571429,821,235,469,0.3070362473347548,3.856159690092368,0.6289978678038379,1.2436985430686966,0.3219616204690831,97,0.7795371498172959,0.6553191489361702,100,2600,100,0.0001,outputs\adapted_models\cnn3_photo-sketch_seed387_to_cartoon_fraction50.pth,outputs\adaptation_histories\cnn3_photo-sketch_seed387_to_cartoon_fraction50_history.csv,outputs\adaptation_plots\cnn3_photo-sketch_seed387_to_cartoon_fraction50.png,0.2723404255319149,4.628129528938456
cnn3_photo-sketch_seed387_to_cartoon_fraction100,cnn3_photo-sketch_seed387_to_cartoon,cnn3_photo-sketch_seed387,cnn3,photo|sketch,2,cartoon,387,1.0,100,94151,3919,0.7178571428571429,1640,235,469,0.3070362473347548,3.856159690092368,0.6823027718550106,1.1034790498615583,0.3752665245202558,83,0.776829268292683,0.7106382978723405,100,5200,100,0.0001,outputs\adapted_models\cnn3_photo-sketch_seed387_to_cartoon_fraction100.pth,outputs\adaptation_histories\cnn3_photo-sketch_seed387_to_cartoon_fraction100_history.csv,outputs\adaptation_plots\cnn3_photo-sketch_seed387_to_cartoon_fraction100.png,0.2723404255319149,4.628129528938456
resnet18_art_painting_seed42_to_cartoon_fraction5,resnet18_art_painting_seed42_to_cartoon,resnet18_art_painting_seed42,resnet18,art_painting,1,cartoon,42,0.05,5,11180103,1433,0.6487804878048781,82,235,469,0.3646055437100213,4.469206315876324,0.5842217484008528,2.4195817243824127,0.2196162046908315,79,0.9878048780487804,0.5659574468085107,100,300,100,0.0001,outputs\adapted_models\resnet18_art_painting_seed42_to_cartoon_fraction5.pth,outputs\adaptation_histories\resnet18_art_painting_seed42_to_cartoon_fraction5_history.csv,outputs\adaptation_plots\resnet18_art_painting_seed42_to_cartoon_fraction5.png,0.3404255319148936,4.75883560180664
resnet18_art_painting_seed42_to_cartoon_fraction10,resnet18_art_painting_seed42_to_cartoon,resnet18_art_painting_seed42,resnet18,art_painting,1,cartoon,42,0.1,10,11180103,1433,0.6487804878048781,164,235,469,0.3646055437100213,4.469206315876324,0.6311300639658849,1.817891737037122,0.2665245202558636,76,0.9939024390243902,0.6595744680851063,100,600,100,0.0001,outputs\adapted_models\resnet18_art_painting_seed42_to_cartoon_fraction10.pth,outputs\adaptation_histories\resnet18_art_painting_seed42_to_cartoon_fraction10_history.csv,outputs\adaptation_plots\resnet18_art_painting_seed42_to_cartoon_fraction10.png,0.3404255319148936,4.75883560180664
resnet18_art_painting_seed42_to_cartoon_fraction25,resnet18_art_painting_seed42_to_cartoon,resnet18_art_painting_seed42,resnet18,art_painting,1,cartoon,42,0.25,25,11180103,1433,0.6487804878048781,410,235,469,0.3646055437100213,4.469206315876324,0.7356076759061834,1.2257156250065069,0.371002132196162,91,0.997560975609756,0.7574468085106383,100,1300,100,0.0001,outputs\adapted_models\resnet18_art_painting_seed42_to_cartoon_fraction25.pth,outputs\adaptation_histories\resnet18_art_painting_seed42_to_cartoon_fraction25_history.csv,outputs\adaptation_plots\resnet18_art_painting_seed42_to_cartoon_fraction25.png,0.3404255319148936,4.75883560180664
resnet18_art_painting_seed42_to_cartoon_fraction50,resnet18_art_painting_seed42_to_cartoon,resnet18_art_painting_seed42,resnet18,art_painting,1,cartoon,42,0.5,50,11180103,1433,0.6487804878048781,821,235,469,0.3646055437100213,4.469206315876324,0.7697228144989339,0.8925836172693574,0.4051172707889126,50,0.9890377588306942,0.8085106382978723,100,2600,100,0.0001,outputs\adapted_models\resnet18_art_painting_seed42_to_cartoon_fraction50.pth,outputs\adaptation_histories\resnet18_art_painting_seed42_to_cartoon_fraction50_history.csv,outputs\adaptation_plots\resnet18_art_painting_seed42_to_cartoon_fraction50.png,0.3404255319148936,4.75883560180664
resnet18_art_painting_seed42_to_cartoon_fraction100,resnet18_art_painting_seed42_to_cartoon,resnet18_art_painting_seed42,resnet18,art_painting,1,cartoon,42,1.0,100,11180103,1433,0.6487804878048781,1640,235,469,0.3646055437100213,4.469206315876324,0.8187633262260128,0.7978796664077336,0.4541577825159915,65,0.9920731707317072,0.8468085106382979,100,5200,100,0.0001,outputs\adapted_models\resnet18_art_painting_seed42_to_cartoon_fraction100.pth,outputs\adaptation_histories\resnet18_art_painting_seed42_to_cartoon_fraction100_history.csv,outputs\adaptation_plots\resnet18_art_painting_seed42_to_cartoon_fraction100.png,0.3404255319148936,4.75883560180664
resnet18_art_painting_seed42_to_photo_fraction5,resnet18_art_painting_seed42_to_photo,resnet18_art_painting_seed42,resnet18,art_painting,1,photo,42,0.05,5,11180103,1433,0.6487804878048781,58,167,334,0.5808383233532934,2.927610968401332,0.6467065868263473,2.123208245831336,0.0658682634730538,14,0.8275862068965517,0.6347305389221557,100,200,100,0.0001,outputs\adapted_models\resnet18_art_painting_seed42_to_photo_fraction5.pth,outputs\adaptation_histories\resnet18_art_painting_seed42_to_photo_fraction5_history.csv,outputs\adaptation_plots\resnet18_art_painting_seed42_to_photo_fraction5.png,0.5209580838323353,3.053125175887239
resnet18_art_painting_seed42_to_photo_fraction10,resnet18_art_painting_seed42_to_photo,resnet18_art_painting_seed42,resnet18,art_painting,1,photo,42,0.1,10,11180103,1433,0.6487804878048781,117,167,334,0.5808383233532934,2.927610968401332,0.6826347305389222,1.646542617660797,0.1017964071856287,41,0.9829059829059827,0.6766467065868264,100,400,100,0.0001,outputs\adapted_models\resnet18_art_painting_seed42_to_photo_fraction10.pth,outputs\adaptation_histories\resnet18_art_painting_seed42_to_photo_fraction10_history.csv,outputs\adaptation_plots\resnet18_art_painting_seed42_to_photo_fraction10.png,0.5209580838323353,3.053125175887239
resnet18_art_painting_seed42_to_photo_fraction25,resnet18_art_painting_seed42_to_photo,resnet18_art_painting_seed42,resnet18,art_painting,1,photo,42,0.25,25,11180103,1433,0.6487804878048781,292,167,334,0.5808383233532934,2.927610968401332,0.7305389221556886,1.179746416514505,0.1497005988023951,46,0.9623287671232876,0.7544910179640718,100,1000,100,0.0001,outputs\adapted_models\resnet18_art_painting_seed42_to_photo_fraction25.pth,outputs\adaptation_histories\resnet18_art_painting_seed42_to_photo_fraction25_history.csv,outputs\adaptation_plots\resnet18_art_painting_seed42_to_photo_fraction25.png,0.5209580838323353,3.053125175887239
resnet18_art_painting_seed42_to_photo_fraction50,resnet18_art_painting_seed42_to_photo,resnet18_art_painting_seed42,resnet18,art_painting,1,photo,42,0.5,50,11180103,1433,0.6487804878048781,585,167,334,0.5808383233532934,2.927610968401332,0.781437125748503,0.8764913267718104,0.2005988023952095,20,0.8752136752136752,0.7844311377245509,100,1900,100,0.0001,outputs\adapted_models\resnet18_art_painting_seed42_to_photo_fraction50.pth,outputs\adaptation_histories\resnet18_art_painting_seed42_to_photo_fraction50_history.csv,outputs\adaptation_plots\resnet18_art_painting_seed42_to_photo_fraction50.png,0.5209580838323353,3.053125175887239
resnet18_art_painting_seed42_to_photo_fraction100,resnet18_art_painting_seed42_to_photo,resnet18_art_painting_seed42,resnet18,art_painting,1,photo,42,1.0,100,11180103,1433,0.6487804878048781,1169,167,334,0.5808383233532934,2.927610968401332,0.781437125748503,1.037677647824773,0.2005988023952095,83,0.998289136013687,0.8263473053892215,100,3700,100,0.0001,outputs\adapted_models\resnet18_art_painting_seed42_to_photo_fraction100.pth,outputs\adaptation_histories\resnet18_art_painting_seed42_to_photo_fraction100_history.csv,outputs\adaptation_plots\resnet18_art_painting_seed42_to_photo_fraction100.png,0.5209580838323353,3.053125175887239
resnet18_art_painting_seed42_to_sketch_fraction5,resnet18_art_painting_seed42_to_sketch,resnet18_art_painting_seed42,resnet18,art_painting,1,sketch,42,0.05,5,11180103,1433,0.6487804878048781,138,393,786,0.4300254452926209,3.3731735171252533,0.6603053435114504,1.4546148734541644,0.2302798982188295,73,0.9492753623188406,0.6666666666666666,100,500,100,0.0001,outputs\adapted_models\resnet18_art_painting_seed42_to_sketch_fraction5.pth,outputs\adaptation_histories\resnet18_art_painting_seed42_to_sketch_fraction5_history.csv,outputs\adaptation_plots\resnet18_art_painting_seed42_to_sketch_fraction5.png,0.4173027989821883,3.4498378957500893
resnet18_art_painting_seed42_to_sketch_fraction10,resnet18_art_painting_seed42_to_sketch,resnet18_art_painting_seed42,resnet18,art_painting,1,sketch,42,0.1,10,11180103,1433,0.6487804878048781,275,393,786,0.4300254452926209,3.3731735171252533,0.7137404580152672,1.1132610359871358,0.2837150127226463,93,1.0,0.6870229007633588,100,900,100,0.0001,outputs\adapted_models\resnet18_art_painting_seed42_to_sketch_fraction10.pth,outputs\adaptation_histories\resnet18_art_painting_seed42_to_sketch_fraction10_history.csv,outputs\adaptation_plots\resnet18_art_painting_seed42_to_sketch_fraction10.png,0.4173027989821883,3.4498378957500893
resnet18_art_painting_seed42_to_sketch_fraction25,resnet18_art_painting_seed42_to_sketch,resnet18_art_painting_seed42,resnet18,art_painting,1,sketch,42,0.25,25,11180103,1433,0.6487804878048781,688,393,786,0.4300254452926209,3.3731735171252533,0.7748091603053435,0.9273077131227684,0.3447837150127226,100,0.994186046511628,0.7760814249363868,100,2200,100,0.0001,outputs\adapted_models\resnet18_art_painting_seed42_to_sketch_fraction25.pth,outputs\adaptation_histories\resnet18_art_painting_seed42_to_sketch_fraction25_history.csv,outputs\adaptation_plots\resnet18_art_painting_seed42_to_sketch_fraction25.png,0.4173027989821883,3.4498378957500893
resnet18_art_painting_seed42_to_sketch_fraction50,resnet18_art_painting_seed42_to_sketch,resnet18_art_painting_seed42,resnet18,art_painting,1,sketch,42,0.5,50,11180103,1433,0.6487804878048781,1375,393,786,0.4300254452926209,3.3731735171252533,0.8498727735368957,0.6108622511531258,0.4198473282442748,96,0.9941818181818182,0.8371501272264631,100,4300,100,0.0001,outputs\adapted_models\resnet18_art_painting_seed42_to_sketch_fraction50.pth,outputs\adaptation_histories\resnet18_art_painting_seed42_to_sketch_fraction50_history.csv,outputs\adaptation_plots\resnet18_art_painting_seed42_to_sketch_fraction50.png,0.4173027989821883,3.4498378957500893
resnet18_art_painting_seed42_to_sketch_fraction100,resnet18_art_painting_seed42_to_sketch,resnet18_art_painting_seed42,resnet18,art_painting,1,sketch,42,1.0,100,11180103,1433,0.6487804878048781,2750,393,786,0.4300254452926209,3.3731735171252533,0.8791348600508906,0.5165355536167252,0.4491094147582697,91,0.9963636363636365,0.8905852417302799,100,8600,100,0.0001,outputs\adapted_models\resnet18_art_painting_seed42_to_sketch_fraction100.pth,outputs\adaptation_histories\resnet18_art_painting_seed42_to_sketch_fraction100_history.csv,outputs\adaptation_plots\resnet18_art_painting_seed42_to_sketch_fraction100.png,0.4173027989821883,3.4498378957500893
resnet18_art_painting_seed387_to_cartoon_fraction5,resnet18_art_painting_seed387_to_cartoon,resnet18_art_painting_seed387,resnet18,art_painting,1,cartoon,387,0.05,5,11180103,1433,0.6439024390243903,82,235,469,0.3859275053304904,4.545237559499517,0.5735607675906184,2.483645416780321,0.1876332622601279,75,0.975609756097561,0.5829787234042553,100,300,100,0.0001,outputs\adapted_models\resnet18_art_painting_seed387_to_cartoon_fraction5.pth,outputs\adaptation_histories\resnet18_art_painting_seed387_to_cartoon_fraction5_history.csv,outputs\adaptation_plots\resnet18_art_painting_seed387_to_cartoon_fraction5.png,0.3361702127659574,4.854637056715945
resnet18_art_painting_seed387_to_cartoon_fraction10,resnet18_art_painting_seed387_to_cartoon,resnet18_art_painting_seed387,resnet18,art_painting,1,cartoon,387,0.1,10,11180103,1433,0.6439024390243903,164,235,469,0.3859275053304904,4.545237559499517,0.605543710021322,1.8860433005066568,0.2196162046908316,72,0.9207317073170732,0.6212765957446809,100,600,100,0.0001,outputs\adapted_models\resnet18_art_painting_seed387_to_cartoon_fraction10.pth,outputs\adaptation_histories\resnet18_art_painting_seed387_to_cartoon_fraction10_history.csv,outputs\adaptation_plots\resnet18_art_painting_seed387_to_cartoon_fraction10.png,0.3361702127659574,4.854637056715945
resnet18_art_painting_seed387_to_cartoon_fraction25,resnet18_art_painting_seed387_to_cartoon,resnet18_art_painting_seed387,resnet18,art_painting,1,cartoon,387,0.25,25,11180103,1433,0.6439024390243903,410,235,469,0.3859275053304904,4.545237559499517,0.7164179104477612,1.176059751368281,0.3304904051172707,39,0.951219512195122,0.6936170212765957,100,1300,100,0.0001,outputs\adapted_models\resnet18_art_painting_seed387_to_cartoon_fraction25.pth,outputs\adaptation_histories\resnet18_art_painting_seed387_to_cartoon_fraction25_history.csv,outputs\adaptation_plots\resnet18_art_painting_seed387_to_cartoon_fraction25.png,0.3361702127659574,4.854637056715945
resnet18_art_painting_seed387_to_cartoon_fraction50,resnet18_art_painting_seed387_to_cartoon,resnet18_art_painting_seed387,resnet18,art_painting,1,cartoon,387,0.5,50,11180103,1433,0.6439024390243903,821,235,469,0.3859275053304904,4.545237559499517,0.7953091684434968,0.9700588153115214,0.4093816631130063,100,0.995127892813642,0.8085106382978723,100,2600,100,0.0001,outputs\adapted_models\resnet18_art_painting_seed387_to_cartoon_fraction50.pth,outputs\adaptation_histories\resnet18_art_painting_seed387_to_cartoon_fraction50_history.csv,outputs\adaptation_plots\resnet18_art_painting_seed387_to_cartoon_fraction50.png,0.3361702127659574,4.854637056715945
resnet18_art_painting_seed387_to_cartoon_fraction100,resnet18_art_painting_seed387_to_cartoon,resnet18_art_painting_seed387,resnet18,art_painting,1,cartoon,387,1.0,100,11180103,1433,0.6439024390243903,1640,235,469,0.3859275053304904,4.545237559499517,0.837953091684435,0.7868536520105943,0.4520255863539446,96,0.998780487804878,0.8382978723404255,100,5200,100,0.0001,outputs\adapted_models\resnet18_art_painting_seed387_to_cartoon_fraction100.pth,outputs\adaptation_histories\resnet18_art_painting_seed387_to_cartoon_fraction100_history.csv,outputs\adaptation_plots\resnet18_art_painting_seed387_to_cartoon_fraction100.png,0.3361702127659574,4.854637056715945
resnet18_art_painting_seed387_to_photo_fraction5,resnet18_art_painting_seed387_to_photo,resnet18_art_painting_seed387,resnet18,art_painting,1,photo,387,0.05,5,11180103,1433,0.6439024390243903,58,167,334,0.592814371257485,2.6718610432333576,0.6766467065868264,2.054602977044568,0.0838323353293413,10,0.7413793103448276,0.6227544910179641,100,200,100,0.0001,outputs\adapted_models\resnet18_art_painting_seed387_to_photo_fraction5.pth,outputs\adaptation_histories\resnet18_art_painting_seed387_to_photo_fraction5_history.csv,outputs\adaptation_plots\resnet18_art_painting_seed387_to_photo_fraction5.png,0.5748502994011976,2.7954404311265773
resnet18_art_painting_seed387_to_photo_fraction10,resnet18_art_painting_seed387_to_photo,resnet18_art_painting_seed387,resnet18,art_painting,1,photo,387,0.1,10,11180103,1433,0.6439024390243903,117,167,334,0.592814371257485,2.6718610432333576,0.6976047904191617,1.6022686415803646,0.1047904191616766,22,0.9145299145299144,0.6826347305389222,100,400,100,0.0001,outputs\adapted_models\resnet18_art_painting_seed387_to_photo_fraction10.pth,outputs\adaptation_histories\resnet18_art_painting_seed387_to_photo_fraction10_history.csv,outputs\adaptation_plots\resnet18_art_painting_seed387_to_photo_fraction10.png,0.5748502994011976,2.7954404311265773
resnet18_art_painting_seed387_to_photo_fraction25,resnet18_art_painting_seed387_to_photo,resnet18_art_painting_seed387,resnet18,art_painting,1,photo,387,0.25,25,11180103,1433,0.6439024390243903,292,167,334,0.592814371257485,2.6718610432333576,0.7574850299401198,1.021464941744319,0.1646706586826347,42,0.934931506849315,0.7544910179640718,100,1000,100,0.0001,outputs\adapted_models\resnet18_art_painting_seed387_to_photo_fraction25.pth,outputs\adaptation_histories\resnet18_art_painting_seed387_to_photo_fraction25_history.csv,outputs\adaptation_plots\resnet18_art_painting_seed387_to_photo_fraction25.png,0.5748502994011976,2.7954404311265773
resnet18_art_painting_seed387_to_photo_fraction50,resnet18_art_painting_seed387_to_photo,resnet18_art_painting_seed387,resnet18,art_painting,1,photo,387,0.5,50,11180103,1433,0.6439024390243903,585,167,334,0.592814371257485,2.6718610432333576,0.7874251497005988,0.8595789692359056,0.1946107784431138,55,0.9897435897435898,0.7844311377245509,100,1900,100,0.0001,outputs\adapted_models\resnet18_art_painting_seed387_to_photo_fraction50.pth,outputs\adaptation_histories\resnet18_art_painting_seed387_to_photo_fraction50_history.csv,outputs\adaptation_plots\resnet18_art_painting_seed387_to_photo_fraction50.png,0.5748502994011976,2.7954404311265773
resnet18_art_painting_seed387_to_photo_fraction100,resnet18_art_painting_seed387_to_photo,resnet18_art_painting_seed387,resnet18,art_painting,1,photo,387,1.0,100,11180103,1433,0.6439024390243903,1169,167,334,0.592814371257485,2.6718610432333576,0.8053892215568862,0.6401581307371219,0.2125748502994011,20,0.9204448246364414,0.8083832335329342,100,3700,100,0.0001,outputs\adapted_models\resnet18_art_painting_seed387_to_photo_fraction100.pth,outputs\adaptation_histories\resnet18_art_painting_seed387_to_photo_fraction100_history.csv,outputs\adaptation_plots\resnet18_art_painting_seed387_to_photo_fraction100.png,0.5748502994011976,2.7954404311265773
resnet18_art_painting_seed387_to_sketch_fraction5,resnet18_art_painting_seed387_to_sketch,resnet18_art_painting_seed387,resnet18,art_painting,1,sketch,387,0.05,5,11180103,1433,0.6439024390243903,138,393,786,0.4465648854961832,3.1138426948139686,0.6704834605597965,1.4240765025597493,0.2239185750636132,95,0.9927536231884058,0.6717557251908397,100,500,100,0.0001,outputs\adapted_models\resnet18_art_painting_seed387_to_sketch_fraction5.pth,outputs\adaptation_histories\resnet18_art_painting_seed387_to_sketch_fraction5_history.csv,outputs\adaptation_plots\resnet18_art_painting_seed387_to_sketch_fraction5.png,0.4452926208651399,3.3516457924102707
resnet18_art_painting_seed387_to_sketch_fraction10,resnet18_art_painting_seed387_to_sketch,resnet18_art_painting_seed387,resnet18,art_painting,1,sketch,387,0.1,10,11180103,1433,0.6439024390243903,275,393,786,0.4465648854961832,3.1138426948139686,0.7150127226463104,1.1367773694239802,0.2684478371501272,99,1.0,0.7175572519083969,100,900,100,0.0001,outputs\adapted_models\resnet18_art_painting_seed387_to_sketch_fraction10.pth,outputs\adaptation_histories\resnet18_art_painting_seed387_to_sketch_fraction10_history.csv,outputs\adaptation_plots\resnet18_art_painting_seed387_to_sketch_fraction10.png,0.4452926208651399,3.3516457924102707
resnet18_art_painting_seed387_to_sketch_fraction25,resnet18_art_painting_seed387_to_sketch,resnet18_art_painting_seed387,resnet18,art_painting,1,sketch,387,0.25,25,11180103,1433,0.6439024390243903,688,393,786,0.4465648854961832,3.1138426948139686,0.7798982188295165,0.7455722982343523,0.3333333333333332,69,0.9883720930232558,0.7888040712468194,100,2200,100,0.0001,outputs\adapted_models\resnet18_art_painting_seed387_to_sketch_fraction25.pth,outputs\adaptation_histories\resnet18_art_painting_seed387_to_sketch_fraction25_history.csv,outputs\adaptation_plots\resnet18_art_painting_seed387_to_sketch_fraction25.png,0.4452926208651399,3.3516457924102707
resnet18_art_painting_seed387_to_sketch_fraction50,resnet18_art_painting_seed387_to_sketch,resnet18_art_painting_seed387,resnet18,art_painting,1,sketch,387,0.5,50,11180103,1433,0.6439024390243903,1375,393,786,0.4465648854961832,3.1138426948139686,0.8384223918575063,0.5956825700425009,0.3918575063613231,67,0.9898181818181818,0.8524173027989822,100,4300,100,0.0001,outputs\adapted_models\resnet18_art_painting_seed387_to_sketch_fraction50.pth,outputs\adaptation_histories\resnet18_art_painting_seed387_to_sketch_fraction50_history.csv,outputs\adaptation_plots\resnet18_art_painting_seed387_to_sketch_fraction50.png,0.4452926208651399,3.3516457924102707
resnet18_art_painting_seed387_to_sketch_fraction100,resnet18_art_painting_seed387_to_sketch,resnet18_art_painting_seed387,resnet18,art_painting,1,sketch,387,1.0,100,11180103,1433,0.6439024390243903,2750,393,786,0.4465648854961832,3.1138426948139686,0.861323155216285,0.5878540016615967,0.4147582697201017,99,0.9934545454545456,0.8854961832061069,100,8600,100,0.0001,outputs\adapted_models\resnet18_art_painting_seed387_to_sketch_fraction100.pth,outputs\adaptation_histories\resnet18_art_painting_seed387_to_sketch_fraction100_history.csv,outputs\adaptation_plots\resnet18_art_painting_seed387_to_sketch_fraction100.png,0.4452926208651399,3.3516457924102707
resnet18_cartoon_seed42_to_art_painting_fraction5,resnet18_cartoon_seed42_to_art_painting,resnet18_cartoon_seed42,resnet18,cartoon,1,art_painting,42,0.05,5,11180103,1640,0.8553191489361702,71,205,410,0.3195121951219512,5.236843667379239,0.3268292682926829,5.009176654350467,0.0073170731707317,2,0.2816901408450704,0.3609756097560975,100,300,100,0.0001,outputs\adapted_models\resnet18_cartoon_seed42_to_art_painting_fraction5.pth,outputs\adaptation_histories\resnet18_cartoon_seed42_to_art_painting_fraction5_history.csv,outputs\adaptation_plots\resnet18_cartoon_seed42_to_art_painting_fraction5.png,0.3219512195121951,4.404240491913586
resnet18_cartoon_seed42_to_art_painting_fraction10,resnet18_cartoon_seed42_to_art_painting,resnet18_cartoon_seed42,resnet18,cartoon,1,art_painting,42,0.1,10,11180103,1640,0.8553191489361702,143,205,410,0.3195121951219512,5.236843667379239,0.4,3.4986783004388577,0.0804878048780488,98,0.986013986013986,0.3902439024390244,100,500,100,0.0001,outputs\adapted_models\resnet18_cartoon_seed42_to_art_painting_fraction10.pth,outputs\adaptation_histories\resnet18_cartoon_seed42_to_art_painting_fraction10_history.csv,outputs\adaptation_plots\resnet18_cartoon_seed42_to_art_painting_fraction10.png,0.3219512195121951,4.404240491913586
resnet18_cartoon_seed42_to_art_painting_fraction25,resnet18_cartoon_seed42_to_art_painting,resnet18_cartoon_seed42,resnet18,cartoon,1,art_painting,42,0.25,25,11180103,1640,0.8553191489361702,358,205,410,0.3195121951219512,5.236843667379239,0.424390243902439,2.603450877492021,0.1048780487804877,86,0.9664804469273744,0.5024390243902439,100,1200,100,0.0001,outputs\adapted_models\resnet18_cartoon_seed42_to_art_painting_fraction25.pth,outputs\adaptation_histories\resnet18_cartoon_seed42_to_art_painting_fraction25_history.csv,outputs\adaptation_plots\resnet18_cartoon_seed42_to_art_painting_fraction25.png,0.3219512195121951,4.404240491913586
resnet18_cartoon_seed42_to_art_painting_fraction50,resnet18_cartoon_seed42_to_art_painting,resnet18_cartoon_seed42,resnet18,cartoon,1,art_painting,42,0.5,50,11180103,1640,0.8553191489361702,716,205,410,0.3195121951219512,5.236843667379239,0.4585365853658537,2.2890540797535968,0.1390243902439024,67,0.9427374301675978,0.5853658536585366,100,2300,100,0.0001,outputs\adapted_models\resnet18_cartoon_seed42_to_art_painting_fraction50.pth,outputs\adaptation_histories\resnet18_cartoon_seed42_to_art_painting_fraction50_history.csv,outputs\adaptation_plots\resnet18_cartoon_seed42_to_art_painting_fraction50.png,0.3219512195121951,4.404240491913586
resnet18_cartoon_seed42_to_art_painting_fraction100,resnet18_cartoon_seed42_to_art_painting,resnet18_cartoon_seed42,resnet18,cartoon,1,art_painting,42,1.0,100,11180103,1640,0.8553191489361702,1433,205,410,0.3195121951219512,5.236843667379239,0.5439024390243903,1.586408615112305,0.224390243902439,34,0.7843684577808793,0.6097560975609756,100,4500,100,0.0001,outputs\adapted_models\resnet18_cartoon_seed42_to_art_painting_fraction100.pth,outputs\adaptation_histories\resnet18_cartoon_seed42_to_art_painting_fraction100_history.csv,outputs\adaptation_plots\resnet18_cartoon_seed42_to_art_painting_fraction100.png,0.3219512195121951,4.404240491913586
resnet18_cartoon_seed42_to_photo_fraction5,resnet18_cartoon_seed42_to_photo,resnet18_cartoon_seed42,resnet18,cartoon,1,photo,42,0.05,5,11180103,1640,0.8553191489361702,58,167,334,0.4790419161676646,3.316955103845653,0.5598802395209581,2.522215243585096,0.0808383233532934,98,1.0,0.5868263473053892,100,200,100,0.0001,outputs\adapted_models\resnet18_cartoon_seed42_to_photo_fraction5.pth,outputs\adaptation_histories\resnet18_cartoon_seed42_to_photo_fraction5_history.csv,outputs\adaptation_plots\resnet18_cartoon_seed42_to_photo_fraction5.png,0.467065868263473,3.324625689112497
resnet18_cartoon_seed42_to_photo_fraction10,resnet18_cartoon_seed42_to_photo,resnet18_cartoon_seed42,resnet18,cartoon,1,photo,42,0.1,10,11180103,1640,0.8553191489361702,117,167,334,0.4790419161676646,3.316955103845653,0.5988023952095808,2.3731870137288897,0.1197604790419161,34,0.9487179487179488,0.5988023952095808,100,400,100,0.0001,outputs\adapted_models\resnet18_cartoon_seed42_to_photo_fraction10.pth,outputs\adaptation_histories\resnet18_cartoon_seed42_to_photo_fraction10_history.csv,outputs\adaptation_plots\resnet18_cartoon_seed42_to_photo_fraction10.png,0.467065868263473,3.324625689112497
resnet18_cartoon_seed42_to_photo_fraction25,resnet18_cartoon_seed42_to_photo,resnet18_cartoon_seed42,resnet18,cartoon,1,photo,42,0.25,25,11180103,1640,0.8553191489361702,292,167,334,0.4790419161676646,3.316955103845653,0.7065868263473054,1.35376456826033,0.2275449101796407,97,0.9726027397260274,0.6946107784431138,100,1000,100,0.0001,outputs\adapted_models\resnet18_cartoon_seed42_to_photo_fraction25.pth,outputs\adaptation_histories\resnet18_cartoon_seed42_to_photo_fraction25_history.csv,outputs\adaptation_plots\resnet18_cartoon_seed42_to_photo_fraction25.png,0.467065868263473,3.324625689112497
resnet18_cartoon_seed42_to_photo_fraction50,resnet18_cartoon_seed42_to_photo,resnet18_cartoon_seed42,resnet18,cartoon,1,photo,42,0.5,50,11180103,1640,0.8553191489361702,585,167,334,0.4790419161676646,3.316955103845653,0.7455089820359282,1.1811385868552202,0.2664670658682635,87,0.9931623931623932,0.7724550898203593,100,1900,100,0.0001,outputs\adapted_models\resnet18_cartoon_seed42_to_photo_fraction50.pth,outputs\adaptation_histories\resnet18_cartoon_seed42_to_photo_fraction50_history.csv,outputs\adaptation_plots\resnet18_cartoon_seed42_to_photo_fraction50.png,0.467065868263473,3.324625689112497
resnet18_cartoon_seed42_to_photo_fraction100,resnet18_cartoon_seed42_to_photo,resnet18_cartoon_seed42,resnet18,cartoon,1,photo,42,1.0,100,11180103,1640,0.8553191489361702,1169,167,334,0.4790419161676646,3.316955103845653,0.7874251497005988,1.0713787535707393,0.3083832335329342,100,0.9957228400342172,0.8203592814371258,100,3700,100,0.0001,outputs\adapted_models\resnet18_cartoon_seed42_to_photo_fraction100.pth,outputs\adaptation_histories\resnet18_cartoon_seed42_to_photo_fraction100_history.csv,outputs\adaptation_plots\resnet18_cartoon_seed42_to_photo_fraction100.png,0.467065868263473,3.324625689112497
resnet18_cartoon_seed42_to_sketch_fraction5,resnet18_cartoon_seed42_to_sketch,resnet18_cartoon_seed42,resnet18,cartoon,1,sketch,42,0.05,5,11180103,1640,0.8553191489361702,138,393,786,0.2964376590330789,4.281474086771182,0.6208651399491094,1.5069036969095089,0.3244274809160305,61,0.9420289855072465,0.6513994910941476,100,500,100,0.0001,outputs\adapted_models\resnet18_cartoon_seed42_to_sketch_fraction5.pth,outputs\adaptation_histories\resnet18_cartoon_seed42_to_sketch_fraction5_history.csv,outputs\adaptation_plots\resnet18_cartoon_seed42_to_sketch_fraction5.png,0.272264631043257,4.174400557695151
resnet18_cartoon_seed42_to_sketch_fraction10,resnet18_cartoon_seed42_to_sketch,resnet18_cartoon_seed42,resnet18,cartoon,1,sketch,42,0.1,10,11180103,1640,0.8553191489361702,275,393,786,0.2964376590330789,4.281474086771182,0.6946564885496184,1.05890708782594,0.3982188295165395,90,0.9890909090909092,0.7048346055979644,100,900,100,0.0001,outputs\adapted_models\resnet18_cartoon_seed42_to_sketch_fraction10.pth,outputs\adaptation_histories\resnet18_cartoon_seed42_to_sketch_fraction10_history.csv,outputs\adaptation_plots\resnet18_cartoon_seed42_to_sketch_fraction10.png,0.272264631043257,4.174400557695151
resnet18_cartoon_seed42_to_sketch_fraction25,resnet18_cartoon_seed42_to_sketch,resnet18_cartoon_seed42,resnet18,cartoon,1,sketch,42,0.25,25,11180103,1640,0.8553191489361702,688,393,786,0.2964376590330789,4.281474086771182,0.7697201017811705,0.9101970662900812,0.4732824427480915,97,0.9796511627906976,0.7760814249363868,100,2200,100,0.0001,outputs\adapted_models\resnet18_cartoon_seed42_to_sketch_fraction25.pth,outputs\adaptation_histories\resnet18_cartoon_seed42_to_sketch_fraction25_history.csv,outputs\adaptation_plots\resnet18_cartoon_seed42_to_sketch_fraction25.png,0.272264631043257,4.174400557695151
resnet18_cartoon_seed42_to_sketch_fraction50,resnet18_cartoon_seed42_to_sketch,resnet18_cartoon_seed42,resnet18,cartoon,1,sketch,42,0.5,50,11180103,1640,0.8553191489361702,1375,393,786,0.2964376590330789,4.281474086771182,0.8231552162849872,0.661506222707928,0.5267175572519083,89,0.9927272727272728,0.8346055979643766,100,4300,100,0.0001,outputs\adapted_models\resnet18_cartoon_seed42_to_sketch_fraction50.pth,outputs\adaptation_histories\resnet18_cartoon_seed42_to_sketch_fraction50_history.csv,outputs\adaptation_plots\resnet18_cartoon_seed42_to_sketch_fraction50.png,0.272264631043257,4.174400557695151
resnet18_cartoon_seed42_to_sketch_fraction100,resnet18_cartoon_seed42_to_sketch,resnet18_cartoon_seed42,resnet18,cartoon,1,sketch,42,1.0,100,11180103,1640,0.8553191489361702,2750,393,786,0.2964376590330789,4.281474086771182,0.8740458015267175,0.4547234879801898,0.5776081424936386,72,0.982909090909091,0.8880407124681934,100,8600,100,0.0001,outputs\adapted_models\resnet18_cartoon_seed42_to_sketch_fraction100.pth,outputs\adaptation_histories\resnet18_cartoon_seed42_to_sketch_fraction100_history.csv,outputs\adaptation_plots\resnet18_cartoon_seed42_to_sketch_fraction100.png,0.272264631043257,4.174400557695151
resnet18_cartoon_seed387_to_art_painting_fraction5,resnet18_cartoon_seed387_to_art_painting,resnet18_cartoon_seed387,resnet18,cartoon,1,art_painting,387,0.05,5,11180103,1640,0.8680851063829788,71,205,410,0.2853658536585365,4.557747017464987,0.324390243902439,4.200887503275057,0.0390243902439024,84,0.9295774647887324,0.375609756097561,100,300,100,0.0001,outputs\adapted_models\resnet18_cartoon_seed387_to_art_painting_fraction5.pth,outputs\adaptation_histories\resnet18_cartoon_seed387_to_art_painting_fraction5_history.csv,outputs\adaptation_plots\resnet18_cartoon_seed387_to_art_painting_fraction5.png,0.2975609756097561,4.075889512969226
resnet18_cartoon_seed387_to_art_painting_fraction10,resnet18_cartoon_seed387_to_art_painting,resnet18_cartoon_seed387,resnet18,cartoon,1,art_painting,387,0.1,10,11180103,1640,0.8680851063829788,143,205,410,0.2853658536585365,4.557747017464987,0.3780487804878049,3.4098624066608707,0.0926829268292683,90,0.993006993006993,0.4097560975609756,100,500,100,0.0001,outputs\adapted_models\resnet18_cartoon_seed387_to_art_painting_fraction10.pth,outputs\adaptation_histories\resnet18_cartoon_seed387_to_art_painting_fraction10_history.csv,outputs\adaptation_plots\resnet18_cartoon_seed387_to_art_painting_fraction10.png,0.2975609756097561,4.075889512969226
resnet18_cartoon_seed387_to_art_painting_fraction25,resnet18_cartoon_seed387_to_art_painting,resnet18_cartoon_seed387,resnet18,cartoon,1,art_painting,387,0.25,25,11180103,1640,0.8680851063829788,358,205,410,0.2853658536585365,4.557747017464987,0.4414634146341463,2.4717769250637147,0.1560975609756097,91,0.9608938547486032,0.4341463414634146,100,1200,100,0.0001,outputs\adapted_models\resnet18_cartoon_seed387_to_art_painting_fraction25.pth,outputs\adaptation_histories\resnet18_cartoon_seed387_to_art_painting_fraction25_history.csv,outputs\adaptation_plots\resnet18_cartoon_seed387_to_art_painting_fraction25.png,0.2975609756097561,4.075889512969226
resnet18_cartoon_seed387_to_art_painting_fraction50,resnet18_cartoon_seed387_to_art_painting,resnet18_cartoon_seed387,resnet18,cartoon,1,art_painting,387,0.5,50,11180103,1640,0.8680851063829788,716,205,410,0.2853658536585365,4.557747017464987,0.4707317073170731,2.367682396493307,0.1853658536585365,82,0.9776536312849162,0.4975609756097561,100,2300,100,0.0001,outputs\adapted_models\resnet18_cartoon_seed387_to_art_painting_fraction50.pth,outputs\adaptation_histories\resnet18_cartoon_seed387_to_art_painting_fraction50_history.csv,outputs\adaptation_plots\resnet18_cartoon_seed387_to_art_painting_fraction50.png,0.2975609756097561,4.075889512969226
resnet18_cartoon_seed387_to_art_painting_fraction100,resnet18_cartoon_seed387_to_art_painting,resnet18_cartoon_seed387,resnet18,cartoon,1,art_painting,387,1.0,100,11180103,1640,0.8680851063829788,1433,205,410,0.2853658536585365,4.557747017464987,0.5365853658536586,2.063180355909394,0.251219512195122,65,0.9623168178646196,0.6195121951219512,100,4500,100,0.0001,outputs\adapted_models\resnet18_cartoon_seed387_to_art_painting_fraction100.pth,outputs\adaptation_histories\resnet18_cartoon_seed387_to_art_painting_fraction100_history.csv,outputs\adaptation_plots\resnet18_cartoon_seed387_to_art_painting_fraction100.png,0.2975609756097561,4.075889512969226
resnet18_cartoon_seed387_to_photo_fraction5,resnet18_cartoon_seed387_to_photo,resnet18_cartoon_seed387,resnet18,cartoon,1,photo,387,0.05,5,11180103,1640,0.8680851063829788,58,167,334,0.4850299401197604,2.8442657493545624,0.5898203592814372,2.279906101569444,0.1047904191616767,47,0.9827586206896552,0.5868263473053892,100,200,100,0.0001,outputs\adapted_models\resnet18_cartoon_seed387_to_photo_fraction5.pth,outputs\adaptation_histories\resnet18_cartoon_seed387_to_photo_fraction5_history.csv,outputs\adaptation_plots\resnet18_cartoon_seed387_to_photo_fraction5.png,0.4730538922155688,3.0183774297108905
resnet18_cartoon_seed387_to_photo_fraction10,resnet18_cartoon_seed387_to_photo,resnet18_cartoon_seed387,resnet18,cartoon,1,photo,387,0.1,10,11180103,1640,0.8680851063829788,117,167,334,0.4850299401197604,2.8442657493545624,0.625748502994012,1.9924937722211824,0.1407185628742515,84,1.0,0.6167664670658682,100,400,100,0.0001,outputs\adapted_models\resnet18_cartoon_seed387_to_photo_fraction10.pth,outputs\adaptation_histories\resnet18_cartoon_seed387_to_photo_fraction10_history.csv,outputs\adaptation_plots\resnet18_cartoon_seed387_to_photo_fraction10.png,0.4730538922155688,3.0183774297108905
resnet18_cartoon_seed387_to_photo_fraction25,resnet18_cartoon_seed387_to_photo,resnet18_cartoon_seed387,resnet18,cartoon,1,photo,387,0.25,25,11180103,1640,0.8680851063829788,292,167,334,0.4850299401197604,2.8442657493545624,0.6946107784431138,1.3494154421869151,0.2095808383233533,96,0.9726027397260274,0.6946107784431138,100,1000,100,0.0001,outputs\adapted_models\resnet18_cartoon_seed387_to_photo_fraction25.pth,outputs\adaptation_histories\resnet18_cartoon_seed387_to_photo_fraction25_history.csv,outputs\adaptation_plots\resnet18_cartoon_seed387_to_photo_fraction25.png,0.4730538922155688,3.0183774297108905
resnet18_cartoon_seed387_to_photo_fraction50,resnet18_cartoon_seed387_to_photo,resnet18_cartoon_seed387,resnet18,cartoon,1,photo,387,0.5,50,11180103,1640,0.8680851063829788,585,167,334,0.4850299401197604,2.8442657493545624,0.7604790419161677,1.10959077880768,0.2754491017964072,98,0.9965811965811966,0.7305389221556886,100,1900,100,0.0001,outputs\adapted_models\resnet18_cartoon_seed387_to_photo_fraction50.pth,outputs\adaptation_histories\resnet18_cartoon_seed387_to_photo_fraction50_history.csv,outputs\adaptation_plots\resnet18_cartoon_seed387_to_photo_fraction50.png,0.4730538922155688,3.0183774297108905
resnet18_cartoon_seed387_to_photo_fraction100,resnet18_cartoon_seed387_to_photo,resnet18_cartoon_seed387,resnet18,cartoon,1,photo,387,1.0,100,11180103,1640,0.8680851063829788,1169,167,334,0.4850299401197604,2.8442657493545624,0.7784431137724551,0.9733548335686416,0.2934131736526946,93,0.9974337040205304,0.8083832335329342,100,3700,100,0.0001,outputs\adapted_models\resnet18_cartoon_seed387_to_photo_fraction100.pth,outputs\adaptation_histories\resnet18_cartoon_seed387_to_photo_fraction100_history.csv,outputs\adaptation_plots\resnet18_cartoon_seed387_to_photo_fraction100.png,0.4730538922155688,3.0183774297108905
resnet18_cartoon_seed387_to_sketch_fraction5,resnet18_cartoon_seed387_to_sketch,resnet18_cartoon_seed387,resnet18,cartoon,1,sketch,387,0.05,5,11180103,1640,0.8680851063829788,138,393,786,0.3384223918575064,4.582078957982342,0.6615776081424937,1.322048590080125,0.3231552162849873,100,0.9927536231884058,0.6641221374045801,100,500,100,0.0001,outputs\adapted_models\resnet18_cartoon_seed387_to_sketch_fraction5.pth,outputs\adaptation_histories\resnet18_cartoon_seed387_to_sketch_fraction5_history.csv,outputs\adaptation_plots\resnet18_cartoon_seed387_to_sketch_fraction5.png,0.3384223918575064,4.532467762022528
resnet18_cartoon_seed387_to_sketch_fraction10,resnet18_cartoon_seed387_to_sketch,resnet18_cartoon_seed387,resnet18,cartoon,1,sketch,387,0.1,10,11180103,1640,0.8680851063829788,275,393,786,0.3384223918575064,4.582078957982342,0.6984732824427481,0.991974624362004,0.3600508905852417,60,0.9272727272727272,0.6615776081424937,100,900,100,0.0001,outputs\adapted_models\resnet18_cartoon_seed387_to_sketch_fraction10.pth,outputs\adaptation_histories\resnet18_cartoon_seed387_to_sketch_fraction10_history.csv,outputs\adaptation_plots\resnet18_cartoon_seed387_to_sketch_fraction10.png,0.3384223918575064,4.532467762022528
resnet18_cartoon_seed387_to_sketch_fraction25,resnet18_cartoon_seed387_to_sketch,resnet18_cartoon_seed387,resnet18,cartoon,1,sketch,387,0.25,25,11180103,1640,0.8680851063829788,688,393,786,0.3384223918575064,4.582078957982342,0.7709923664122137,0.8458461082011992,0.4325699745547073,87,0.9898255813953488,0.7684478371501272,100,2200,100,0.0001,outputs\adapted_models\resnet18_cartoon_seed387_to_sketch_fraction25.pth,outputs\adaptation_histories\resnet18_cartoon_seed387_to_sketch_fraction25_history.csv,outputs\adaptation_plots\resnet18_cartoon_seed387_to_sketch_fraction25.png,0.3384223918575064,4.532467762022528
resnet18_cartoon_seed387_to_sketch_fraction50,resnet18_cartoon_seed387_to_sketch,resnet18_cartoon_seed387,resnet18,cartoon,1,sketch,387,0.5,50,11180103,1640,0.8680851063829788,1375,393,786,0.3384223918575064,4.582078957982342,0.8206106870229007,0.6372271324235368,0.4821882951653943,81,0.9963636363636365,0.8498727735368957,100,4300,100,0.0001,outputs\adapted_models\resnet18_cartoon_seed387_to_sketch_fraction50.pth,outputs\adaptation_histories\resnet18_cartoon_seed387_to_sketch_fraction50_history.csv,outputs\adaptation_plots\resnet18_cartoon_seed387_to_sketch_fraction50.png,0.3384223918575064,4.532467762022528
resnet18_cartoon_seed387_to_sketch_fraction100,resnet18_cartoon_seed387_to_sketch,resnet18_cartoon_seed387,resnet18,cartoon,1,sketch,387,1.0,100,11180103,1640,0.8680851063829788,2750,393,786,0.3384223918575064,4.582078957982342,0.8816793893129771,0.4286299526084773,0.5432569974554706,68,0.9898181818181818,0.8854961832061069,100,8600,100,0.0001,outputs\adapted_models\resnet18_cartoon_seed387_to_sketch_fraction100.pth,outputs\adaptation_histories\resnet18_cartoon_seed387_to_sketch_fraction100_history.csv,outputs\adaptation_plots\resnet18_cartoon_seed387_to_sketch_fraction100.png,0.3384223918575064,4.532467762022528
resnet18_photo_seed42_to_art_painting_fraction5,resnet18_photo_seed42_to_art_painting,resnet18_photo_seed42,resnet18,photo,1,art_painting,42,0.05,5,11180103,1169,0.8023952095808383,71,205,410,0.2585365853658536,4.810587701564882,0.375609756097561,3.5076715050674068,0.1170731707317073,74,0.971830985915493,0.3951219512195122,100,300,100,0.0001,outputs\adapted_models\resnet18_photo_seed42_to_art_painting_fraction5.pth,outputs\adaptation_histories\resnet18_photo_seed42_to_art_painting_fraction5_history.csv,outputs\adaptation_plots\resnet18_photo_seed42_to_art_painting_fraction5.png,0.3121951219512195,4.912972631687071
resnet18_photo_seed42_to_art_painting_fraction10,resnet18_photo_seed42_to_art_painting,resnet18_photo_seed42,resnet18,photo,1,art_painting,42,0.1,10,11180103,1169,0.8023952095808383,143,205,410,0.2585365853658536,4.810587701564882,0.4365853658536585,3.041657461771151,0.1780487804878048,94,0.986013986013986,0.4097560975609756,100,500,100,0.0001,outputs\adapted_models\resnet18_photo_seed42_to_art_painting_fraction10.pth,outputs\adaptation_histories\resnet18_photo_seed42_to_art_painting_fraction10_history.csv,outputs\adaptation_plots\resnet18_photo_seed42_to_art_painting_fraction10.png,0.3121951219512195,4.912972631687071
resnet18_photo_seed42_to_art_painting_fraction25,resnet18_photo_seed42_to_art_painting,resnet18_photo_seed42,resnet18,photo,1,art_painting,42,0.25,25,11180103,1169,0.8023952095808383,358,205,410,0.2585365853658536,4.810587701564882,0.4682926829268293,2.3855918605153152,0.2097560975609756,71,0.946927374301676,0.4878048780487805,100,1200,100,0.0001,outputs\adapted_models\resnet18_photo_seed42_to_art_painting_fraction25.pth,outputs\adaptation_histories\resnet18_photo_seed42_to_art_painting_fraction25_history.csv,outputs\adaptation_plots\resnet18_photo_seed42_to_art_painting_fraction25.png,0.3121951219512195,4.912972631687071
resnet18_photo_seed42_to_art_painting_fraction50,resnet18_photo_seed42_to_art_painting,resnet18_photo_seed42,resnet18,photo,1,art_painting,42,0.5,50,11180103,1169,0.8023952095808383,716,205,410,0.2585365853658536,4.810587701564882,0.5292682926829269,2.252934004620808,0.2707317073170732,77,0.9776536312849162,0.5804878048780487,100,2300,100,0.0001,outputs\adapted_models\resnet18_photo_seed42_to_art_painting_fraction50.pth,outputs\adaptation_histories\resnet18_photo_seed42_to_art_painting_fraction50_history.csv,outputs\adaptation_plots\resnet18_photo_seed42_to_art_painting_fraction50.png,0.3121951219512195,4.912972631687071
resnet18_photo_seed42_to_art_painting_fraction100,resnet18_photo_seed42_to_art_painting,resnet18_photo_seed42,resnet18,photo,1,art_painting,42,1.0,100,11180103,1169,0.8023952095808383,1433,205,410,0.2585365853658536,4.810587701564882,0.5975609756097561,2.225229002789753,0.3390243902439024,82,0.9797627355198884,0.6341463414634146,100,4500,100,0.0001,outputs\adapted_models\resnet18_photo_seed42_to_art_painting_fraction100.pth,outputs\adaptation_histories\resnet18_photo_seed42_to_art_painting_fraction100_history.csv,outputs\adaptation_plots\resnet18_photo_seed42_to_art_painting_fraction100.png,0.3121951219512195,4.912972631687071
resnet18_photo_seed42_to_cartoon_fraction5,resnet18_photo_seed42_to_cartoon,resnet18_photo_seed42,resnet18,photo,1,cartoon,42,0.05,5,11180103,1169,0.8023952095808383,82,235,469,0.2217484008528784,5.4257574183091934,0.5437100213219617,2.7787373914901634,0.3219616204690831,100,1.0,0.5404255319148936,100,300,100,0.0001,outputs\adapted_models\resnet18_photo_seed42_to_cartoon_fraction5.pth,outputs\adaptation_histories\resnet18_photo_seed42_to_cartoon_fraction5_history.csv,outputs\adaptation_plots\resnet18_photo_seed42_to_cartoon_fraction5.png,0.225531914893617,5.738468332493559
resnet18_photo_seed42_to_cartoon_fraction10,resnet18_photo_seed42_to_cartoon,resnet18_photo_seed42,resnet18,photo,1,cartoon,42,0.1,10,11180103,1169,0.8023952095808383,164,235,469,0.2217484008528784,5.4257574183091934,0.5607675906183369,2.168736838074381,0.3390191897654584,99,0.975609756097561,0.6127659574468085,100,600,100,0.0001,outputs\adapted_models\resnet18_photo_seed42_to_cartoon_fraction10.pth,outputs\adaptation_histories\resnet18_photo_seed42_to_cartoon_fraction10_history.csv,outputs\adaptation_plots\resnet18_photo_seed42_to_cartoon_fraction10.png,0.225531914893617,5.738468332493559
resnet18_photo_seed42_to_cartoon_fraction25,resnet18_photo_seed42_to_cartoon,resnet18_photo_seed42,resnet18,photo,1,cartoon,42,0.25,25,11180103,1169,0.8023952095808383,410,235,469,0.2217484008528784,5.4257574183091934,0.673773987206823,1.6107811917628307,0.4520255863539445,92,0.9951219512195122,0.7021276595744681,100,1300,100,0.0001,outputs\adapted_models\resnet18_photo_seed42_to_cartoon_fraction25.pth,outputs\adaptation_histories\resnet18_photo_seed42_to_cartoon_fraction25_history.csv,outputs\adaptation_plots\resnet18_photo_seed42_to_cartoon_fraction25.png,0.225531914893617,5.738468332493559
resnet18_photo_seed42_to_cartoon_fraction50,resnet18_photo_seed42_to_cartoon,resnet18_photo_seed42,resnet18,photo,1,cartoon,42,0.5,50,11180103,1169,0.8023952095808383,821,235,469,0.2217484008528784,5.4257574183091934,0.7569296375266524,1.2404654285292636,0.5351812366737739,85,0.9890377588306942,0.7914893617021277,100,2600,100,0.0001,outputs\adapted_models\resnet18_photo_seed42_to_cartoon_fraction50.pth,outputs\adaptation_histories\resnet18_photo_seed42_to_cartoon_fraction50_history.csv,outputs\adaptation_plots\resnet18_photo_seed42_to_cartoon_fraction50.png,0.225531914893617,5.738468332493559
resnet18_photo_seed42_to_cartoon_fraction100,resnet18_photo_seed42_to_cartoon,resnet18_photo_seed42,resnet18,photo,1,cartoon,42,1.0,100,11180103,1169,0.8023952095808383,1640,235,469,0.2217484008528784,5.4257574183091934,0.8166311300639659,0.9540278265979498,0.5948827292110874,98,0.9981707317073172,0.8468085106382979,100,5200,100,0.0001,outputs\adapted_models\resnet18_photo_seed42_to_cartoon_fraction100.pth,outputs\adaptation_histories\resnet18_photo_seed42_to_cartoon_fraction100_history.csv,outputs\adaptation_plots\resnet18_photo_seed42_to_cartoon_fraction100.png,0.225531914893617,5.738468332493559
resnet18_photo_seed42_to_sketch_fraction5,resnet18_photo_seed42_to_sketch,resnet18_photo_seed42,resnet18,photo,1,sketch,42,0.05,5,11180103,1169,0.8023952095808383,138,393,786,0.1768447837150127,6.391062690404839,0.5852417302798982,1.7156325963920611,0.4083969465648855,80,0.9782608695652174,0.5979643765903307,100,500,100,0.0001,outputs\adapted_models\resnet18_photo_seed42_to_sketch_fraction5.pth,outputs\adaptation_histories\resnet18_photo_seed42_to_sketch_fraction5_history.csv,outputs\adaptation_plots\resnet18_photo_seed42_to_sketch_fraction5.png,0.188295165394402,6.217438598322201
resnet18_photo_seed42_to_sketch_fraction10,resnet18_photo_seed42_to_sketch,resnet18_photo_seed42,resnet18,photo,1,sketch,42,0.1,10,11180103,1169,0.8023952095808383,275,393,786,0.1768447837150127,6.391062690404839,0.6793893129770993,1.325102217628149,0.5025445292620865,98,0.9927272727272728,0.6717557251908397,100,900,100,0.0001,outputs\adapted_models\resnet18_photo_seed42_to_sketch_fraction10.pth,outputs\adaptation_histories\resnet18_photo_seed42_to_sketch_fraction10_history.csv,outputs\adaptation_plots\resnet18_photo_seed42_to_sketch_fraction10.png,0.188295165394402,6.217438598322201
resnet18_photo_seed42_to_sketch_fraction25,resnet18_photo_seed42_to_sketch,resnet18_photo_seed42,resnet18,photo,1,sketch,42,0.25,25,11180103,1169,0.8023952095808383,688,393,786,0.1768447837150127,6.391062690404839,0.7633587786259542,0.969507185860748,0.5865139949109415,100,0.9898255813953488,0.7735368956743003,100,2200,100,0.0001,outputs\adapted_models\resnet18_photo_seed42_to_sketch_fraction25.pth,outputs\adaptation_histories\resnet18_photo_seed42_to_sketch_fraction25_history.csv,outputs\adaptation_plots\resnet18_photo_seed42_to_sketch_fraction25.png,0.188295165394402,6.217438598322201
resnet18_photo_seed42_to_sketch_fraction50,resnet18_photo_seed42_to_sketch,resnet18_photo_seed42,resnet18,photo,1,sketch,42,0.5,50,11180103,1169,0.8023952095808383,1375,393,786,0.1768447837150127,6.391062690404839,0.8142493638676844,0.7420913317731319,0.6374045801526718,97,0.9934545454545456,0.8371501272264631,100,4300,100,0.0001,outputs\adapted_models\resnet18_photo_seed42_to_sketch_fraction50.pth,outputs\adaptation_histories\resnet18_photo_seed42_to_sketch_fraction50_history.csv,outputs\adaptation_plots\resnet18_photo_seed42_to_sketch_fraction50.png,0.188295165394402,6.217438598322201
resnet18_photo_seed42_to_sketch_fraction100,resnet18_photo_seed42_to_sketch,resnet18_photo_seed42,resnet18,photo,1,sketch,42,1.0,100,11180103,1169,0.8023952095808383,2750,393,786,0.1768447837150127,6.391062690404839,0.8854961832061069,0.4332929209595115,0.7086513994910941,90,0.9941818181818182,0.8651399491094147,100,8600,100,0.0001,outputs\adapted_models\resnet18_photo_seed42_to_sketch_fraction100.pth,outputs\adaptation_histories\resnet18_photo_seed42_to_sketch_fraction100_history.csv,outputs\adaptation_plots\resnet18_photo_seed42_to_sketch_fraction100.png,0.188295165394402,6.217438598322201
resnet18_photo_seed387_to_art_painting_fraction5,resnet18_photo_seed387_to_art_painting,resnet18_photo_seed387,resnet18,photo,1,art_painting,387,0.05,5,11180103,1169,0.8143712574850299,71,205,410,0.2682926829268293,4.693740602818931,0.3341463414634146,3.6881705865627374,0.0658536585365853,26,0.7605633802816901,0.448780487804878,100,300,100,0.0001,outputs\adapted_models\resnet18_photo_seed387_to_art_painting_fraction5.pth,outputs\adaptation_histories\resnet18_photo_seed387_to_art_painting_fraction5_history.csv,outputs\adaptation_plots\resnet18_photo_seed387_to_art_painting_fraction5.png,0.3219512195121951,4.736873794183499
resnet18_photo_seed387_to_art_painting_fraction10,resnet18_photo_seed387_to_art_painting,resnet18_photo_seed387,resnet18,photo,1,art_painting,387,0.1,10,11180103,1169,0.8143712574850299,143,205,410,0.2682926829268293,4.693740602818931,0.4048780487804878,3.088667129888768,0.1365853658536585,54,0.9370629370629372,0.4682926829268293,100,500,100,0.0001,outputs\adapted_models\resnet18_photo_seed387_to_art_painting_fraction10.pth,outputs\adaptation_histories\resnet18_photo_seed387_to_art_painting_fraction10_history.csv,outputs\adaptation_plots\resnet18_photo_seed387_to_art_painting_fraction10.png,0.3219512195121951,4.736873794183499
resnet18_photo_seed387_to_art_painting_fraction25,resnet18_photo_seed387_to_art_painting,resnet18_photo_seed387,resnet18,photo,1,art_painting,387,0.25,25,11180103,1169,0.8143712574850299,358,205,410,0.2682926829268293,4.693740602818931,0.4804878048780487,2.7959170411272747,0.2121951219512194,94,0.9804469273743016,0.5609756097560976,100,1200,100,0.0001,outputs\adapted_models\resnet18_photo_seed387_to_art_painting_fraction25.pth,outputs\adaptation_histories\resnet18_photo_seed387_to_art_painting_fraction25_history.csv,outputs\adaptation_plots\resnet18_photo_seed387_to_art_painting_fraction25.png,0.3219512195121951,4.736873794183499
resnet18_photo_seed387_to_art_painting_fraction50,resnet18_photo_seed387_to_art_painting,resnet18_photo_seed387,resnet18,photo,1,art_painting,387,0.5,50,11180103,1169,0.8143712574850299,716,205,410,0.2682926829268293,4.693740602818931,0.5121951219512195,2.660887853110709,0.2439024390243902,90,0.9860335195530726,0.551219512195122,100,2300,100,0.0001,outputs\adapted_models\resnet18_photo_seed387_to_art_painting_fraction50.pth,outputs\adaptation_histories\resnet18_photo_seed387_to_art_painting_fraction50_history.csv,outputs\adaptation_plots\resnet18_photo_seed387_to_art_painting_fraction50.png,0.3219512195121951,4.736873794183499
resnet18_photo_seed387_to_art_painting_fraction100,resnet18_photo_seed387_to_art_painting,resnet18_photo_seed387,resnet18,photo,1,art_painting,387,1.0,100,11180103,1169,0.8143712574850299,1433,205,410,0.2682926829268293,4.693740602818931,0.6048780487804878,2.466112960257181,0.3365853658536585,98,0.9867411025819958,0.6439024390243903,100,4500,100,0.0001,outputs\adapted_models\resnet18_photo_seed387_to_art_painting_fraction100.pth,outputs\adaptation_histories\resnet18_photo_seed387_to_art_painting_fraction100_history.csv,outputs\adaptation_plots\resnet18_photo_seed387_to_art_painting_fraction100.png,0.3219512195121951,4.736873794183499
resnet18_photo_seed387_to_cartoon_fraction5,resnet18_photo_seed387_to_cartoon,resnet18_photo_seed387,resnet18,photo,1,cartoon,387,0.05,5,11180103,1169,0.8143712574850299,82,235,469,0.3070362473347548,4.17640591684435,0.535181236673774,2.3869164391621345,0.2281449893390192,71,0.9878048780487804,0.5617021276595745,100,300,100,0.0001,outputs\adapted_models\resnet18_photo_seed387_to_cartoon_fraction5.pth,outputs\adaptation_histories\resnet18_photo_seed387_to_cartoon_fraction5_history.csv,outputs\adaptation_plots\resnet18_photo_seed387_to_cartoon_fraction5.png,0.2893617021276595,4.485292962256898
resnet18_photo_seed387_to_cartoon_fraction10,resnet18_photo_seed387_to_cartoon,resnet18_photo_seed387,resnet18,photo,1,cartoon,387,0.1,10,11180103,1169,0.8143712574850299,164,235,469,0.3070362473347548,4.17640591684435,0.5863539445628998,1.974230882201368,0.279317697228145,91,0.975609756097561,0.6297872340425532,100,600,100,0.0001,outputs\adapted_models\resnet18_photo_seed387_to_cartoon_fraction10.pth,outputs\adaptation_histories\resnet18_photo_seed387_to_cartoon_fraction10_history.csv,outputs\adaptation_plots\resnet18_photo_seed387_to_cartoon_fraction10.png,0.2893617021276595,4.485292962256898
resnet18_photo_seed387_to_cartoon_fraction25,resnet18_photo_seed387_to_cartoon,resnet18_photo_seed387,resnet18,photo,1,cartoon,387,0.25,25,11180103,1169,0.8143712574850299,410,235,469,0.3070362473347548,4.17640591684435,0.6631130063965884,1.5644072591623008,0.3560767590618336,78,0.9951219512195122,0.6893617021276596,100,1300,100,0.0001,outputs\adapted_models\resnet18_photo_seed387_to_cartoon_fraction25.pth,outputs\adaptation_histories\resnet18_photo_seed387_to_cartoon_fraction25_history.csv,outputs\adaptation_plots\resnet18_photo_seed387_to_cartoon_fraction25.png,0.2893617021276595,4.485292962256898
resnet18_photo_seed387_to_cartoon_fraction50,resnet18_photo_seed387_to_cartoon,resnet18_photo_seed387,resnet18,photo,1,cartoon,387,0.5,50,11180103,1169,0.8143712574850299,821,235,469,0.3070362473347548,4.17640591684435,0.744136460554371,1.2758555341122757,0.4371002132196162,100,0.995127892813642,0.7659574468085106,100,2600,100,0.0001,outputs\adapted_models\resnet18_photo_seed387_to_cartoon_fraction50.pth,outputs\adaptation_histories\resnet18_photo_seed387_to_cartoon_fraction50_history.csv,outputs\adaptation_plots\resnet18_photo_seed387_to_cartoon_fraction50.png,0.2893617021276595,4.485292962256898
resnet18_photo_seed387_to_cartoon_fraction100,resnet18_photo_seed387_to_cartoon,resnet18_photo_seed387,resnet18,photo,1,cartoon,387,1.0,100,11180103,1169,0.8143712574850299,1640,235,469,0.3070362473347548,4.17640591684435,0.7825159914712153,1.029959609513598,0.4754797441364605,87,0.9945121951219512,0.825531914893617,100,5200,100,0.0001,outputs\adapted_models\resnet18_photo_seed387_to_cartoon_fraction100.pth,outputs\adaptation_histories\resnet18_photo_seed387_to_cartoon_fraction100_history.csv,outputs\adaptation_plots\resnet18_photo_seed387_to_cartoon_fraction100.png,0.2893617021276595,4.485292962256898
resnet18_photo_seed387_to_sketch_fraction5,resnet18_photo_seed387_to_sketch,resnet18_photo_seed387,resnet18,photo,1,sketch,387,0.05,5,11180103,1169,0.8143712574850299,138,393,786,0.2315521628498727,5.768092206416239,0.6068702290076335,1.557804811395155,0.3753180661577607,87,0.9782608695652174,0.6335877862595419,100,500,100,0.0001,outputs\adapted_models\resnet18_photo_seed387_to_sketch_fraction5.pth,outputs\adaptation_histories\resnet18_photo_seed387_to_sketch_fraction5_history.csv,outputs\adaptation_plots\resnet18_photo_seed387_to_sketch_fraction5.png,0.2137404580152671,5.89722460098849
resnet18_photo_seed387_to_sketch_fraction10,resnet18_photo_seed387_to_sketch,resnet18_photo_seed387,resnet18,photo,1,sketch,387,0.1,10,11180103,1169,0.8143712574850299,275,393,786,0.2315521628498727,5.768092206416239,0.6577608142493638,1.3139185602125016,0.426208651399491,91,1.0,0.712468193384224,100,900,100,0.0001,outputs\adapted_models\resnet18_photo_seed387_to_sketch_fraction10.pth,outputs\adaptation_histories\resnet18_photo_seed387_to_sketch_fraction10_history.csv,outputs\adaptation_plots\resnet18_photo_seed387_to_sketch_fraction10.png,0.2137404580152671,5.89722460098849
resnet18_photo_seed387_to_sketch_fraction25,resnet18_photo_seed387_to_sketch,resnet18_photo_seed387,resnet18,photo,1,sketch,387,0.25,25,11180103,1169,0.8143712574850299,688,393,786,0.2315521628498727,5.768092206416239,0.7608142493638677,0.9017780706779344,0.5292620865139949,74,0.9927325581395348,0.7811704834605598,100,2200,100,0.0001,outputs\adapted_models\resnet18_photo_seed387_to_sketch_fraction25.pth,outputs\adaptation_histories\resnet18_photo_seed387_to_sketch_fraction25_history.csv,outputs\adaptation_plots\resnet18_photo_seed387_to_sketch_fraction25.png,0.2137404580152671,5.89722460098849
resnet18_photo_seed387_to_sketch_fraction50,resnet18_photo_seed387_to_sketch,resnet18_photo_seed387,resnet18,photo,1,sketch,387,0.5,50,11180103,1169,0.8143712574850299,1375,393,786,0.2315521628498727,5.768092206416239,0.8142493638676844,0.7225893890584698,0.5826972010178116,90,0.9927272727272728,0.8244274809160306,100,4300,100,0.0001,outputs\adapted_models\resnet18_photo_seed387_to_sketch_fraction50.pth,outputs\adaptation_histories\resnet18_photo_seed387_to_sketch_fraction50_history.csv,outputs\adaptation_plots\resnet18_photo_seed387_to_sketch_fraction50.png,0.2137404580152671,5.89722460098849
resnet18_photo_seed387_to_sketch_fraction100,resnet18_photo_seed387_to_sketch,resnet18_photo_seed387,resnet18,photo,1,sketch,387,1.0,100,11180103,1169,0.8143712574850299,2750,393,786,0.2315521628498727,5.768092206416239,0.8854961832061069,0.4734087987558835,0.6539440203562341,62,0.98,0.8727735368956743,100,8600,100,0.0001,outputs\adapted_models\resnet18_photo_seed387_to_sketch_fraction100.pth,outputs\adaptation_histories\resnet18_photo_seed387_to_sketch_fraction100_history.csv,outputs\adaptation_plots\resnet18_photo_seed387_to_sketch_fraction100.png,0.2137404580152671,5.89722460098849
resnet18_sketch_seed42_to_art_painting_fraction5,resnet18_sketch_seed42_to_art_painting,resnet18_sketch_seed42,resnet18,sketch,1,art_painting,42,0.05,5,11180103,2750,0.8854961832061069,71,205,410,0.1512195121951219,24.259518507050306,0.3048780487804878,4.741497039794922,0.1536585365853658,83,0.9859154929577464,0.3658536585365853,100,300,100,0.0001,outputs\adapted_models\resnet18_sketch_seed42_to_art_painting_fraction5.pth,outputs\adaptation_histories\resnet18_sketch_seed42_to_art_painting_fraction5_history.csv,outputs\adaptation_plots\resnet18_sketch_seed42_to_art_painting_fraction5.png,0.1560975609756097,24.16505573551829
resnet18_sketch_seed42_to_art_painting_fraction10,resnet18_sketch_seed42_to_art_painting,resnet18_sketch_seed42,resnet18,sketch,1,art_painting,42,0.1,10,11180103,2750,0.8854961832061069,143,205,410,0.1512195121951219,24.259518507050306,0.3536585365853658,3.7747748398199312,0.2024390243902439,97,0.986013986013986,0.4341463414634146,100,500,100,0.0001,outputs\adapted_models\resnet18_sketch_seed42_to_art_painting_fraction10.pth,outputs\adaptation_histories\resnet18_sketch_seed42_to_art_painting_fraction10_history.csv,outputs\adaptation_plots\resnet18_sketch_seed42_to_art_painting_fraction10.png,0.1560975609756097,24.16505573551829
resnet18_sketch_seed42_to_art_painting_fraction25,resnet18_sketch_seed42_to_art_painting,resnet18_sketch_seed42,resnet18,sketch,1,art_painting,42,0.25,25,11180103,2750,0.8854961832061069,358,205,410,0.1512195121951219,24.259518507050306,0.3975609756097561,2.3858606198938883,0.2463414634146341,45,0.8240223463687151,0.4780487804878048,100,1200,100,0.0001,outputs\adapted_models\resnet18_sketch_seed42_to_art_painting_fraction25.pth,outputs\adaptation_histories\resnet18_sketch_seed42_to_art_painting_fraction25_history.csv,outputs\adaptation_plots\resnet18_sketch_seed42_to_art_painting_fraction25.png,0.1560975609756097,24.16505573551829
resnet18_sketch_seed42_to_art_painting_fraction50,resnet18_sketch_seed42_to_art_painting,resnet18_sketch_seed42,resnet18,sketch,1,art_painting,42,0.5,50,11180103,2750,0.8854961832061069,716,205,410,0.1512195121951219,24.259518507050306,0.5146341463414634,1.7703600906744237,0.3634146341463414,57,0.9189944134078212,0.551219512195122,100,2300,100,0.0001,outputs\adapted_models\resnet18_sketch_seed42_to_art_painting_fraction50.pth,outputs\adaptation_histories\resnet18_sketch_seed42_to_art_painting_fraction50_history.csv,outputs\adaptation_plots\resnet18_sketch_seed42_to_art_painting_fraction50.png,0.1560975609756097,24.16505573551829
resnet18_sketch_seed42_to_art_painting_fraction100,resnet18_sketch_seed42_to_art_painting,resnet18_sketch_seed42,resnet18,sketch,1,art_painting,42,1.0,100,11180103,2750,0.8854961832061069,1433,205,410,0.1512195121951219,24.259518507050306,0.5756097560975609,1.694215830360971,0.4243902439024389,74,0.9706908583391486,0.6439024390243903,100,4500,100,0.0001,outputs\adapted_models\resnet18_sketch_seed42_to_art_painting_fraction100.pth,outputs\adaptation_histories\resnet18_sketch_seed42_to_art_painting_fraction100_history.csv,outputs\adaptation_plots\resnet18_sketch_seed42_to_art_painting_fraction100.png,0.1560975609756097,24.16505573551829
resnet18_sketch_seed42_to_cartoon_fraction5,resnet18_sketch_seed42_to_cartoon,resnet18_sketch_seed42,resnet18,sketch,1,cartoon,42,0.05,5,11180103,2750,0.8854961832061069,82,235,469,0.3113006396588486,11.016533597445946,0.5159914712153518,3.2455013332082263,0.2046908315565032,27,0.8292682926829268,0.548936170212766,100,300,100,0.0001,outputs\adapted_models\resnet18_sketch_seed42_to_cartoon_fraction5.pth,outputs\adaptation_histories\resnet18_sketch_seed42_to_cartoon_fraction5_history.csv,outputs\adaptation_plots\resnet18_sketch_seed42_to_cartoon_fraction5.png,0.2765957446808511,11.237228718209774
resnet18_sketch_seed42_to_cartoon_fraction10,resnet18_sketch_seed42_to_cartoon,resnet18_sketch_seed42,resnet18,sketch,1,cartoon,42,0.1,10,11180103,2750,0.8854961832061069,164,235,469,0.3113006396588486,11.016533597445946,0.5884861407249466,2.184997766002663,0.277185501066098,88,0.9573170731707316,0.625531914893617,100,600,100,0.0001,outputs\adapted_models\resnet18_sketch_seed42_to_cartoon_fraction10.pth,outputs\adaptation_histories\resnet18_sketch_seed42_to_cartoon_fraction10_history.csv,outputs\adaptation_plots\resnet18_sketch_seed42_to_cartoon_fraction10.png,0.2765957446808511,11.237228718209774
resnet18_sketch_seed42_to_cartoon_fraction25,resnet18_sketch_seed42_to_cartoon,resnet18_sketch_seed42,resnet18,sketch,1,cartoon,42,0.25,25,11180103,2750,0.8854961832061069,410,235,469,0.3113006396588486,11.016533597445946,0.7036247334754797,1.4351404531678158,0.3923240938166311,98,0.9951219512195122,0.7404255319148936,100,1300,100,0.0001,outputs\adapted_models\resnet18_sketch_seed42_to_cartoon_fraction25.pth,outputs\adaptation_histories\resnet18_sketch_seed42_to_cartoon_fraction25_history.csv,outputs\adaptation_plots\resnet18_sketch_seed42_to_cartoon_fraction25.png,0.2765957446808511,11.237228718209774
resnet18_sketch_seed42_to_cartoon_fraction50,resnet18_sketch_seed42_to_cartoon,resnet18_sketch_seed42,resnet18,sketch,1,cartoon,42,0.5,50,11180103,2750,0.8854961832061069,821,235,469,0.3113006396588486,11.016533597445946,0.7526652452025586,1.0258116833945072,0.44136460554371,81,0.9890377588306942,0.7957446808510639,100,2600,100,0.0001,outputs\adapted_models\resnet18_sketch_seed42_to_cartoon_fraction50.pth,outputs\adaptation_histories\resnet18_sketch_seed42_to_cartoon_fraction50_history.csv,outputs\adaptation_plots\resnet18_sketch_seed42_to_cartoon_fraction50.png,0.2765957446808511,11.237228718209774
resnet18_sketch_seed42_to_cartoon_fraction100,resnet18_sketch_seed42_to_cartoon,resnet18_sketch_seed42,resnet18,sketch,1,cartoon,42,1.0,100,11180103,2750,0.8854961832061069,1640,235,469,0.3113006396588486,11.016533597445946,0.8187633262260128,0.7991185757651258,0.5074626865671641,99,0.996341463414634,0.8553191489361702,100,5200,100,0.0001,outputs\adapted_models\resnet18_sketch_seed42_to_cartoon_fraction100.pth,outputs\adaptation_histories\resnet18_sketch_seed42_to_cartoon_fraction100_history.csv,outputs\adaptation_plots\resnet18_sketch_seed42_to_cartoon_fraction100.png,0.2765957446808511,11.237228718209774
resnet18_sketch_seed42_to_photo_fraction5,resnet18_sketch_seed42_to_photo,resnet18_sketch_seed42,resnet18,sketch,1,photo,42,0.05,5,11180103,2750,0.8854961832061069,58,167,334,0.1676646706586826,22.69407370561612,0.4790419161676646,3.336642008341715,0.311377245508982,67,1.0,0.4850299401197604,100,200,100,0.0001,outputs\adapted_models\resnet18_sketch_seed42_to_photo_fraction5.pth,outputs\adaptation_histories\resnet18_sketch_seed42_to_photo_fraction5_history.csv,outputs\adaptation_plots\resnet18_sketch_seed42_to_photo_fraction5.png,0.1736526946107784,22.09733142966996
resnet18_sketch_seed42_to_photo_fraction10,resnet18_sketch_seed42_to_photo,resnet18_sketch_seed42,resnet18,sketch,1,photo,42,0.1,10,11180103,2750,0.8854961832061069,117,167,334,0.1676646706586826,22.69407370561612,0.5688622754491018,2.521466557851095,0.4011976047904192,87,0.9829059829059827,0.5508982035928144,100,400,100,0.0001,outputs\adapted_models\resnet18_sketch_seed42_to_photo_fraction10.pth,outputs\adaptation_histories\resnet18_sketch_seed42_to_photo_fraction10_history.csv,outputs\adaptation_plots\resnet18_sketch_seed42_to_photo_fraction10.png,0.1736526946107784,22.09733142966996
resnet18_sketch_seed42_to_photo_fraction25,resnet18_sketch_seed42_to_photo,resnet18_sketch_seed42,resnet18,sketch,1,photo,42,0.25,25,11180103,2750,0.8854961832061069,292,167,334,0.1676646706586826,22.69407370561612,0.6826347305389222,1.5193566276641663,0.5149700598802396,94,0.976027397260274,0.6826347305389222,100,1000,100,0.0001,outputs\adapted_models\resnet18_sketch_seed42_to_photo_fraction25.pth,outputs\adaptation_histories\resnet18_sketch_seed42_to_photo_fraction25_history.csv,outputs\adaptation_plots\resnet18_sketch_seed42_to_photo_fraction25.png,0.1736526946107784,22.09733142966996
resnet18_sketch_seed42_to_photo_fraction50,resnet18_sketch_seed42_to_photo,resnet18_sketch_seed42,resnet18,sketch,1,photo,42,0.5,50,11180103,2750,0.8854961832061069,585,167,334,0.1676646706586826,22.69407370561612,0.7485029940119761,0.9852215872553294,0.5808383233532934,71,0.9794871794871794,0.7664670658682635,100,1900,100,0.0001,outputs\adapted_models\resnet18_sketch_seed42_to_photo_fraction50.pth,outputs\adaptation_histories\resnet18_sketch_seed42_to_photo_fraction50_history.csv,outputs\adaptation_plots\resnet18_sketch_seed42_to_photo_fraction50.png,0.1736526946107784,22.09733142966996
resnet18_sketch_seed42_to_photo_fraction100,resnet18_sketch_seed42_to_photo,resnet18_sketch_seed42,resnet18,sketch,1,photo,42,1.0,100,11180103,2750,0.8854961832061069,1169,167,334,0.1676646706586826,22.69407370561612,0.8023952095808383,0.6877563727829985,0.6347305389221557,36,0.924721984602224,0.7964071856287425,100,3700,100,0.0001,outputs\adapted_models\resnet18_sketch_seed42_to_photo_fraction100.pth,outputs\adaptation_histories\resnet18_sketch_seed42_to_photo_fraction100_history.csv,outputs\adaptation_plots\resnet18_sketch_seed42_to_photo_fraction100.png,0.1736526946107784,22.09733142966996
resnet18_sketch_seed387_to_art_painting_fraction5,resnet18_sketch_seed387_to_art_painting,resnet18_sketch_seed387,resnet18,sketch,1,art_painting,387,0.05,5,11180103,2750,0.9033078880407124,71,205,410,0.173170731707317,7.288183891482469,0.324390243902439,5.764004051394579,0.1512195121951219,71,0.8309859154929577,0.3512195121951219,100,300,100,0.0001,outputs\adapted_models\resnet18_sketch_seed387_to_art_painting_fraction5.pth,outputs\adaptation_histories\resnet18_sketch_seed387_to_art_painting_fraction5_history.csv,outputs\adaptation_plots\resnet18_sketch_seed387_to_art_painting_fraction5.png,0.1560975609756097,7.578376174554593
resnet18_sketch_seed387_to_art_painting_fraction10,resnet18_sketch_seed387_to_art_painting,resnet18_sketch_seed387,resnet18,sketch,1,art_painting,387,0.1,10,11180103,2750,0.9033078880407124,143,205,410,0.173170731707317,7.288183891482469,0.3585365853658536,4.4409460114269725,0.1853658536585365,88,0.9370629370629372,0.4195121951219512,100,500,100,0.0001,outputs\adapted_models\resnet18_sketch_seed387_to_art_painting_fraction10.pth,outputs\adaptation_histories\resnet18_sketch_seed387_to_art_painting_fraction10_history.csv,outputs\adaptation_plots\resnet18_sketch_seed387_to_art_painting_fraction10.png,0.1560975609756097,7.578376174554593
resnet18_sketch_seed387_to_art_painting_fraction25,resnet18_sketch_seed387_to_art_painting,resnet18_sketch_seed387,resnet18,sketch,1,art_painting,387,0.25,25,11180103,2750,0.9033078880407124,358,205,410,0.173170731707317,7.288183891482469,0.448780487804878,2.633622025280464,0.275609756097561,99,0.9301675977653632,0.5024390243902439,100,1200,100,0.0001,outputs\adapted_models\resnet18_sketch_seed387_to_art_painting_fraction25.pth,outputs\adaptation_histories\resnet18_sketch_seed387_to_art_painting_fraction25_history.csv,outputs\adaptation_plots\resnet18_sketch_seed387_to_art_painting_fraction25.png,0.1560975609756097,7.578376174554593
resnet18_sketch_seed387_to_art_painting_fraction50,resnet18_sketch_seed387_to_art_painting,resnet18_sketch_seed387,resnet18,sketch,1,art_painting,387,0.5,50,11180103,2750,0.9033078880407124,716,205,410,0.173170731707317,7.288183891482469,0.4902439024390244,1.883084004099776,0.3170731707317073,59,0.8659217877094972,0.5463414634146342,100,2300,100,0.0001,outputs\adapted_models\resnet18_sketch_seed387_to_art_painting_fraction50.pth,outputs\adaptation_histories\resnet18_sketch_seed387_to_art_painting_fraction50_history.csv,outputs\adaptation_plots\resnet18_sketch_seed387_to_art_painting_fraction50.png,0.1560975609756097,7.578376174554593
resnet18_sketch_seed387_to_art_painting_fraction100,resnet18_sketch_seed387_to_art_painting,resnet18_sketch_seed387,resnet18,sketch,1,art_painting,387,1.0,100,11180103,2750,0.9033078880407124,1433,205,410,0.173170731707317,7.288183891482469,0.551219512195122,1.881893785988412,0.3780487804878049,90,0.9734822051639916,0.6195121951219512,100,4500,100,0.0001,outputs\adapted_models\resnet18_sketch_seed387_to_art_painting_fraction100.pth,outputs\adaptation_histories\resnet18_sketch_seed387_to_art_painting_fraction100_history.csv,outputs\adaptation_plots\resnet18_sketch_seed387_to_art_painting_fraction100.png,0.1560975609756097,7.578376174554593
resnet18_sketch_seed387_to_cartoon_fraction5,resnet18_sketch_seed387_to_cartoon,resnet18_sketch_seed387,resnet18,sketch,1,cartoon,387,0.05,5,11180103,2750,0.9033078880407124,82,235,469,0.2899786780383795,7.022652924950443,0.5181236673773987,3.542243453231193,0.2281449893390191,91,0.975609756097561,0.5234042553191489,100,300,100,0.0001,outputs\adapted_models\resnet18_sketch_seed387_to_cartoon_fraction5.pth,outputs\adaptation_histories\resnet18_sketch_seed387_to_cartoon_fraction5_history.csv,outputs\adaptation_plots\resnet18_sketch_seed387_to_cartoon_fraction5.png,0.2808510638297872,7.399618789997507
resnet18_sketch_seed387_to_cartoon_fraction10,resnet18_sketch_seed387_to_cartoon,resnet18_sketch_seed387,resnet18,sketch,1,cartoon,387,0.1,10,11180103,2750,0.9033078880407124,164,235,469,0.2899786780383795,7.022652924950443,0.5628997867803838,2.470750080751204,0.2729211087420042,98,0.9390243902439024,0.5829787234042553,100,600,100,0.0001,outputs\adapted_models\resnet18_sketch_seed387_to_cartoon_fraction10.pth,outputs\adaptation_histories\resnet18_sketch_seed387_to_cartoon_fraction10_history.csv,outputs\adaptation_plots\resnet18_sketch_seed387_to_cartoon_fraction10.png,0.2808510638297872,7.399618789997507
resnet18_sketch_seed387_to_cartoon_fraction25,resnet18_sketch_seed387_to_cartoon,resnet18_sketch_seed387,resnet18,sketch,1,cartoon,387,0.25,25,11180103,2750,0.9033078880407124,410,235,469,0.2899786780383795,7.022652924950443,0.6716417910447762,1.5429723938899254,0.3816631130063966,94,0.9829268292682928,0.7021276595744681,100,1300,100,0.0001,outputs\adapted_models\resnet18_sketch_seed387_to_cartoon_fraction25.pth,outputs\adaptation_histories\resnet18_sketch_seed387_to_cartoon_fraction25_history.csv,outputs\adaptation_plots\resnet18_sketch_seed387_to_cartoon_fraction25.png,0.2808510638297872,7.399618789997507
resnet18_sketch_seed387_to_cartoon_fraction50,resnet18_sketch_seed387_to_cartoon,resnet18_sketch_seed387,resnet18,sketch,1,cartoon,387,0.5,50,11180103,2750,0.9033078880407124,821,235,469,0.2899786780383795,7.022652924950443,0.744136460554371,1.027120352299737,0.4541577825159915,95,0.9902557856272838,0.7787234042553192,100,2600,100,0.0001,outputs\adapted_models\resnet18_sketch_seed387_to_cartoon_fraction50.pth,outputs\adaptation_histories\resnet18_sketch_seed387_to_cartoon_fraction50_history.csv,outputs\adaptation_plots\resnet18_sketch_seed387_to_cartoon_fraction50.png,0.2808510638297872,7.399618789997507
resnet18_sketch_seed387_to_cartoon_fraction100,resnet18_sketch_seed387_to_cartoon,resnet18_sketch_seed387,resnet18,sketch,1,cartoon,387,1.0,100,11180103,2750,0.9033078880407124,1640,235,469,0.2899786780383795,7.022652924950443,0.7931769722814499,0.8101335730888187,0.5031982942430704,89,0.9884146341463416,0.825531914893617,100,5200,100,0.0001,outputs\adapted_models\resnet18_sketch_seed387_to_cartoon_fraction100.pth,outputs\adaptation_histories\resnet18_sketch_seed387_to_cartoon_fraction100_history.csv,outputs\adaptation_plots\resnet18_sketch_seed387_to_cartoon_fraction100.png,0.2808510638297872,7.399618789997507
resnet18_sketch_seed387_to_photo_fraction5,resnet18_sketch_seed387_to_photo,resnet18_sketch_seed387,resnet18,sketch,1,photo,387,0.05,5,11180103,2750,0.9033078880407124,58,167,334,0.18562874251497,6.279954167897116,0.4850299401197604,4.018884361860994,0.2994011976047904,42,0.8275862068965517,0.4491017964071856,100,200,100,0.0001,outputs\adapted_models\resnet18_sketch_seed387_to_photo_fraction5.pth,outputs\adaptation_histories\resnet18_sketch_seed387_to_photo_fraction5_history.csv,outputs\adaptation_plots\resnet18_sketch_seed387_to_photo_fraction5.png,0.1736526946107784,6.21788687334803
resnet18_sketch_seed387_to_photo_fraction10,resnet18_sketch_seed387_to_photo,resnet18_sketch_seed387,resnet18,sketch,1,photo,387,0.1,10,11180103,2750,0.9033078880407124,117,167,334,0.18562874251497,6.279954167897116,0.5658682634730539,3.1494433123194527,0.3802395209580838,81,0.9914529914529916,0.5389221556886228,100,400,100,0.0001,outputs\adapted_models\resnet18_sketch_seed387_to_photo_fraction10.pth,outputs\adaptation_histories\resnet18_sketch_seed387_to_photo_fraction10_history.csv,outputs\adaptation_plots\resnet18_sketch_seed387_to_photo_fraction10.png,0.1736526946107784,6.21788687334803
resnet18_sketch_seed387_to_photo_fraction25,resnet18_sketch_seed387_to_photo,resnet18_sketch_seed387,resnet18,sketch,1,photo,387,0.25,25,11180103,2750,0.9033078880407124,292,167,334,0.18562874251497,6.279954167897116,0.6377245508982036,1.8413996125409704,0.4520958083832335,79,0.9417808219178082,0.6467065868263473,100,1000,100,0.0001,outputs\adapted_models\resnet18_sketch_seed387_to_photo_fraction25.pth,outputs\adaptation_histories\resnet18_sketch_seed387_to_photo_fraction25_history.csv,outputs\adaptation_plots\resnet18_sketch_seed387_to_photo_fraction25.png,0.1736526946107784,6.21788687334803
resnet18_sketch_seed387_to_photo_fraction50,resnet18_sketch_seed387_to_photo,resnet18_sketch_seed387,resnet18,sketch,1,photo,387,0.5,50,11180103,2750,0.9033078880407124,585,167,334,0.18562874251497,6.279954167897116,0.7275449101796407,1.2003951815074076,0.5419161676646707,70,0.964102564102564,0.7125748502994012,100,1900,100,0.0001,outputs\adapted_models\resnet18_sketch_seed387_to_photo_fraction50.pth,outputs\adaptation_histories\resnet18_sketch_seed387_to_photo_fraction50_history.csv,outputs\adaptation_plots\resnet18_sketch_seed387_to_photo_fraction50.png,0.1736526946107784,6.21788687334803
resnet18_sketch_seed387_to_photo_fraction100,resnet18_sketch_seed387_to_photo,resnet18_sketch_seed387,resnet18,sketch,1,photo,387,1.0,100,11180103,2750,0.9033078880407124,1169,167,334,0.18562874251497,6.279954167897116,0.7664670658682635,1.1872051633046772,0.5808383233532934,100,0.9957228400342172,0.7724550898203593,100,3700,100,0.0001,outputs\adapted_models\resnet18_sketch_seed387_to_photo_fraction100.pth,outputs\adaptation_histories\resnet18_sketch_seed387_to_photo_fraction100_history.csv,outputs\adaptation_plots\resnet18_sketch_seed387_to_photo_fraction100.png,0.1736526946107784,6.21788687334803
resnet18_art_painting-cartoon_seed42_to_photo_fraction5,resnet18_art_painting-cartoon_seed42_to_photo,resnet18_art_painting-cartoon_seed42,resnet18,art_painting|cartoon,2,photo,42,0.05,5,11180103,3073,0.7840909090909091,58,167,334,0.6586826347305389,1.797523107357368,0.7544910179640718,1.07064290532095,0.0958083832335329,42,1.0,0.7305389221556886,100,200,100,0.0001,outputs\adapted_models\resnet18_art_painting-cartoon_seed42_to_photo_fraction5.pth,outputs\adaptation_histories\resnet18_art_painting-cartoon_seed42_to_photo_fraction5_history.csv,outputs\adaptation_plots\resnet18_art_painting-cartoon_seed42_to_photo_fraction5.png,0.6586826347305389,2.0479057220641725
resnet18_art_painting-cartoon_seed42_to_photo_fraction10,resnet18_art_painting-cartoon_seed42_to_photo,resnet18_art_painting-cartoon_seed42,resnet18,art_painting|cartoon,2,photo,42,0.1,10,11180103,3073,0.7840909090909091,117,167,334,0.6586826347305389,1.797523107357368,0.7754491017964071,0.8968881218733188,0.1167664670658682,43,0.9829059829059827,0.7604790419161677,100,400,100,0.0001,outputs\adapted_models\resnet18_art_painting-cartoon_seed42_to_photo_fraction10.pth,outputs\adaptation_histories\resnet18_art_painting-cartoon_seed42_to_photo_fraction10_history.csv,outputs\adaptation_plots\resnet18_art_painting-cartoon_seed42_to_photo_fraction10.png,0.6586826347305389,2.0479057220641725
resnet18_art_painting-cartoon_seed42_to_photo_fraction25,resnet18_art_painting-cartoon_seed42_to_photo,resnet18_art_painting-cartoon_seed42,resnet18,art_painting|cartoon,2,photo,42,0.25,25,11180103,3073,0.7840909090909091,292,167,334,0.6586826347305389,1.797523107357368,0.7964071856287425,0.7795714475437553,0.1377245508982035,56,0.976027397260274,0.7844311377245509,100,1000,100,0.0001,outputs\adapted_models\resnet18_art_painting-cartoon_seed42_to_photo_fraction25.pth,outputs\adaptation_histories\resnet18_art_painting-cartoon_seed42_to_photo_fraction25_history.csv,outputs\adaptation_plots\resnet18_art_painting-cartoon_seed42_to_photo_fraction25.png,0.6586826347305389,2.0479057220641725
resnet18_art_painting-cartoon_seed42_to_photo_fraction50,resnet18_art_painting-cartoon_seed42_to_photo,resnet18_art_painting-cartoon_seed42,resnet18,art_painting|cartoon,2,photo,42,0.5,50,11180103,3073,0.7840909090909091,585,167,334,0.6586826347305389,1.797523107357368,0.8083832335329342,0.6340250997486229,0.1497005988023952,8,0.7914529914529914,0.7964071856287425,100,1900,100,0.0001,outputs\adapted_models\resnet18_art_painting-cartoon_seed42_to_photo_fraction50.pth,outputs\adaptation_histories\resnet18_art_painting-cartoon_seed42_to_photo_fraction50_history.csv,outputs\adaptation_plots\resnet18_art_painting-cartoon_seed42_to_photo_fraction50.png,0.6586826347305389,2.0479057220641725
resnet18_art_painting-cartoon_seed42_to_photo_fraction100,resnet18_art_painting-cartoon_seed42_to_photo,resnet18_art_painting-cartoon_seed42,resnet18,art_painting|cartoon,2,photo,42,1.0,100,11180103,3073,0.7840909090909091,1169,167,334,0.6586826347305389,1.797523107357368,0.8383233532934131,0.6007219645791425,0.1796407185628742,61,0.9931565440547476,0.8562874251497006,100,3700,100,0.0001,outputs\adapted_models\resnet18_art_painting-cartoon_seed42_to_photo_fraction100.pth,outputs\adaptation_histories\resnet18_art_painting-cartoon_seed42_to_photo_fraction100_history.csv,outputs\adaptation_plots\resnet18_art_painting-cartoon_seed42_to_photo_fraction100.png,0.6586826347305389,2.0479057220641725
resnet18_art_painting-cartoon_seed42_to_sketch_fraction5,resnet18_art_painting-cartoon_seed42_to_sketch,resnet18_art_painting-cartoon_seed42,resnet18,art_painting|cartoon,2,sketch,42,0.05,5,11180103,3073,0.7840909090909091,138,393,786,0.3969465648854962,3.28310845159089,0.6984732824427481,1.3263479504573132,0.3015267175572519,71,0.9420289855072465,0.6768447837150128,100,500,100,0.0001,outputs\adapted_models\resnet18_art_painting-cartoon_seed42_to_sketch_fraction5.pth,outputs\adaptation_histories\resnet18_art_painting-cartoon_seed42_to_sketch_fraction5_history.csv,outputs\adaptation_plots\resnet18_art_painting-cartoon_seed42_to_sketch_fraction5.png,0.4071246819338422,3.095619429765464
resnet18_art_painting-cartoon_seed42_to_sketch_fraction10,resnet18_art_painting-cartoon_seed42_to_sketch,resnet18_art_painting-cartoon_seed42,resnet18,art_painting|cartoon,2,sketch,42,0.1,10,11180103,3073,0.7840909090909091,275,393,786,0.3969465648854962,3.28310845159089,0.7417302798982188,1.0597592225208234,0.3447837150127226,99,0.9890909090909092,0.7353689567430025,100,900,100,0.0001,outputs\adapted_models\resnet18_art_painting-cartoon_seed42_to_sketch_fraction10.pth,outputs\adaptation_histories\resnet18_art_painting-cartoon_seed42_to_sketch_fraction10_history.csv,outputs\adaptation_plots\resnet18_art_painting-cartoon_seed42_to_sketch_fraction10.png,0.4071246819338422,3.095619429765464
resnet18_art_painting-cartoon_seed42_to_sketch_fraction25,resnet18_art_painting-cartoon_seed42_to_sketch,resnet18_art_painting-cartoon_seed42,resnet18,art_painting|cartoon,2,sketch,42,0.25,25,11180103,3073,0.7840909090909091,688,393,786,0.3969465648854962,3.28310845159089,0.821882951653944,0.744395558767343,0.4249363867684478,97,0.994186046511628,0.7862595419847328,100,2200,100,0.0001,outputs\adapted_models\resnet18_art_painting-cartoon_seed42_to_sketch_fraction25.pth,outputs\adaptation_histories\resnet18_art_painting-cartoon_seed42_to_sketch_fraction25_history.csv,outputs\adaptation_plots\resnet18_art_painting-cartoon_seed42_to_sketch_fraction25.png,0.4071246819338422,3.095619429765464
resnet18_art_painting-cartoon_seed42_to_sketch_fraction50,resnet18_art_painting-cartoon_seed42_to_sketch,resnet18_art_painting-cartoon_seed42,resnet18,art_painting|cartoon,2,sketch,42,0.5,50,11180103,3073,0.7840909090909091,1375,393,786,0.3969465648854962,3.28310845159089,0.8625954198473282,0.4775027713096172,0.465648854961832,67,0.9876363636363636,0.8498727735368957,100,4300,100,0.0001,outputs\adapted_models\resnet18_art_painting-cartoon_seed42_to_sketch_fraction50.pth,outputs\adaptation_histories\resnet18_art_painting-cartoon_seed42_to_sketch_fraction50_history.csv,outputs\adaptation_plots\resnet18_art_painting-cartoon_seed42_to_sketch_fraction50.png,0.4071246819338422,3.095619429765464
resnet18_art_painting-cartoon_seed42_to_sketch_fraction100,resnet18_art_painting-cartoon_seed42_to_sketch,resnet18_art_painting-cartoon_seed42,resnet18,art_painting|cartoon,2,sketch,42,1.0,100,11180103,3073,0.7840909090909091,2750,393,786,0.3969465648854962,3.28310845159089,0.8804071246819338,0.3665037400849903,0.4834605597964376,61,0.9883636363636364,0.8905852417302799,100,8600,100,0.0001,outputs\adapted_models\resnet18_art_painting-cartoon_seed42_to_sketch_fraction100.pth,outputs\adaptation_histories\resnet18_art_painting-cartoon_seed42_to_sketch_fraction100_history.csv,outputs\adaptation_plots\resnet18_art_painting-cartoon_seed42_to_sketch_fraction100.png,0.4071246819338422,3.095619429765464
resnet18_art_painting-cartoon_seed387_to_photo_fraction5,resnet18_art_painting-cartoon_seed387_to_photo,resnet18_art_painting-cartoon_seed387,resnet18,art_painting|cartoon,2,photo,387,0.05,5,11180103,3073,0.7818181818181819,58,167,334,0.6437125748502994,2.0697065970141018,0.6586826347305389,1.5807232142922407,0.0149700598802394,16,0.8275862068965517,0.6766467065868264,100,200,100,0.0001,outputs\adapted_models\resnet18_art_painting-cartoon_seed387_to_photo_fraction5.pth,outputs\adaptation_histories\resnet18_art_painting-cartoon_seed387_to_photo_fraction5_history.csv,outputs\adaptation_plots\resnet18_art_painting-cartoon_seed387_to_photo_fraction5.png,0.6107784431137725,2.487714533320444
resnet18_art_painting-cartoon_seed387_to_photo_fraction10,resnet18_art_painting-cartoon_seed387_to_photo,resnet18_art_painting-cartoon_seed387,resnet18,art_painting|cartoon,2,photo,387,0.1,10,11180103,3073,0.7818181818181819,117,167,334,0.6437125748502994,2.0697065970141018,0.6976047904191617,1.5096289526202722,0.0538922155688622,5,0.6923076923076923,0.7065868263473054,100,400,100,0.0001,outputs\adapted_models\resnet18_art_painting-cartoon_seed387_to_photo_fraction10.pth,outputs\adaptation_histories\resnet18_art_painting-cartoon_seed387_to_photo_fraction10_history.csv,outputs\adaptation_plots\resnet18_art_painting-cartoon_seed387_to_photo_fraction10.png,0.6107784431137725,2.487714533320444
resnet18_art_painting-cartoon_seed387_to_photo_fraction25,resnet18_art_painting-cartoon_seed387_to_photo,resnet18_art_painting-cartoon_seed387,resnet18,art_painting|cartoon,2,photo,387,0.25,25,11180103,3073,0.7818181818181819,292,167,334,0.6437125748502994,2.0697065970141018,0.781437125748503,0.877327068123275,0.1377245508982035,79,1.0,0.7365269461077845,100,1000,100,0.0001,outputs\adapted_models\resnet18_art_painting-cartoon_seed387_to_photo_fraction25.pth,outputs\adaptation_histories\resnet18_art_painting-cartoon_seed387_to_photo_fraction25_history.csv,outputs\adaptation_plots\resnet18_art_painting-cartoon_seed387_to_photo_fraction25.png,0.6107784431137725,2.487714533320444
resnet18_art_painting-cartoon_seed387_to_photo_fraction50,resnet18_art_painting-cartoon_seed387_to_photo,resnet18_art_painting-cartoon_seed387,resnet18,art_painting|cartoon,2,photo,387,0.5,50,11180103,3073,0.7818181818181819,585,167,334,0.6437125748502994,2.0697065970141018,0.7964071856287425,0.8319760453915168,0.152694610778443,98,1.0,0.7724550898203593,100,1900,100,0.0001,outputs\adapted_models\resnet18_art_painting-cartoon_seed387_to_photo_fraction50.pth,outputs\adaptation_histories\resnet18_art_painting-cartoon_seed387_to_photo_fraction50_history.csv,outputs\adaptation_plots\resnet18_art_painting-cartoon_seed387_to_photo_fraction50.png,0.6107784431137725,2.487714533320444
resnet18_art_painting-cartoon_seed387_to_photo_fraction100,resnet18_art_painting-cartoon_seed387_to_photo,resnet18_art_painting-cartoon_seed387,resnet18,art_painting|cartoon,2,photo,387,1.0,100,11180103,3073,0.7818181818181819,1169,167,334,0.6437125748502994,2.0697065970141018,0.8323353293413174,0.8136308050441171,0.1886227544910179,94,0.998289136013687,0.8083832335329342,100,3700,100,0.0001,outputs\adapted_models\resnet18_art_painting-cartoon_seed387_to_photo_fraction100.pth,outputs\adaptation_histories\resnet18_art_painting-cartoon_seed387_to_photo_fraction100_history.csv,outputs\adaptation_plots\resnet18_art_painting-cartoon_seed387_to_photo_fraction100.png,0.6107784431137725,2.487714533320444
resnet18_art_painting-cartoon_seed387_to_sketch_fraction5,resnet18_art_painting-cartoon_seed387_to_sketch,resnet18_art_painting-cartoon_seed387,resnet18,art_painting|cartoon,2,sketch,387,0.05,5,11180103,3073,0.7818181818181819,138,393,786,0.3358778625954198,3.734627022391361,0.6628498727735369,1.3989256186643022,0.326972010178117,98,0.9855072463768116,0.648854961832061,100,500,100,0.0001,outputs\adapted_models\resnet18_art_painting-cartoon_seed387_to_sketch_fraction5.pth,outputs\adaptation_histories\resnet18_art_painting-cartoon_seed387_to_sketch_fraction5_history.csv,outputs\adaptation_plots\resnet18_art_painting-cartoon_seed387_to_sketch_fraction5.png,0.3435114503816794,3.742457593670328
resnet18_art_painting-cartoon_seed387_to_sketch_fraction10,resnet18_art_painting-cartoon_seed387_to_sketch,resnet18_art_painting-cartoon_seed387,resnet18,art_painting|cartoon,2,sketch,387,0.1,10,11180103,3073,0.7818181818181819,275,393,786,0.3358778625954198,3.734627022391361,0.7162849872773537,1.1022069193328004,0.3804071246819338,96,1.0,0.6870229007633588,100,900,100,0.0001,outputs\adapted_models\resnet18_art_painting-cartoon_seed387_to_sketch_fraction10.pth,outputs\adaptation_histories\resnet18_art_painting-cartoon_seed387_to_sketch_fraction10_history.csv,outputs\adaptation_plots\resnet18_art_painting-cartoon_seed387_to_sketch_fraction10.png,0.3435114503816794,3.742457593670328
resnet18_art_painting-cartoon_seed387_to_sketch_fraction25,resnet18_art_painting-cartoon_seed387_to_sketch,resnet18_art_painting-cartoon_seed387,resnet18,art_painting|cartoon,2,sketch,387,0.25,25,11180103,3073,0.7818181818181819,688,393,786,0.3358778625954198,3.734627022391361,0.7938931297709924,0.7994927777588823,0.4580152671755725,97,0.997093023255814,0.7964376590330788,100,2200,100,0.0001,outputs\adapted_models\resnet18_art_painting-cartoon_seed387_to_sketch_fraction25.pth,outputs\adaptation_histories\resnet18_art_painting-cartoon_seed387_to_sketch_fraction25_history.csv,outputs\adaptation_plots\resnet18_art_painting-cartoon_seed387_to_sketch_fraction25.png,0.3435114503816794,3.742457593670328
resnet18_art_painting-cartoon_seed387_to_sketch_fraction50,resnet18_art_painting-cartoon_seed387_to_sketch,resnet18_art_painting-cartoon_seed387,resnet18,art_painting|cartoon,2,sketch,387,0.5,50,11180103,3073,0.7818181818181819,1375,393,786,0.3358778625954198,3.734627022391361,0.8384223918575063,0.5551157998674698,0.5025445292620865,70,0.9941818181818182,0.8600508905852418,100,4300,100,0.0001,outputs\adapted_models\resnet18_art_painting-cartoon_seed387_to_sketch_fraction50.pth,outputs\adaptation_histories\resnet18_art_painting-cartoon_seed387_to_sketch_fraction50_history.csv,outputs\adaptation_plots\resnet18_art_painting-cartoon_seed387_to_sketch_fraction50.png,0.3435114503816794,3.742457593670328
resnet18_art_painting-cartoon_seed387_to_sketch_fraction100,resnet18_art_painting-cartoon_seed387_to_sketch,resnet18_art_painting-cartoon_seed387,resnet18,art_painting|cartoon,2,sketch,387,1.0,100,11180103,3073,0.7818181818181819,2750,393,786,0.3358778625954198,3.734627022391361,0.8854961832061069,0.4905199278098633,0.549618320610687,100,0.9974545454545456,0.8905852417302799,100,8600,100,0.0001,outputs\adapted_models\resnet18_art_painting-cartoon_seed387_to_sketch_fraction100.pth,outputs\adaptation_histories\resnet18_art_painting-cartoon_seed387_to_sketch_fraction100_history.csv,outputs\adaptation_plots\resnet18_art_painting-cartoon_seed387_to_sketch_fraction100.png,0.3435114503816794,3.742457593670328
resnet18_art_painting-photo_seed42_to_cartoon_fraction5,resnet18_art_painting-photo_seed42_to_cartoon,resnet18_art_painting-photo_seed42,resnet18,art_painting|photo,2,cartoon,42,0.05,5,11180103,2602,0.7258064516129032,82,235,469,0.4093816631130064,4.240979485420276,0.6119402985074627,2.4881365273807097,0.2025586353944563,74,1.0,0.6,100,300,100,0.0001,outputs\adapted_models\resnet18_art_painting-photo_seed42_to_cartoon_fraction5.pth,outputs\adaptation_histories\resnet18_art_painting-photo_seed42_to_cartoon_fraction5_history.csv,outputs\adaptation_plots\resnet18_art_painting-photo_seed42_to_cartoon_fraction5.png,0.3574468085106383,4.438457927298039
resnet18_art_painting-photo_seed42_to_cartoon_fraction10,resnet18_art_painting-photo_seed42_to_cartoon,resnet18_art_painting-photo_seed42,resnet18,art_painting|photo,2,cartoon,42,0.1,10,11180103,2602,0.7258064516129032,164,235,469,0.4093816631130064,4.240979485420276,0.6545842217484008,1.9389973784814765,0.2452025586353944,100,0.9817073170731708,0.6893617021276596,100,600,100,0.0001,outputs\adapted_models\resnet18_art_painting-photo_seed42_to_cartoon_fraction10.pth,outputs\adaptation_histories\resnet18_art_painting-photo_seed42_to_cartoon_fraction10_history.csv,outputs\adaptation_plots\resnet18_art_painting-photo_seed42_to_cartoon_fraction10.png,0.3574468085106383,4.438457927298039
resnet18_art_painting-photo_seed42_to_cartoon_fraction25,resnet18_art_painting-photo_seed42_to_cartoon,resnet18_art_painting-photo_seed42,resnet18,art_painting|photo,2,cartoon,42,0.25,25,11180103,2602,0.7258064516129032,410,235,469,0.4093816631130064,4.240979485420276,0.7100213219616205,1.4267419518184052,0.3006396588486141,54,0.9560975609756096,0.7319148936170212,100,1300,100,0.0001,outputs\adapted_models\resnet18_art_painting-photo_seed42_to_cartoon_fraction25.pth,outputs\adaptation_histories\resnet18_art_painting-photo_seed42_to_cartoon_fraction25_history.csv,outputs\adaptation_plots\resnet18_art_painting-photo_seed42_to_cartoon_fraction25.png,0.3574468085106383,4.438457927298039
resnet18_art_painting-photo_seed42_to_cartoon_fraction50,resnet18_art_painting-photo_seed42_to_cartoon,resnet18_art_painting-photo_seed42,resnet18,art_painting|photo,2,cartoon,42,0.5,50,11180103,2602,0.7258064516129032,821,235,469,0.4093816631130064,4.240979485420276,0.7611940298507462,1.015334826796802,0.3518123667377398,57,0.9853836784409256,0.8127659574468085,100,2600,100,0.0001,outputs\adapted_models\resnet18_art_painting-photo_seed42_to_cartoon_fraction50.pth,outputs\adaptation_histories\resnet18_art_painting-photo_seed42_to_cartoon_fraction50_history.csv,outputs\adaptation_plots\resnet18_art_painting-photo_seed42_to_cartoon_fraction50.png,0.3574468085106383,4.438457927298039
resnet18_art_painting-photo_seed42_to_cartoon_fraction100,resnet18_art_painting-photo_seed42_to_cartoon,resnet18_art_painting-photo_seed42,resnet18,art_painting|photo,2,cartoon,42,1.0,100,11180103,2602,0.7258064516129032,1640,235,469,0.4093816631130064,4.240979485420276,0.8038379530916845,0.9246769581776438,0.3944562899786781,76,0.9951219512195122,0.8680851063829788,100,5200,100,0.0001,outputs\adapted_models\resnet18_art_painting-photo_seed42_to_cartoon_fraction100.pth,outputs\adaptation_histories\resnet18_art_painting-photo_seed42_to_cartoon_fraction100_history.csv,outputs\adaptation_plots\resnet18_art_painting-photo_seed42_to_cartoon_fraction100.png,0.3574468085106383,4.438457927298039
resnet18_art_painting-photo_seed42_to_sketch_fraction5,resnet18_art_painting-photo_seed42_to_sketch,resnet18_art_painting-photo_seed42,resnet18,art_painting|photo,2,sketch,42,0.05,5,11180103,2602,0.7258064516129032,138,393,786,0.3511450381679389,3.208820959387238,0.6539440203562341,1.5502791052859553,0.3027989821882952,80,0.9710144927536232,0.6335877862595419,100,500,100,0.0001,outputs\adapted_models\resnet18_art_painting-photo_seed42_to_sketch_fraction5.pth,outputs\adaptation_histories\resnet18_art_painting-photo_seed42_to_sketch_fraction5_history.csv,outputs\adaptation_plots\resnet18_art_painting-photo_seed42_to_sketch_fraction5.png,0.3740458015267175,3.36818147615622
resnet18_art_painting-photo_seed42_to_sketch_fraction10,resnet18_art_painting-photo_seed42_to_sketch,resnet18_art_painting-photo_seed42,resnet18,art_painting|photo,2,sketch,42,0.1,10,11180103,2602,0.7258064516129032,275,393,786,0.3511450381679389,3.208820959387238,0.7086513994910941,1.1540570562425765,0.3575063613231552,65,0.9672727272727272,0.6895674300254453,100,900,100,0.0001,outputs\adapted_models\resnet18_art_painting-photo_seed42_to_sketch_fraction10.pth,outputs\adaptation_histories\resnet18_art_painting-photo_seed42_to_sketch_fraction10_history.csv,outputs\adaptation_plots\resnet18_art_painting-photo_seed42_to_sketch_fraction10.png,0.3740458015267175,3.36818147615622
resnet18_art_painting-photo_seed42_to_sketch_fraction25,resnet18_art_painting-photo_seed42_to_sketch,resnet18_art_painting-photo_seed42,resnet18,art_painting|photo,2,sketch,42,0.25,25,11180103,2602,0.7258064516129032,688,393,786,0.3511450381679389,3.208820959387238,0.7824427480916031,0.7584758672398768,0.4312977099236642,97,0.9956395348837208,0.7735368956743003,100,2200,100,0.0001,outputs\adapted_models\resnet18_art_painting-photo_seed42_to_sketch_fraction25.pth,outputs\adaptation_histories\resnet18_art_painting-photo_seed42_to_sketch_fraction25_history.csv,outputs\adaptation_plots\resnet18_art_painting-photo_seed42_to_sketch_fraction25.png,0.3740458015267175,3.36818147615622
resnet18_art_painting-photo_seed42_to_sketch_fraction50,resnet18_art_painting-photo_seed42_to_sketch,resnet18_art_painting-photo_seed42,resnet18,art_painting|photo,2,sketch,42,0.5,50,11180103,2602,0.7258064516129032,1375,393,786,0.3511450381679389,3.208820959387238,0.8536895674300254,0.5368747189451417,0.5025445292620865,87,0.9970909090909092,0.8295165394402035,100,4300,100,0.0001,outputs\adapted_models\resnet18_art_painting-photo_seed42_to_sketch_fraction50.pth,outputs\adaptation_histories\resnet18_art_painting-photo_seed42_to_sketch_fraction50_history.csv,outputs\adaptation_plots\resnet18_art_painting-photo_seed42_to_sketch_fraction50.png,0.3740458015267175,3.36818147615622
resnet18_art_painting-photo_seed42_to_sketch_fraction100,resnet18_art_painting-photo_seed42_to_sketch,resnet18_art_painting-photo_seed42,resnet18,art_painting|photo,2,sketch,42,1.0,100,11180103,2602,0.7258064516129032,2750,393,786,0.3511450381679389,3.208820959387238,0.8893129770992366,0.4041622108175554,0.5381679389312977,83,0.9923636363636364,0.8651399491094147,100,8600,100,0.0001,outputs\adapted_models\resnet18_art_painting-photo_seed42_to_sketch_fraction100.pth,outputs\adaptation_histories\resnet18_art_painting-photo_seed42_to_sketch_fraction100_history.csv,outputs\adaptation_plots\resnet18_art_painting-photo_seed42_to_sketch_fraction100.png,0.3740458015267175,3.36818147615622
resnet18_art_painting-photo_seed387_to_cartoon_fraction5,resnet18_art_painting-photo_seed387_to_cartoon,resnet18_art_painting-photo_seed387,resnet18,art_painting|photo,2,cartoon,387,0.05,5,11180103,2602,0.7096774193548387,82,235,469,0.4136460554371002,4.208235702026627,0.579957356076759,2.654340072989718,0.1663113006396588,90,0.9878048780487804,0.6042553191489362,100,300,100,0.0001,outputs\adapted_models\resnet18_art_painting-photo_seed387_to_cartoon_fraction5.pth,outputs\adaptation_histories\resnet18_art_painting-photo_seed387_to_cartoon_fraction5_history.csv,outputs\adaptation_plots\resnet18_art_painting-photo_seed387_to_cartoon_fraction5.png,0.3829787234042553,3.956179923199593
resnet18_art_painting-photo_seed387_to_cartoon_fraction10,resnet18_art_painting-photo_seed387_to_cartoon,resnet18_art_painting-photo_seed387,resnet18,art_painting|photo,2,cartoon,387,0.1,10,11180103,2602,0.7096774193548387,164,235,469,0.4136460554371002,4.208235702026627,0.6311300639658849,2.1228629398955974,0.2174840085287847,87,0.9695121951219512,0.6425531914893617,100,600,100,0.0001,outputs\adapted_models\resnet18_art_painting-photo_seed387_to_cartoon_fraction10.pth,outputs\adaptation_histories\resnet18_art_painting-photo_seed387_to_cartoon_fraction10_history.csv,outputs\adaptation_plots\resnet18_art_painting-photo_seed387_to_cartoon_fraction10.png,0.3829787234042553,3.956179923199593
resnet18_art_painting-photo_seed387_to_cartoon_fraction25,resnet18_art_painting-photo_seed387_to_cartoon,resnet18_art_painting-photo_seed387,resnet18,art_painting|photo,2,cartoon,387,0.25,25,11180103,2602,0.7096774193548387,410,235,469,0.4136460554371002,4.208235702026627,0.7270788912579957,1.363056967761725,0.3134328358208955,94,0.9951219512195122,0.7276595744680852,100,1300,100,0.0001,outputs\adapted_models\resnet18_art_painting-photo_seed387_to_cartoon_fraction25.pth,outputs\adaptation_histories\resnet18_art_painting-photo_seed387_to_cartoon_fraction25_history.csv,outputs\adaptation_plots\resnet18_art_painting-photo_seed387_to_cartoon_fraction25.png,0.3829787234042553,3.956179923199593
resnet18_art_painting-photo_seed387_to_cartoon_fraction50,resnet18_art_painting-photo_seed387_to_cartoon,resnet18_art_painting-photo_seed387,resnet18,art_painting|photo,2,cartoon,387,0.5,50,11180103,2602,0.7096774193548387,821,235,469,0.4136460554371002,4.208235702026627,0.7654584221748401,1.021246578647638,0.3518123667377398,63,0.9902557856272838,0.8085106382978723,100,2600,100,0.0001,outputs\adapted_models\resnet18_art_painting-photo_seed387_to_cartoon_fraction50.pth,outputs\adaptation_histories\resnet18_art_painting-photo_seed387_to_cartoon_fraction50_history.csv,outputs\adaptation_plots\resnet18_art_painting-photo_seed387_to_cartoon_fraction50.png,0.3829787234042553,3.956179923199593
resnet18_art_painting-photo_seed387_to_cartoon_fraction100,resnet18_art_painting-photo_seed387_to_cartoon,resnet18_art_painting-photo_seed387,resnet18,art_painting|photo,2,cartoon,387,1.0,100,11180103,2602,0.7096774193548387,1640,235,469,0.4136460554371002,4.208235702026627,0.8251599147121536,0.89346314899957,0.4115138592750533,100,0.9957317073170732,0.8297872340425532,100,5200,100,0.0001,outputs\adapted_models\resnet18_art_painting-photo_seed387_to_cartoon_fraction100.pth,outputs\adaptation_histories\resnet18_art_painting-photo_seed387_to_cartoon_fraction100_history.csv,outputs\adaptation_plots\resnet18_art_painting-photo_seed387_to_cartoon_fraction100.png,0.3829787234042553,3.956179923199593
resnet18_art_painting-photo_seed387_to_sketch_fraction5,resnet18_art_painting-photo_seed387_to_sketch,resnet18_art_painting-photo_seed387,resnet18,art_painting|photo,2,sketch,387,0.05,5,11180103,2602,0.7096774193548387,138,393,786,0.2760814249363867,6.135320163561794,0.6208651399491094,1.7646814545298957,0.3447837150127226,87,0.9855072463768116,0.6513994910941476,100,500,100,0.0001,outputs\adapted_models\resnet18_art_painting-photo_seed387_to_sketch_fraction5.pth,outputs\adaptation_histories\resnet18_art_painting-photo_seed387_to_sketch_fraction5_history.csv,outputs\adaptation_plots\resnet18_art_painting-photo_seed387_to_sketch_fraction5.png,0.3053435114503817,6.134123600772925
resnet18_art_painting-photo_seed387_to_sketch_fraction10,resnet18_art_painting-photo_seed387_to_sketch,resnet18_art_painting-photo_seed387,resnet18,art_painting|photo,2,sketch,387,0.1,10,11180103,2602,0.7096774193548387,275,393,786,0.2760814249363867,6.135320163561794,0.6908396946564885,1.2733277777072431,0.4147582697201017,87,0.9818181818181818,0.7150127226463104,100,900,100,0.0001,outputs\adapted_models\resnet18_art_painting-photo_seed387_to_sketch_fraction10.pth,outputs\adaptation_histories\resnet18_art_painting-photo_seed387_to_sketch_fraction10_history.csv,outputs\adaptation_plots\resnet18_art_painting-photo_seed387_to_sketch_fraction10.png,0.3053435114503817,6.134123600772925
resnet18_art_painting-photo_seed387_to_sketch_fraction25,resnet18_art_painting-photo_seed387_to_sketch,resnet18_art_painting-photo_seed387,resnet18,art_painting|photo,2,sketch,387,0.25,25,11180103,2602,0.7096774193548387,688,393,786,0.2760814249363867,6.135320163561794,0.7798982188295165,0.8754454684318174,0.5038167938931297,96,0.9898255813953488,0.7811704834605598,100,2200,100,0.0001,outputs\adapted_models\resnet18_art_painting-photo_seed387_to_sketch_fraction25.pth,outputs\adaptation_histories\resnet18_art_painting-photo_seed387_to_sketch_fraction25_history.csv,outputs\adaptation_plots\resnet18_art_painting-photo_seed387_to_sketch_fraction25.png,0.3053435114503817,6.134123600772925
resnet18_art_painting-photo_seed387_to_sketch_fraction50,resnet18_art_painting-photo_seed387_to_sketch,resnet18_art_painting-photo_seed387,resnet18,art_painting|photo,2,sketch,387,0.5,50,11180103,2602,0.7096774193548387,1375,393,786,0.2760814249363867,6.135320163561794,0.8307888040712468,0.6778662647606459,0.55470737913486,89,0.9934545454545456,0.8447837150127226,100,4300,100,0.0001,outputs\adapted_models\resnet18_art_painting-photo_seed387_to_sketch_fraction50.pth,outputs\adaptation_histories\resnet18_art_painting-photo_seed387_to_sketch_fraction50_history.csv,outputs\adaptation_plots\resnet18_art_painting-photo_seed387_to_sketch_fraction50.png,0.3053435114503817,6.134123600772925
resnet18_art_painting-photo_seed387_to_sketch_fraction100,resnet18_art_painting-photo_seed387_to_sketch,resnet18_art_painting-photo_seed387,resnet18,art_painting|photo,2,sketch,387,1.0,100,11180103,2602,0.7096774193548387,2750,393,786,0.2760814249363867,6.135320163561794,0.8753180661577609,0.4757404081694042,0.5992366412213741,67,0.9905454545454544,0.8880407124681934,100,8600,100,0.0001,outputs\adapted_models\resnet18_art_painting-photo_seed387_to_sketch_fraction100.pth,outputs\adaptation_histories\resnet18_art_painting-photo_seed387_to_sketch_fraction100_history.csv,outputs\adaptation_plots\resnet18_art_painting-photo_seed387_to_sketch_fraction100.png,0.3053435114503817,6.134123600772925
resnet18_art_painting-sketch_seed42_to_cartoon_fraction5,resnet18_art_painting-sketch_seed42_to_cartoon,resnet18_art_painting-sketch_seed42,resnet18,art_painting|sketch,2,cartoon,42,0.05,5,11180103,4183,0.7993311036789298,82,235,469,0.4861407249466951,3.37922304881407,0.6012793176972282,2.629491118734071,0.1151385927505331,41,0.8902439024390244,0.6085106382978723,100,300,100,0.0001,outputs\adapted_models\resnet18_art_painting-sketch_seed42_to_cartoon_fraction5.pth,outputs\adaptation_histories\resnet18_art_painting-sketch_seed42_to_cartoon_fraction5_history.csv,outputs\adaptation_plots\resnet18_art_painting-sketch_seed42_to_cartoon_fraction5.png,0.4595744680851064,3.688032763055032
resnet18_art_painting-sketch_seed42_to_cartoon_fraction10,resnet18_art_painting-sketch_seed42_to_cartoon,resnet18_art_painting-sketch_seed42,resnet18,art_painting|sketch,2,cartoon,42,0.1,10,11180103,4183,0.7993311036789298,164,235,469,0.4861407249466951,3.37922304881407,0.6545842217484008,2.111967993697632,0.1684434968017057,77,0.951219512195122,0.6510638297872341,100,600,100,0.0001,outputs\adapted_models\resnet18_art_painting-sketch_seed42_to_cartoon_fraction10.pth,outputs\adaptation_histories\resnet18_art_painting-sketch_seed42_to_cartoon_fraction10_history.csv,outputs\adaptation_plots\resnet18_art_painting-sketch_seed42_to_cartoon_fraction10.png,0.4595744680851064,3.688032763055032
resnet18_art_painting-sketch_seed42_to_cartoon_fraction25,resnet18_art_painting-sketch_seed42_to_cartoon,resnet18_art_painting-sketch_seed42,resnet18,art_painting|sketch,2,cartoon,42,0.25,25,11180103,4183,0.7993311036789298,410,235,469,0.4861407249466951,3.37922304881407,0.7249466950959488,1.4686831573941814,0.2388059701492537,77,0.9902439024390244,0.7404255319148936,100,1300,100,0.0001,outputs\adapted_models\resnet18_art_painting-sketch_seed42_to_cartoon_fraction25.pth,outputs\adaptation_histories\resnet18_art_painting-sketch_seed42_to_cartoon_fraction25_history.csv,outputs\adaptation_plots\resnet18_art_painting-sketch_seed42_to_cartoon_fraction25.png,0.4595744680851064,3.688032763055032
resnet18_art_painting-sketch_seed42_to_cartoon_fraction50,resnet18_art_painting-sketch_seed42_to_cartoon,resnet18_art_painting-sketch_seed42,resnet18,art_painting|sketch,2,cartoon,42,0.5,50,11180103,4183,0.7993311036789298,821,235,469,0.4861407249466951,3.37922304881407,0.7782515991471215,0.9262015580622628,0.2921108742004264,70,0.9817295980511572,0.825531914893617,100,2600,100,0.0001,outputs\adapted_models\resnet18_art_painting-sketch_seed42_to_cartoon_fraction50.pth,outputs\adaptation_histories\resnet18_art_painting-sketch_seed42_to_cartoon_fraction50_history.csv,outputs\adaptation_plots\resnet18_art_painting-sketch_seed42_to_cartoon_fraction50.png,0.4595744680851064,3.688032763055032
resnet18_art_painting-sketch_seed42_to_cartoon_fraction100,resnet18_art_painting-sketch_seed42_to_cartoon,resnet18_art_painting-sketch_seed42,resnet18,art_painting|sketch,2,cartoon,42,1.0,100,11180103,4183,0.7993311036789298,1640,235,469,0.4861407249466951,3.37922304881407,0.8336886993603412,0.7310055446014729,0.3475479744136461,89,0.9957317073170732,0.8638297872340426,100,5200,100,0.0001,outputs\adapted_models\resnet18_art_painting-sketch_seed42_to_cartoon_fraction100.pth,outputs\adaptation_histories\resnet18_art_painting-sketch_seed42_to_cartoon_fraction100_history.csv,outputs\adaptation_plots\resnet18_art_painting-sketch_seed42_to_cartoon_fraction100.png,0.4595744680851064,3.688032763055032
resnet18_art_painting-sketch_seed42_to_photo_fraction5,resnet18_art_painting-sketch_seed42_to_photo,resnet18_art_painting-sketch_seed42,resnet18,art_painting|sketch,2,photo,42,0.05,5,11180103,4183,0.7993311036789298,58,167,334,0.6467065868263473,2.003266094687456,0.6856287425149701,2.0117913149074167,0.0389221556886227,99,1.0,0.6107784431137725,100,200,100,0.0001,outputs\adapted_models\resnet18_art_painting-sketch_seed42_to_photo_fraction5.pth,outputs\adaptation_histories\resnet18_art_painting-sketch_seed42_to_photo_fraction5_history.csv,outputs\adaptation_plots\resnet18_art_painting-sketch_seed42_to_photo_fraction5.png,0.5688622754491018,2.763346643504982
resnet18_art_painting-sketch_seed42_to_photo_fraction10,resnet18_art_painting-sketch_seed42_to_photo,resnet18_art_painting-sketch_seed42,resnet18,art_painting|sketch,2,photo,42,0.1,10,11180103,4183,0.7993311036789298,117,167,334,0.6467065868263473,2.003266094687456,0.7035928143712575,1.7672766668353963,0.0568862275449102,82,0.9829059829059827,0.6586826347305389,100,400,100,0.0001,outputs\adapted_models\resnet18_art_painting-sketch_seed42_to_photo_fraction10.pth,outputs\adaptation_histories\resnet18_art_painting-sketch_seed42_to_photo_fraction10_history.csv,outputs\adaptation_plots\resnet18_art_painting-sketch_seed42_to_photo_fraction10.png,0.5688622754491018,2.763346643504982
resnet18_art_painting-sketch_seed42_to_photo_fraction25,resnet18_art_painting-sketch_seed42_to_photo,resnet18_art_painting-sketch_seed42,resnet18,art_painting|sketch,2,photo,42,0.25,25,11180103,4183,0.7993311036789298,292,167,334,0.6467065868263473,2.003266094687456,0.7664670658682635,1.2590762726561038,0.1197604790419162,91,0.9726027397260274,0.7065868263473054,100,1000,100,0.0001,outputs\adapted_models\resnet18_art_painting-sketch_seed42_to_photo_fraction25.pth,outputs\adaptation_histories\resnet18_art_painting-sketch_seed42_to_photo_fraction25_history.csv,outputs\adaptation_plots\resnet18_art_painting-sketch_seed42_to_photo_fraction25.png,0.5688622754491018,2.763346643504982
resnet18_art_painting-sketch_seed42_to_photo_fraction50,resnet18_art_painting-sketch_seed42_to_photo,resnet18_art_painting-sketch_seed42,resnet18,art_painting|sketch,2,photo,42,0.5,50,11180103,4183,0.7993311036789298,585,167,334,0.6467065868263473,2.003266094687456,0.8143712574850299,0.984839079622737,0.1676646706586826,85,0.988034188034188,0.7724550898203593,100,1900,100,0.0001,outputs\adapted_models\resnet18_art_painting-sketch_seed42_to_photo_fraction50.pth,outputs\adaptation_histories\resnet18_art_painting-sketch_seed42_to_photo_fraction50_history.csv,outputs\adaptation_plots\resnet18_art_painting-sketch_seed42_to_photo_fraction50.png,0.5688622754491018,2.763346643504982
resnet18_art_painting-sketch_seed42_to_photo_fraction100,resnet18_art_painting-sketch_seed42_to_photo,resnet18_art_painting-sketch_seed42,resnet18,art_painting|sketch,2,photo,42,1.0,100,11180103,4183,0.7993311036789298,1169,167,334,0.6467065868263473,2.003266094687456,0.8143712574850299,0.6811663005166425,0.1676646706586826,42,0.9632164242942686,0.7964071856287425,100,3700,100,0.0001,outputs\adapted_models\resnet18_art_painting-sketch_seed42_to_photo_fraction100.pth,outputs\adaptation_histories\resnet18_art_painting-sketch_seed42_to_photo_fraction100_history.csv,outputs\adaptation_plots\resnet18_art_painting-sketch_seed42_to_photo_fraction100.png,0.5688622754491018,2.763346643504982
resnet18_art_painting-sketch_seed387_to_cartoon_fraction5,resnet18_art_painting-sketch_seed387_to_cartoon,resnet18_art_painting-sketch_seed387,resnet18,art_painting|sketch,2,cartoon,387,0.05,5,11180103,4183,0.794314381270903,82,235,469,0.5671641791044776,2.826012772029397,0.6716417910447762,2.4422215053013394,0.1044776119402985,79,0.951219512195122,0.6510638297872341,100,300,100,0.0001,outputs\adapted_models\resnet18_art_painting-sketch_seed387_to_cartoon_fraction5.pth,outputs\adaptation_histories\resnet18_art_painting-sketch_seed387_to_cartoon_fraction5_history.csv,outputs\adaptation_plots\resnet18_art_painting-sketch_seed387_to_cartoon_fraction5.png,0.5191489361702127,3.2357156631794384
resnet18_art_painting-sketch_seed387_to_cartoon_fraction10,resnet18_art_painting-sketch_seed387_to_cartoon,resnet18_art_painting-sketch_seed387,resnet18,art_painting|sketch,2,cartoon,387,0.1,10,11180103,4183,0.794314381270903,164,235,469,0.5671641791044776,2.826012772029397,0.6801705756929638,2.019364415963829,0.1130063965884862,95,0.9695121951219512,0.6638297872340425,100,600,100,0.0001,outputs\adapted_models\resnet18_art_painting-sketch_seed387_to_cartoon_fraction10.pth,outputs\adaptation_histories\resnet18_art_painting-sketch_seed387_to_cartoon_fraction10_history.csv,outputs\adaptation_plots\resnet18_art_painting-sketch_seed387_to_cartoon_fraction10.png,0.5191489361702127,3.2357156631794384
resnet18_art_painting-sketch_seed387_to_cartoon_fraction25,resnet18_art_painting-sketch_seed387_to_cartoon,resnet18_art_painting-sketch_seed387,resnet18,art_painting|sketch,2,cartoon,387,0.25,25,11180103,4183,0.794314381270903,410,235,469,0.5671641791044776,2.826012772029397,0.7420042643923241,1.4606533091205525,0.1748400852878465,77,0.9829268292682928,0.7531914893617021,100,1300,100,0.0001,outputs\adapted_models\resnet18_art_painting-sketch_seed387_to_cartoon_fraction25.pth,outputs\adaptation_histories\resnet18_art_painting-sketch_seed387_to_cartoon_fraction25_history.csv,outputs\adaptation_plots\resnet18_art_painting-sketch_seed387_to_cartoon_fraction25.png,0.5191489361702127,3.2357156631794384
resnet18_art_painting-sketch_seed387_to_cartoon_fraction50,resnet18_art_painting-sketch_seed387_to_cartoon,resnet18_art_painting-sketch_seed387,resnet18,art_painting|sketch,2,cartoon,387,0.5,50,11180103,4183,0.794314381270903,821,235,469,0.5671641791044776,2.826012772029397,0.7718550106609808,1.0065936269536455,0.2046908315565032,57,0.9658952496954932,0.8085106382978723,100,2600,100,0.0001,outputs\adapted_models\resnet18_art_painting-sketch_seed387_to_cartoon_fraction50.pth,outputs\adaptation_histories\resnet18_art_painting-sketch_seed387_to_cartoon_fraction50_history.csv,outputs\adaptation_plots\resnet18_art_painting-sketch_seed387_to_cartoon_fraction50.png,0.5191489361702127,3.2357156631794384
resnet18_art_painting-sketch_seed387_to_cartoon_fraction100,resnet18_art_painting-sketch_seed387_to_cartoon,resnet18_art_painting-sketch_seed387,resnet18,art_painting|sketch,2,cartoon,387,1.0,100,11180103,4183,0.794314381270903,1640,235,469,0.5671641791044776,2.826012772029397,0.8443496801705757,0.7359321396996472,0.2771855010660981,93,0.9957317073170732,0.8893617021276595,100,5200,100,0.0001,outputs\adapted_models\resnet18_art_painting-sketch_seed387_to_cartoon_fraction100.pth,outputs\adaptation_histories\resnet18_art_painting-sketch_seed387_to_cartoon_fraction100_history.csv,outputs\adaptation_plots\resnet18_art_painting-sketch_seed387_to_cartoon_fraction100.png,0.5191489361702127,3.2357156631794384
resnet18_art_painting-sketch_seed387_to_photo_fraction5,resnet18_art_painting-sketch_seed387_to_photo,resnet18_art_painting-sketch_seed387,resnet18,art_painting|sketch,2,photo,387,0.05,5,11180103,4183,0.794314381270903,58,167,334,0.6077844311377245,2.303928084002284,0.625748502994012,2.0734174865448547,0.0179640718562874,2,0.5862068965517241,0.6107784431137725,100,200,100,0.0001,outputs\adapted_models\resnet18_art_painting-sketch_seed387_to_photo_fraction5.pth,outputs\adaptation_histories\resnet18_art_painting-sketch_seed387_to_photo_fraction5_history.csv,outputs\adaptation_plots\resnet18_art_painting-sketch_seed387_to_photo_fraction5.png,0.5748502994011976,2.534186014872111
resnet18_art_painting-sketch_seed387_to_photo_fraction10,resnet18_art_painting-sketch_seed387_to_photo,resnet18_art_painting-sketch_seed387,resnet18,art_painting|sketch,2,photo,387,0.1,10,11180103,4183,0.794314381270903,117,167,334,0.6077844311377245,2.303928084002284,0.6586826347305389,1.9947445292672712,0.0508982035928143,99,0.9914529914529916,0.6167664670658682,100,400,100,0.0001,outputs\adapted_models\resnet18_art_painting-sketch_seed387_to_photo_fraction10.pth,outputs\adaptation_histories\resnet18_art_painting-sketch_seed387_to_photo_fraction10_history.csv,outputs\adaptation_plots\resnet18_art_painting-sketch_seed387_to_photo_fraction10.png,0.5748502994011976,2.534186014872111
resnet18_art_painting-sketch_seed387_to_photo_fraction25,resnet18_art_painting-sketch_seed387_to_photo,resnet18_art_painting-sketch_seed387,resnet18,art_painting|sketch,2,photo,387,0.25,25,11180103,4183,0.794314381270903,292,167,334,0.6077844311377245,2.303928084002284,0.7544910179640718,1.1533361466344958,0.1467065868263473,89,0.9863013698630136,0.7005988023952096,100,1000,100,0.0001,outputs\adapted_models\resnet18_art_painting-sketch_seed387_to_photo_fraction25.pth,outputs\adaptation_histories\resnet18_art_painting-sketch_seed387_to_photo_fraction25_history.csv,outputs\adaptation_plots\resnet18_art_painting-sketch_seed387_to_photo_fraction25.png,0.5748502994011976,2.534186014872111
resnet18_art_painting-sketch_seed387_to_photo_fraction50,resnet18_art_painting-sketch_seed387_to_photo,resnet18_art_painting-sketch_seed387,resnet18,art_painting|sketch,2,photo,387,0.5,50,11180103,4183,0.794314381270903,585,167,334,0.6077844311377245,2.303928084002284,0.8173652694610778,0.8709290270319956,0.2095808383233532,84,0.988034188034188,0.7724550898203593,100,1900,100,0.0001,outputs\adapted_models\resnet18_art_painting-sketch_seed387_to_photo_fraction50.pth,outputs\adaptation_histories\resnet18_art_painting-sketch_seed387_to_photo_fraction50_history.csv,outputs\adaptation_plots\resnet18_art_painting-sketch_seed387_to_photo_fraction50.png,0.5748502994011976,2.534186014872111
resnet18_art_painting-sketch_seed387_to_photo_fraction100,resnet18_art_painting-sketch_seed387_to_photo,resnet18_art_painting-sketch_seed387,resnet18,art_painting|sketch,2,photo,387,1.0,100,11180103,4183,0.794314381270903,1169,167,334,0.6077844311377245,2.303928084002284,0.8502994011976048,0.689778165546006,0.2425149700598803,70,0.9923011120615912,0.8143712574850299,100,3700,100,0.0001,outputs\adapted_models\resnet18_art_painting-sketch_seed387_to_photo_fraction100.pth,outputs\adaptation_histories\resnet18_art_painting-sketch_seed387_to_photo_fraction100_history.csv,outputs\adaptation_plots\resnet18_art_painting-sketch_seed387_to_photo_fraction100.png,0.5748502994011976,2.534186014872111
resnet18_cartoon-photo_seed42_to_art_painting_fraction5,resnet18_cartoon-photo_seed42_to_art_painting,resnet18_cartoon-photo_seed42,resnet18,cartoon|photo,2,art_painting,42,0.05,5,11180103,2809,0.8407960199004975,71,205,410,0.3024390243902439,4.442132866091844,0.4,4.521900846900009,0.0975609756097561,48,0.9154929577464788,0.4048780487804878,100,300,100,0.0001,outputs\adapted_models\resnet18_cartoon-photo_seed42_to_art_painting_fraction5.pth,outputs\adaptation_histories\resnet18_cartoon-photo_seed42_to_art_painting_fraction5_history.csv,outputs\adaptation_plots\resnet18_cartoon-photo_seed42_to_art_painting_fraction5.png,0.3463414634146341,3.992223711711605
resnet18_cartoon-photo_seed42_to_art_painting_fraction10,resnet18_cartoon-photo_seed42_to_art_painting,resnet18_cartoon-photo_seed42,resnet18,cartoon|photo,2,art_painting,42,0.1,10,11180103,2809,0.8407960199004975,143,205,410,0.3024390243902439,4.442132866091844,0.4317073170731707,3.889455069565192,0.1292682926829268,96,1.0,0.4634146341463415,100,500,100,0.0001,outputs\adapted_models\resnet18_cartoon-photo_seed42_to_art_painting_fraction10.pth,outputs\adaptation_histories\resnet18_cartoon-photo_seed42_to_art_painting_fraction10_history.csv,outputs\adaptation_plots\resnet18_cartoon-photo_seed42_to_art_painting_fraction10.png,0.3463414634146341,3.992223711711605
resnet18_cartoon-photo_seed42_to_art_painting_fraction25,resnet18_cartoon-photo_seed42_to_art_painting,resnet18_cartoon-photo_seed42,resnet18,cartoon|photo,2,art_painting,42,0.25,25,11180103,2809,0.8407960199004975,358,205,410,0.3024390243902439,4.442132866091844,0.4829268292682926,2.979466201037895,0.1804878048780487,26,0.7569832402234636,0.4878048780487805,100,1200,100,0.0001,outputs\adapted_models\resnet18_cartoon-photo_seed42_to_art_painting_fraction25.pth,outputs\adaptation_histories\resnet18_cartoon-photo_seed42_to_art_painting_fraction25_history.csv,outputs\adaptation_plots\resnet18_cartoon-photo_seed42_to_art_painting_fraction25.png,0.3463414634146341,3.992223711711605
resnet18_cartoon-photo_seed42_to_art_painting_fraction50,resnet18_cartoon-photo_seed42_to_art_painting,resnet18_cartoon-photo_seed42,resnet18,cartoon|photo,2,art_painting,42,0.5,50,11180103,2809,0.8407960199004975,716,205,410,0.3024390243902439,4.442132866091844,0.5024390243902439,2.183024113352706,0.2,61,0.9567039106145252,0.5658536585365853,100,2300,100,0.0001,outputs\adapted_models\resnet18_cartoon-photo_seed42_to_art_painting_fraction50.pth,outputs\adaptation_histories\resnet18_cartoon-photo_seed42_to_art_painting_fraction50_history.csv,outputs\adaptation_plots\resnet18_cartoon-photo_seed42_to_art_painting_fraction50.png,0.3463414634146341,3.992223711711605
resnet18_cartoon-photo_seed42_to_art_painting_fraction100,resnet18_cartoon-photo_seed42_to_art_painting,resnet18_cartoon-photo_seed42,resnet18,cartoon|photo,2,art_painting,42,1.0,100,11180103,2809,0.8407960199004975,1433,205,410,0.3024390243902439,4.442132866091844,0.573170731707317,2.095874851505931,0.2707317073170731,89,0.9881367759944172,0.6439024390243903,100,4500,100,0.0001,outputs\adapted_models\resnet18_cartoon-photo_seed42_to_art_painting_fraction100.pth,outputs\adaptation_histories\resnet18_cartoon-photo_seed42_to_art_painting_fraction100_history.csv,outputs\adaptation_plots\resnet18_cartoon-photo_seed42_to_art_painting_fraction100.png,0.3463414634146341,3.992223711711605
resnet18_cartoon-photo_seed42_to_sketch_fraction5,resnet18_cartoon-photo_seed42_to_sketch,resnet18_cartoon-photo_seed42,resnet18,cartoon|photo,2,sketch,42,0.05,5,11180103,2809,0.8407960199004975,138,393,786,0.3167938931297709,2.673353709640697,0.6361323155216285,1.569496695928598,0.3193384223918575,65,0.9637681159420288,0.6081424936386769,100,500,100,0.0001,outputs\adapted_models\resnet18_cartoon-photo_seed42_to_sketch_fraction5.pth,outputs\adaptation_histories\resnet18_cartoon-photo_seed42_to_sketch_fraction5_history.csv,outputs\adaptation_plots\resnet18_cartoon-photo_seed42_to_sketch_fraction5.png,0.3231552162849873,2.656124491121326
resnet18_cartoon-photo_seed42_to_sketch_fraction10,resnet18_cartoon-photo_seed42_to_sketch,resnet18_cartoon-photo_seed42,resnet18,cartoon|photo,2,sketch,42,0.1,10,11180103,2809,0.8407960199004975,275,393,786,0.3167938931297709,2.673353709640697,0.688295165394402,1.24685235787894,0.3715012722646311,92,0.9781818181818182,0.6793893129770993,100,900,100,0.0001,outputs\adapted_models\resnet18_cartoon-photo_seed42_to_sketch_fraction10.pth,outputs\adaptation_histories\resnet18_cartoon-photo_seed42_to_sketch_fraction10_history.csv,outputs\adaptation_plots\resnet18_cartoon-photo_seed42_to_sketch_fraction10.png,0.3231552162849873,2.656124491121326
resnet18_cartoon-photo_seed42_to_sketch_fraction25,resnet18_cartoon-photo_seed42_to_sketch,resnet18_cartoon-photo_seed42,resnet18,cartoon|photo,2,sketch,42,0.25,25,11180103,2809,0.8407960199004975,688,393,786,0.3167938931297709,2.673353709640697,0.7430025445292621,0.8525724095545956,0.4262086513994911,58,0.9694767441860463,0.7430025445292621,100,2200,100,0.0001,outputs\adapted_models\resnet18_cartoon-photo_seed42_to_sketch_fraction25.pth,outputs\adaptation_histories\resnet18_cartoon-photo_seed42_to_sketch_fraction25_history.csv,outputs\adaptation_plots\resnet18_cartoon-photo_seed42_to_sketch_fraction25.png,0.3231552162849873,2.656124491121326
resnet18_cartoon-photo_seed42_to_sketch_fraction50,resnet18_cartoon-photo_seed42_to_sketch,resnet18_cartoon-photo_seed42,resnet18,cartoon|photo,2,sketch,42,0.5,50,11180103,2809,0.8407960199004975,1375,393,786,0.3167938931297709,2.673353709640697,0.811704834605598,0.7012657718804046,0.494910941475827,96,0.9905454545454544,0.8193384223918575,100,4300,100,0.0001,outputs\adapted_models\resnet18_cartoon-photo_seed42_to_sketch_fraction50.pth,outputs\adaptation_histories\resnet18_cartoon-photo_seed42_to_sketch_fraction50_history.csv,outputs\adaptation_plots\resnet18_cartoon-photo_seed42_to_sketch_fraction50.png,0.3231552162849873,2.656124491121326
resnet18_cartoon-photo_seed42_to_sketch_fraction100,resnet18_cartoon-photo_seed42_to_sketch,resnet18_cartoon-photo_seed42,resnet18,cartoon|photo,2,sketch,42,1.0,100,11180103,2809,0.8407960199004975,2750,393,786,0.3167938931297709,2.673353709640697,0.8396946564885496,0.4925432696597266,0.5229007633587786,49,0.9690909090909092,0.8600508905852418,100,8600,100,0.0001,outputs\adapted_models\resnet18_cartoon-photo_seed42_to_sketch_fraction100.pth,outputs\adaptation_histories\resnet18_cartoon-photo_seed42_to_sketch_fraction100_history.csv,outputs\adaptation_plots\resnet18_cartoon-photo_seed42_to_sketch_fraction100.png,0.3231552162849873,2.656124491121326
resnet18_cartoon-photo_seed387_to_art_painting_fraction5,resnet18_cartoon-photo_seed387_to_art_painting,resnet18_cartoon-photo_seed387,resnet18,cartoon|photo,2,art_painting,387,0.05,5,11180103,2809,0.818407960199005,71,205,410,0.3365853658536585,4.016953184546494,0.373170731707317,4.570544377768912,0.0365853658536585,13,0.6056338028169014,0.4536585365853658,100,300,100,0.0001,outputs\adapted_models\resnet18_cartoon-photo_seed387_to_art_painting_fraction5.pth,outputs\adaptation_histories\resnet18_cartoon-photo_seed387_to_art_painting_fraction5_history.csv,outputs\adaptation_plots\resnet18_cartoon-photo_seed387_to_art_painting_fraction5.png,0.3658536585365853,3.5096345110637386
resnet18_cartoon-photo_seed387_to_art_painting_fraction10,resnet18_cartoon-photo_seed387_to_art_painting,resnet18_cartoon-photo_seed387,resnet18,cartoon|photo,2,art_painting,387,0.1,10,11180103,2809,0.818407960199005,143,205,410,0.3365853658536585,4.016953184546494,0.4585365853658537,3.270516558391292,0.1219512195121951,92,0.993006993006993,0.526829268292683,100,500,100,0.0001,outputs\adapted_models\resnet18_cartoon-photo_seed387_to_art_painting_fraction10.pth,outputs\adaptation_histories\resnet18_cartoon-photo_seed387_to_art_painting_fraction10_history.csv,outputs\adaptation_plots\resnet18_cartoon-photo_seed387_to_art_painting_fraction10.png,0.3658536585365853,3.5096345110637386
resnet18_cartoon-photo_seed387_to_art_painting_fraction25,resnet18_cartoon-photo_seed387_to_art_painting,resnet18_cartoon-photo_seed387,resnet18,cartoon|photo,2,art_painting,387,0.25,25,11180103,2809,0.818407960199005,358,205,410,0.3365853658536585,4.016953184546494,0.473170731707317,2.575594795040968,0.1365853658536585,62,0.946927374301676,0.551219512195122,100,1200,100,0.0001,outputs\adapted_models\resnet18_cartoon-photo_seed387_to_art_painting_fraction25.pth,outputs\adaptation_histories\resnet18_cartoon-photo_seed387_to_art_painting_fraction25_history.csv,outputs\adaptation_plots\resnet18_cartoon-photo_seed387_to_art_painting_fraction25.png,0.3658536585365853,3.5096345110637386
resnet18_cartoon-photo_seed387_to_art_painting_fraction50,resnet18_cartoon-photo_seed387_to_art_painting,resnet18_cartoon-photo_seed387,resnet18,cartoon|photo,2,art_painting,387,0.5,50,11180103,2809,0.818407960199005,716,205,410,0.3365853658536585,4.016953184546494,0.526829268292683,2.1583012743694026,0.1902439024390244,75,0.9776536312849162,0.624390243902439,100,2300,100,0.0001,outputs\adapted_models\resnet18_cartoon-photo_seed387_to_art_painting_fraction50.pth,outputs\adaptation_histories\resnet18_cartoon-photo_seed387_to_art_painting_fraction50_history.csv,outputs\adaptation_plots\resnet18_cartoon-photo_seed387_to_art_painting_fraction50.png,0.3658536585365853,3.5096345110637386
resnet18_cartoon-photo_seed387_to_art_painting_fraction100,resnet18_cartoon-photo_seed387_to_art_painting,resnet18_cartoon-photo_seed387,resnet18,cartoon|photo,2,art_painting,387,1.0,100,11180103,2809,0.818407960199005,1433,205,410,0.3365853658536585,4.016953184546494,0.5658536585365853,1.5023006485729682,0.2292682926829267,38,0.8827634333565946,0.6682926829268293,100,4500,100,0.0001,outputs\adapted_models\resnet18_cartoon-photo_seed387_to_art_painting_fraction100.pth,outputs\adaptation_histories\resnet18_cartoon-photo_seed387_to_art_painting_fraction100_history.csv,outputs\adaptation_plots\resnet18_cartoon-photo_seed387_to_art_painting_fraction100.png,0.3658536585365853,3.5096345110637386
resnet18_cartoon-photo_seed387_to_sketch_fraction5,resnet18_cartoon-photo_seed387_to_sketch,resnet18_cartoon-photo_seed387,resnet18,cartoon|photo,2,sketch,387,0.05,5,11180103,2809,0.818407960199005,138,393,786,0.3142493638676845,3.892903471114375,0.6208651399491094,1.5579284408316965,0.3066157760814249,86,0.9782608695652174,0.628498727735369,100,500,100,0.0001,outputs\adapted_models\resnet18_cartoon-photo_seed387_to_sketch_fraction5.pth,outputs\adaptation_histories\resnet18_cartoon-photo_seed387_to_sketch_fraction5_history.csv,outputs\adaptation_plots\resnet18_cartoon-photo_seed387_to_sketch_fraction5.png,0.3129770992366412,3.9549278084558384
resnet18_cartoon-photo_seed387_to_sketch_fraction10,resnet18_cartoon-photo_seed387_to_sketch,resnet18_cartoon-photo_seed387,resnet18,cartoon|photo,2,sketch,387,0.1,10,11180103,2809,0.818407960199005,275,393,786,0.3142493638676845,3.892903471114375,0.6908396946564885,1.1503338194985426,0.376590330788804,92,1.0,0.6921119592875318,100,900,100,0.0001,outputs\adapted_models\resnet18_cartoon-photo_seed387_to_sketch_fraction10.pth,outputs\adaptation_histories\resnet18_cartoon-photo_seed387_to_sketch_fraction10_history.csv,outputs\adaptation_plots\resnet18_cartoon-photo_seed387_to_sketch_fraction10.png,0.3129770992366412,3.9549278084558384
resnet18_cartoon-photo_seed387_to_sketch_fraction25,resnet18_cartoon-photo_seed387_to_sketch,resnet18_cartoon-photo_seed387,resnet18,cartoon|photo,2,sketch,387,0.25,25,11180103,2809,0.818407960199005,688,393,786,0.3142493638676845,3.892903471114375,0.7938931297709924,0.806688946318687,0.4796437659033079,91,0.9927325581395348,0.7888040712468194,100,2200,100,0.0001,outputs\adapted_models\resnet18_cartoon-photo_seed387_to_sketch_fraction25.pth,outputs\adaptation_histories\resnet18_cartoon-photo_seed387_to_sketch_fraction25_history.csv,outputs\adaptation_plots\resnet18_cartoon-photo_seed387_to_sketch_fraction25.png,0.3129770992366412,3.9549278084558384
resnet18_cartoon-photo_seed387_to_sketch_fraction50,resnet18_cartoon-photo_seed387_to_sketch,resnet18_cartoon-photo_seed387,resnet18,cartoon|photo,2,sketch,387,0.5,50,11180103,2809,0.818407960199005,1375,393,786,0.3142493638676845,3.892903471114375,0.8180661577608143,0.629774108794506,0.5038167938931297,89,0.9963636363636365,0.8269720101781171,100,4300,100,0.0001,outputs\adapted_models\resnet18_cartoon-photo_seed387_to_sketch_fraction50.pth,outputs\adaptation_histories\resnet18_cartoon-photo_seed387_to_sketch_fraction50_history.csv,outputs\adaptation_plots\resnet18_cartoon-photo_seed387_to_sketch_fraction50.png,0.3129770992366412,3.9549278084558384
resnet18_cartoon-photo_seed387_to_sketch_fraction100,resnet18_cartoon-photo_seed387_to_sketch,resnet18_cartoon-photo_seed387,resnet18,cartoon|photo,2,sketch,387,1.0,100,11180103,2809,0.818407960199005,2750,393,786,0.3142493638676845,3.892903471114375,0.8918575063613231,0.4874528566086262,0.5776081424936386,89,0.9956363636363637,0.8753180661577609,100,8600,100,0.0001,outputs\adapted_models\resnet18_cartoon-photo_seed387_to_sketch_fraction100.pth,outputs\adaptation_histories\resnet18_cartoon-photo_seed387_to_sketch_fraction100_history.csv,outputs\adaptation_plots\resnet18_cartoon-photo_seed387_to_sketch_fraction100.png,0.3129770992366412,3.9549278084558384
resnet18_cartoon-sketch_seed42_to_art_painting_fraction5,resnet18_cartoon-sketch_seed42_to_art_painting,resnet18_cartoon-sketch_seed42,resnet18,cartoon|sketch,2,art_painting,42,0.05,5,11180103,4390,0.8949044585987261,71,205,410,0.2975609756097561,5.3063781552198455,0.3585365853658536,5.214657332257526,0.0609756097560975,85,0.9577464788732394,0.4536585365853658,100,300,100,0.0001,outputs\adapted_models\resnet18_cartoon-sketch_seed42_to_art_painting_fraction5.pth,outputs\adaptation_histories\resnet18_cartoon-sketch_seed42_to_art_painting_fraction5_history.csv,outputs\adaptation_plots\resnet18_cartoon-sketch_seed42_to_art_painting_fraction5.png,0.3170731707317073,4.579155191561071
resnet18_cartoon-sketch_seed42_to_art_painting_fraction10,resnet18_cartoon-sketch_seed42_to_art_painting,resnet18_cartoon-sketch_seed42,resnet18,cartoon|sketch,2,art_painting,42,0.1,10,11180103,4390,0.8949044585987261,143,205,410,0.2975609756097561,5.3063781552198455,0.3853658536585366,4.582566852104373,0.0878048780487805,86,0.951048951048951,0.4585365853658537,100,500,100,0.0001,outputs\adapted_models\resnet18_cartoon-sketch_seed42_to_art_painting_fraction10.pth,outputs\adaptation_histories\resnet18_cartoon-sketch_seed42_to_art_painting_fraction10_history.csv,outputs\adaptation_plots\resnet18_cartoon-sketch_seed42_to_art_painting_fraction10.png,0.3170731707317073,4.579155191561071
resnet18_cartoon-sketch_seed42_to_art_painting_fraction25,resnet18_cartoon-sketch_seed42_to_art_painting,resnet18_cartoon-sketch_seed42,resnet18,cartoon|sketch,2,art_painting,42,0.25,25,11180103,4390,0.8949044585987261,358,205,410,0.2975609756097561,5.3063781552198455,0.4365853658536585,3.3839696000262003,0.1390243902439024,54,0.7821229050279329,0.473170731707317,100,1200,100,0.0001,outputs\adapted_models\resnet18_cartoon-sketch_seed42_to_art_painting_fraction25.pth,outputs\adaptation_histories\resnet18_cartoon-sketch_seed42_to_art_painting_fraction25_history.csv,outputs\adaptation_plots\resnet18_cartoon-sketch_seed42_to_art_painting_fraction25.png,0.3170731707317073,4.579155191561071
resnet18_cartoon-sketch_seed42_to_art_painting_fraction50,resnet18_cartoon-sketch_seed42_to_art_painting,resnet18_cartoon-sketch_seed42,resnet18,cartoon|sketch,2,art_painting,42,0.5,50,11180103,4390,0.8949044585987261,716,205,410,0.2975609756097561,5.3063781552198455,0.4902439024390244,2.2511217349913064,0.1926829268292683,50,0.8393854748603352,0.5756097560975609,100,2300,100,0.0001,outputs\adapted_models\resnet18_cartoon-sketch_seed42_to_art_painting_fraction50.pth,outputs\adaptation_histories\resnet18_cartoon-sketch_seed42_to_art_painting_fraction50_history.csv,outputs\adaptation_plots\resnet18_cartoon-sketch_seed42_to_art_painting_fraction50.png,0.3170731707317073,4.579155191561071
resnet18_cartoon-sketch_seed42_to_art_painting_fraction100,resnet18_cartoon-sketch_seed42_to_art_painting,resnet18_cartoon-sketch_seed42,resnet18,cartoon|sketch,2,art_painting,42,1.0,100,11180103,4390,0.8949044585987261,1433,205,410,0.2975609756097561,5.3063781552198455,0.5975609756097561,1.844945321431974,0.3,93,0.9713886950453594,0.6780487804878049,100,4500,100,0.0001,outputs\adapted_models\resnet18_cartoon-sketch_seed42_to_art_painting_fraction100.pth,outputs\adaptation_histories\resnet18_cartoon-sketch_seed42_to_art_painting_fraction100_history.csv,outputs\adaptation_plots\resnet18_cartoon-sketch_seed42_to_art_painting_fraction100.png,0.3170731707317073,4.579155191561071
resnet18_cartoon-sketch_seed42_to_photo_fraction5,resnet18_cartoon-sketch_seed42_to_photo,resnet18_cartoon-sketch_seed42,resnet18,cartoon|sketch,2,photo,42,0.05,5,11180103,4390,0.8949044585987261,58,167,334,0.4251497005988024,3.743047697101524,0.5329341317365269,3.421496933805728,0.1077844311377245,7,0.6551724137931034,0.5269461077844312,100,200,100,0.0001,outputs\adapted_models\resnet18_cartoon-sketch_seed42_to_photo_fraction5.pth,outputs\adaptation_histories\resnet18_cartoon-sketch_seed42_to_photo_fraction5_history.csv,outputs\adaptation_plots\resnet18_cartoon-sketch_seed42_to_photo_fraction5.png,0.4191616766467065,3.474700025455681
resnet18_cartoon-sketch_seed42_to_photo_fraction10,resnet18_cartoon-sketch_seed42_to_photo,resnet18_cartoon-sketch_seed42,resnet18,cartoon|sketch,2,photo,42,0.1,10,11180103,4390,0.8949044585987261,117,167,334,0.4251497005988024,3.743047697101524,0.6107784431137725,2.564683891342072,0.18562874251497,59,0.9829059829059827,0.5808383233532934,100,400,100,0.0001,outputs\adapted_models\resnet18_cartoon-sketch_seed42_to_photo_fraction10.pth,outputs\adaptation_histories\resnet18_cartoon-sketch_seed42_to_photo_fraction10_history.csv,outputs\adaptation_plots\resnet18_cartoon-sketch_seed42_to_photo_fraction10.png,0.4191616766467065,3.474700025455681
resnet18_cartoon-sketch_seed42_to_photo_fraction25,resnet18_cartoon-sketch_seed42_to_photo,resnet18_cartoon-sketch_seed42,resnet18,cartoon|sketch,2,photo,42,0.25,25,11180103,4390,0.8949044585987261,292,167,334,0.4251497005988024,3.743047697101524,0.6377245508982036,2.1650386998753346,0.2125748502994011,24,0.7602739726027398,0.6227544910179641,100,1000,100,0.0001,outputs\adapted_models\resnet18_cartoon-sketch_seed42_to_photo_fraction25.pth,outputs\adaptation_histories\resnet18_cartoon-sketch_seed42_to_photo_fraction25_history.csv,outputs\adaptation_plots\resnet18_cartoon-sketch_seed42_to_photo_fraction25.png,0.4191616766467065,3.474700025455681
resnet18_cartoon-sketch_seed42_to_photo_fraction50,resnet18_cartoon-sketch_seed42_to_photo,resnet18_cartoon-sketch_seed42,resnet18,cartoon|sketch,2,photo,42,0.5,50,11180103,4390,0.8949044585987261,585,167,334,0.4251497005988024,3.743047697101524,0.7574850299401198,1.0937787815482316,0.3323353293413174,100,0.9811965811965812,0.718562874251497,100,1900,100,0.0001,outputs\adapted_models\resnet18_cartoon-sketch_seed42_to_photo_fraction50.pth,outputs\adaptation_histories\resnet18_cartoon-sketch_seed42_to_photo_fraction50_history.csv,outputs\adaptation_plots\resnet18_cartoon-sketch_seed42_to_photo_fraction50.png,0.4191616766467065,3.474700025455681
resnet18_cartoon-sketch_seed42_to_photo_fraction100,resnet18_cartoon-sketch_seed42_to_photo,resnet18_cartoon-sketch_seed42,resnet18,cartoon|sketch,2,photo,42,1.0,100,11180103,4390,0.8949044585987261,1169,167,334,0.4251497005988024,3.743047697101524,0.8293413173652695,0.7129819949943862,0.4041916167664671,85,0.9888793840889648,0.7964071856287425,100,3700,100,0.0001,outputs\adapted_models\resnet18_cartoon-sketch_seed42_to_photo_fraction100.pth,outputs\adaptation_histories\resnet18_cartoon-sketch_seed42_to_photo_fraction100_history.csv,outputs\adaptation_plots\resnet18_cartoon-sketch_seed42_to_photo_fraction100.png,0.4191616766467065,3.474700025455681
resnet18_cartoon-sketch_seed387_to_art_painting_fraction5,resnet18_cartoon-sketch_seed387_to_art_painting,resnet18_cartoon-sketch_seed387,resnet18,cartoon|sketch,2,art_painting,387,0.05,5,11180103,4390,0.8869426751592356,71,205,410,0.2731707317073171,4.768320781428639,0.3585365853658536,5.467415916628954,0.0853658536585365,72,0.9295774647887324,0.4048780487804878,100,300,100,0.0001,outputs\adapted_models\resnet18_cartoon-sketch_seed387_to_art_painting_fraction5.pth,outputs\adaptation_histories\resnet18_cartoon-sketch_seed387_to_art_painting_fraction5_history.csv,outputs\adaptation_plots\resnet18_cartoon-sketch_seed387_to_art_painting_fraction5.png,0.3121951219512195,4.440564430050734
resnet18_cartoon-sketch_seed387_to_art_painting_fraction10,resnet18_cartoon-sketch_seed387_to_art_painting,resnet18_cartoon-sketch_seed387,resnet18,cartoon|sketch,2,art_painting,387,0.1,10,11180103,4390,0.8869426751592356,143,205,410,0.2731707317073171,4.768320781428639,0.424390243902439,4.365008209972847,0.1512195121951219,99,0.958041958041958,0.4341463414634146,100,500,100,0.0001,outputs\adapted_models\resnet18_cartoon-sketch_seed387_to_art_painting_fraction10.pth,outputs\adaptation_histories\resnet18_cartoon-sketch_seed387_to_art_painting_fraction10_history.csv,outputs\adaptation_plots\resnet18_cartoon-sketch_seed387_to_art_painting_fraction10.png,0.3121951219512195,4.440564430050734
resnet18_cartoon-sketch_seed387_to_art_painting_fraction25,resnet18_cartoon-sketch_seed387_to_art_painting,resnet18_cartoon-sketch_seed387,resnet18,cartoon|sketch,2,art_painting,387,0.25,25,11180103,4390,0.8869426751592356,358,205,410,0.2731707317073171,4.768320781428639,0.448780487804878,3.2646194178883623,0.1756097560975609,77,0.935754189944134,0.4536585365853658,100,1200,100,0.0001,outputs\adapted_models\resnet18_cartoon-sketch_seed387_to_art_painting_fraction25.pth,outputs\adaptation_histories\resnet18_cartoon-sketch_seed387_to_art_painting_fraction25_history.csv,outputs\adaptation_plots\resnet18_cartoon-sketch_seed387_to_art_painting_fraction25.png,0.3121951219512195,4.440564430050734
resnet18_cartoon-sketch_seed387_to_art_painting_fraction50,resnet18_cartoon-sketch_seed387_to_art_painting,resnet18_cartoon-sketch_seed387,resnet18,cartoon|sketch,2,art_painting,387,0.5,50,11180103,4390,0.8869426751592356,716,205,410,0.2731707317073171,4.768320781428639,0.4853658536585366,2.401169400098848,0.2121951219512194,99,0.962290502793296,0.5707317073170731,100,2300,100,0.0001,outputs\adapted_models\resnet18_cartoon-sketch_seed387_to_art_painting_fraction50.pth,outputs\adaptation_histories\resnet18_cartoon-sketch_seed387_to_art_painting_fraction50_history.csv,outputs\adaptation_plots\resnet18_cartoon-sketch_seed387_to_art_painting_fraction50.png,0.3121951219512195,4.440564430050734
resnet18_cartoon-sketch_seed387_to_art_painting_fraction100,resnet18_cartoon-sketch_seed387_to_art_painting,resnet18_cartoon-sketch_seed387,resnet18,cartoon|sketch,2,art_painting,387,1.0,100,11180103,4390,0.8869426751592356,1433,205,410,0.2731707317073171,4.768320781428639,0.5853658536585366,1.671726273327339,0.3121951219512194,71,0.9413817166782972,0.6292682926829268,100,4500,100,0.0001,outputs\adapted_models\resnet18_cartoon-sketch_seed387_to_art_painting_fraction100.pth,outputs\adaptation_histories\resnet18_cartoon-sketch_seed387_to_art_painting_fraction100_history.csv,outputs\adaptation_plots\resnet18_cartoon-sketch_seed387_to_art_painting_fraction100.png,0.3121951219512195,4.440564430050734
resnet18_cartoon-sketch_seed387_to_photo_fraction5,resnet18_cartoon-sketch_seed387_to_photo,resnet18_cartoon-sketch_seed387,resnet18,cartoon|sketch,2,photo,387,0.05,5,11180103,4390,0.8869426751592356,58,167,334,0.5,2.820164537715341,0.5718562874251497,2.924839796420343,0.0718562874251497,30,0.896551724137931,0.6167664670658682,100,200,100,0.0001,outputs\adapted_models\resnet18_cartoon-sketch_seed387_to_photo_fraction5.pth,outputs\adaptation_histories\resnet18_cartoon-sketch_seed387_to_photo_fraction5_history.csv,outputs\adaptation_plots\resnet18_cartoon-sketch_seed387_to_photo_fraction5.png,0.5389221556886228,2.469207957833113
resnet18_cartoon-sketch_seed387_to_photo_fraction10,resnet18_cartoon-sketch_seed387_to_photo,resnet18_cartoon-sketch_seed387,resnet18,cartoon|sketch,2,photo,387,0.1,10,11180103,4390,0.8869426751592356,117,167,334,0.5,2.820164537715341,0.6407185628742516,2.1130262249244187,0.1407185628742515,84,0.9914529914529916,0.6826347305389222,100,400,100,0.0001,outputs\adapted_models\resnet18_cartoon-sketch_seed387_to_photo_fraction10.pth,outputs\adaptation_histories\resnet18_cartoon-sketch_seed387_to_photo_fraction10_history.csv,outputs\adaptation_plots\resnet18_cartoon-sketch_seed387_to_photo_fraction10.png,0.5389221556886228,2.469207957833113
resnet18_cartoon-sketch_seed387_to_photo_fraction25,resnet18_cartoon-sketch_seed387_to_photo,resnet18_cartoon-sketch_seed387,resnet18,cartoon|sketch,2,photo,387,0.25,25,11180103,4390,0.8869426751592356,292,167,334,0.5,2.820164537715341,0.7245508982035929,1.4731541079675363,0.2245508982035928,91,0.9657534246575342,0.7125748502994012,100,1000,100,0.0001,outputs\adapted_models\resnet18_cartoon-sketch_seed387_to_photo_fraction25.pth,outputs\adaptation_histories\resnet18_cartoon-sketch_seed387_to_photo_fraction25_history.csv,outputs\adaptation_plots\resnet18_cartoon-sketch_seed387_to_photo_fraction25.png,0.5389221556886228,2.469207957833113
resnet18_cartoon-sketch_seed387_to_photo_fraction50,resnet18_cartoon-sketch_seed387_to_photo,resnet18_cartoon-sketch_seed387,resnet18,cartoon|sketch,2,photo,387,0.5,50,11180103,4390,0.8869426751592356,585,167,334,0.5,2.820164537715341,0.7455089820359282,0.9122435032964468,0.2455089820359282,85,0.988034188034188,0.7784431137724551,100,1900,100,0.0001,outputs\adapted_models\resnet18_cartoon-sketch_seed387_to_photo_fraction50.pth,outputs\adaptation_histories\resnet18_cartoon-sketch_seed387_to_photo_fraction50_history.csv,outputs\adaptation_plots\resnet18_cartoon-sketch_seed387_to_photo_fraction50.png,0.5389221556886228,2.469207957833113
resnet18_cartoon-sketch_seed387_to_photo_fraction100,resnet18_cartoon-sketch_seed387_to_photo,resnet18_cartoon-sketch_seed387,resnet18,cartoon|sketch,2,photo,387,1.0,100,11180103,4390,0.8869426751592356,1169,167,334,0.5,2.820164537715341,0.8263473053892215,0.7792037861075943,0.3263473053892215,96,0.9965782720273738,0.8083832335329342,100,3700,100,0.0001,outputs\adapted_models\resnet18_cartoon-sketch_seed387_to_photo_fraction100.pth,outputs\adaptation_histories\resnet18_cartoon-sketch_seed387_to_photo_fraction100_history.csv,outputs\adaptation_plots\resnet18_cartoon-sketch_seed387_to_photo_fraction100.png,0.5389221556886228,2.469207957833113
resnet18_photo-sketch_seed42_to_art_painting_fraction5,resnet18_photo-sketch_seed42_to_art_painting,resnet18_photo-sketch_seed42,resnet18,photo|sketch,2,art_painting,42,0.05,5,11180103,3919,0.8660714285714286,71,205,410,0.3121951219512195,5.24819166602158,0.4121951219512195,4.301151554758956,0.0999999999999999,100,0.971830985915493,0.4195121951219512,100,300,100,0.0001,outputs\adapted_models\resnet18_photo-sketch_seed42_to_art_painting_fraction5.pth,outputs\adaptation_histories\resnet18_photo-sketch_seed42_to_art_painting_fraction5_history.csv,outputs\adaptation_plots\resnet18_photo-sketch_seed42_to_art_painting_fraction5.png,0.3317073170731707,5.064815688714749
resnet18_photo-sketch_seed42_to_art_painting_fraction10,resnet18_photo-sketch_seed42_to_art_painting,resnet18_photo-sketch_seed42,resnet18,photo|sketch,2,art_painting,42,0.1,10,11180103,3919,0.8660714285714286,143,205,410,0.3121951219512195,5.24819166602158,0.4414634146341463,4.147561031434594,0.1292682926829268,79,0.902097902097902,0.4341463414634146,100,500,100,0.0001,outputs\adapted_models\resnet18_photo-sketch_seed42_to_art_painting_fraction10.pth,outputs\adaptation_histories\resnet18_photo-sketch_seed42_to_art_painting_fraction10_history.csv,outputs\adaptation_plots\resnet18_photo-sketch_seed42_to_art_painting_fraction10.png,0.3317073170731707,5.064815688714749
resnet18_photo-sketch_seed42_to_art_painting_fraction25,resnet18_photo-sketch_seed42_to_art_painting,resnet18_photo-sketch_seed42,resnet18,photo|sketch,2,art_painting,42,0.25,25,11180103,3919,0.8660714285714286,358,205,410,0.3121951219512195,5.24819166602158,0.5,2.9750843885468274,0.1878048780487805,61,0.8854748603351955,0.4878048780487805,100,1200,100,0.0001,outputs\adapted_models\resnet18_photo-sketch_seed42_to_art_painting_fraction25.pth,outputs\adaptation_histories\resnet18_photo-sketch_seed42_to_art_painting_fraction25_history.csv,outputs\adaptation_plots\resnet18_photo-sketch_seed42_to_art_painting_fraction25.png,0.3317073170731707,5.064815688714749
resnet18_photo-sketch_seed42_to_art_painting_fraction50,resnet18_photo-sketch_seed42_to_art_painting,resnet18_photo-sketch_seed42,resnet18,photo|sketch,2,art_painting,42,0.5,50,11180103,3919,0.8660714285714286,716,205,410,0.3121951219512195,5.24819166602158,0.551219512195122,2.270374051536002,0.2390243902439024,98,0.9678770949720672,0.5707317073170731,100,2300,100,0.0001,outputs\adapted_models\resnet18_photo-sketch_seed42_to_art_painting_fraction50.pth,outputs\adaptation_histories\resnet18_photo-sketch_seed42_to_art_painting_fraction50_history.csv,outputs\adaptation_plots\resnet18_photo-sketch_seed42_to_art_painting_fraction50.png,0.3317073170731707,5.064815688714749
resnet18_photo-sketch_seed42_to_art_painting_fraction100,resnet18_photo-sketch_seed42_to_art_painting,resnet18_photo-sketch_seed42,resnet18,photo|sketch,2,art_painting,42,1.0,100,11180103,3919,0.8660714285714286,1433,205,410,0.3121951219512195,5.24819166602158,0.5902439024390244,1.49892464149289,0.2780487804878048,42,0.796231681786462,0.6292682926829268,100,4500,100,0.0001,outputs\adapted_models\resnet18_photo-sketch_seed42_to_art_painting_fraction100.pth,outputs\adaptation_histories\resnet18_photo-sketch_seed42_to_art_painting_fraction100_history.csv,outputs\adaptation_plots\resnet18_photo-sketch_seed42_to_art_painting_fraction100.png,0.3317073170731707,5.064815688714749
resnet18_photo-sketch_seed42_to_cartoon_fraction5,resnet18_photo-sketch_seed42_to_cartoon,resnet18_photo-sketch_seed42,resnet18,photo|sketch,2,cartoon,42,0.05,5,11180103,3919,0.8660714285714286,82,235,469,0.4498933901918976,4.0989849196314045,0.5458422174840085,3.250342411781425,0.0959488272921108,75,1.0,0.5659574468085107,100,300,100,0.0001,outputs\adapted_models\resnet18_photo-sketch_seed42_to_cartoon_fraction5.pth,outputs\adaptation_histories\resnet18_photo-sketch_seed42_to_cartoon_fraction5_history.csv,outputs\adaptation_plots\resnet18_photo-sketch_seed42_to_cartoon_fraction5.png,0.4212765957446808,4.428527677820084
resnet18_photo-sketch_seed42_to_cartoon_fraction10,resnet18_photo-sketch_seed42_to_cartoon,resnet18_photo-sketch_seed42,resnet18,photo|sketch,2,cartoon,42,0.1,10,11180103,3919,0.8660714285714286,164,235,469,0.4498933901918976,4.0989849196314045,0.5906183368869936,2.6616162704760584,0.1407249466950959,99,0.9634146341463414,0.5914893617021276,100,600,100,0.0001,outputs\adapted_models\resnet18_photo-sketch_seed42_to_cartoon_fraction10.pth,outputs\adaptation_histories\resnet18_photo-sketch_seed42_to_cartoon_fraction10_history.csv,outputs\adaptation_plots\resnet18_photo-sketch_seed42_to_cartoon_fraction10.png,0.4212765957446808,4.428527677820084
resnet18_photo-sketch_seed42_to_cartoon_fraction25,resnet18_photo-sketch_seed42_to_cartoon,resnet18_photo-sketch_seed42,resnet18,photo|sketch,2,cartoon,42,0.25,25,11180103,3919,0.8660714285714286,410,235,469,0.4498933901918976,4.0989849196314045,0.6631130063965884,1.936346407892353,0.2132196162046907,100,0.997560975609756,0.6936170212765957,100,1300,100,0.0001,outputs\adapted_models\resnet18_photo-sketch_seed42_to_cartoon_fraction25.pth,outputs\adaptation_histories\resnet18_photo-sketch_seed42_to_cartoon_fraction25_history.csv,outputs\adaptation_plots\resnet18_photo-sketch_seed42_to_cartoon_fraction25.png,0.4212765957446808,4.428527677820084
resnet18_photo-sketch_seed42_to_cartoon_fraction50,resnet18_photo-sketch_seed42_to_cartoon,resnet18_photo-sketch_seed42,resnet18,photo|sketch,2,cartoon,42,0.5,50,11180103,3919,0.8660714285714286,821,235,469,0.4498933901918976,4.0989849196314045,0.7356076759061834,1.2107387209243612,0.2857142857142857,99,0.9926918392204628,0.7659574468085106,100,2600,100,0.0001,outputs\adapted_models\resnet18_photo-sketch_seed42_to_cartoon_fraction50.pth,outputs\adaptation_histories\resnet18_photo-sketch_seed42_to_cartoon_fraction50_history.csv,outputs\adaptation_plots\resnet18_photo-sketch_seed42_to_cartoon_fraction50.png,0.4212765957446808,4.428527677820084
resnet18_photo-sketch_seed42_to_cartoon_fraction100,resnet18_photo-sketch_seed42_to_cartoon,resnet18_photo-sketch_seed42,resnet18,photo|sketch,2,cartoon,42,1.0,100,11180103,3919,0.8660714285714286,1640,235,469,0.4498933901918976,4.0989849196314045,0.7718550106609808,0.9001233196461887,0.3219616204690831,59,0.9695121951219512,0.8085106382978723,100,5200,100,0.0001,outputs\adapted_models\resnet18_photo-sketch_seed42_to_cartoon_fraction100.pth,outputs\adaptation_histories\resnet18_photo-sketch_seed42_to_cartoon_fraction100_history.csv,outputs\adaptation_plots\resnet18_photo-sketch_seed42_to_cartoon_fraction100.png,0.4212765957446808,4.428527677820084
resnet18_photo-sketch_seed387_to_art_painting_fraction5,resnet18_photo-sketch_seed387_to_art_painting,resnet18_photo-sketch_seed387,resnet18,photo|sketch,2,art_painting,387,0.05,5,11180103,3919,0.8589285714285714,71,205,410,0.2829268292682926,5.998282362775105,0.4,4.444226855766482,0.1170731707317073,83,0.971830985915493,0.3951219512195122,100,300,100,0.0001,outputs\adapted_models\resnet18_photo-sketch_seed387_to_art_painting_fraction5.pth,outputs\adaptation_histories\resnet18_photo-sketch_seed387_to_art_painting_fraction5_history.csv,outputs\adaptation_plots\resnet18_photo-sketch_seed387_to_art_painting_fraction5.png,0.3024390243902439,5.593440804830411
resnet18_photo-sketch_seed387_to_art_painting_fraction10,resnet18_photo-sketch_seed387_to_art_painting,resnet18_photo-sketch_seed387,resnet18,photo|sketch,2,art_painting,387,0.1,10,11180103,3919,0.8589285714285714,143,205,410,0.2829268292682926,5.998282362775105,0.4170731707317073,3.7137304538633766,0.1341463414634146,80,0.958041958041958,0.4390243902439024,100,500,100,0.0001,outputs\adapted_models\resnet18_photo-sketch_seed387_to_art_painting_fraction10.pth,outputs\adaptation_histories\resnet18_photo-sketch_seed387_to_art_painting_fraction10_history.csv,outputs\adaptation_plots\resnet18_photo-sketch_seed387_to_art_painting_fraction10.png,0.3024390243902439,5.593440804830411
resnet18_photo-sketch_seed387_to_art_painting_fraction25,resnet18_photo-sketch_seed387_to_art_painting,resnet18_photo-sketch_seed387,resnet18,photo|sketch,2,art_painting,387,0.25,25,11180103,3919,0.8589285714285714,358,205,410,0.2829268292682926,5.998282362775105,0.4707317073170731,2.8074276993914347,0.1878048780487805,54,0.8575418994413407,0.4682926829268293,100,1200,100,0.0001,outputs\adapted_models\resnet18_photo-sketch_seed387_to_art_painting_fraction25.pth,outputs\adaptation_histories\resnet18_photo-sketch_seed387_to_art_painting_fraction25_history.csv,outputs\adaptation_plots\resnet18_photo-sketch_seed387_to_art_painting_fraction25.png,0.3024390243902439,5.593440804830411
resnet18_photo-sketch_seed387_to_art_painting_fraction50,resnet18_photo-sketch_seed387_to_art_painting,resnet18_photo-sketch_seed387,resnet18,photo|sketch,2,art_painting,387,0.5,50,11180103,3919,0.8589285714285714,716,205,410,0.2829268292682926,5.998282362775105,0.4926829268292683,2.1424242531381004,0.2097560975609756,65,0.9036312849162011,0.5463414634146342,100,2300,100,0.0001,outputs\adapted_models\resnet18_photo-sketch_seed387_to_art_painting_fraction50.pth,outputs\adaptation_histories\resnet18_photo-sketch_seed387_to_art_painting_fraction50_history.csv,outputs\adaptation_plots\resnet18_photo-sketch_seed387_to_art_painting_fraction50.png,0.3024390243902439,5.593440804830411
resnet18_photo-sketch_seed387_to_art_painting_fraction100,resnet18_photo-sketch_seed387_to_art_painting,resnet18_photo-sketch_seed387,resnet18,photo|sketch,2,art_painting,387,1.0,100,11180103,3919,0.8589285714285714,1433,205,410,0.2829268292682926,5.998282362775105,0.5682926829268292,1.530721380652451,0.2853658536585365,51,0.8569434752267969,0.5756097560975609,100,4500,100,0.0001,outputs\adapted_models\resnet18_photo-sketch_seed387_to_art_painting_fraction100.pth,outputs\adaptation_histories\resnet18_photo-sketch_seed387_to_art_painting_fraction100_history.csv,outputs\adaptation_plots\resnet18_photo-sketch_seed387_to_art_painting_fraction100.png,0.3024390243902439,5.593440804830411
resnet18_photo-sketch_seed387_to_cartoon_fraction5,resnet18_photo-sketch_seed387_to_cartoon,resnet18_photo-sketch_seed387,resnet18,photo|sketch,2,cartoon,387,0.05,5,11180103,3919,0.8589285714285714,82,235,469,0.4392324093816631,4.405634459147829,0.5415778251599147,3.247684080209305,0.1023454157782515,41,0.926829268292683,0.5617021276595745,100,300,100,0.0001,outputs\adapted_models\resnet18_photo-sketch_seed387_to_cartoon_fraction5.pth,outputs\adaptation_histories\resnet18_photo-sketch_seed387_to_cartoon_fraction5_history.csv,outputs\adaptation_plots\resnet18_photo-sketch_seed387_to_cartoon_fraction5.png,0.4,4.717517382033328
resnet18_photo-sketch_seed387_to_cartoon_fraction10,resnet18_photo-sketch_seed387_to_cartoon,resnet18_photo-sketch_seed387,resnet18,photo|sketch,2,cartoon,387,0.1,10,11180103,3919,0.8589285714285714,164,235,469,0.4392324093816631,4.405634459147829,0.5991471215351812,2.6559581187234,0.1599147121535181,92,0.975609756097561,0.625531914893617,100,600,100,0.0001,outputs\adapted_models\resnet18_photo-sketch_seed387_to_cartoon_fraction10.pth,outputs\adaptation_histories\resnet18_photo-sketch_seed387_to_cartoon_fraction10_history.csv,outputs\adaptation_plots\resnet18_photo-sketch_seed387_to_cartoon_fraction10.png,0.4,4.717517382033328
resnet18_photo-sketch_seed387_to_cartoon_fraction25,resnet18_photo-sketch_seed387_to_cartoon,resnet18_photo-sketch_seed387,resnet18,photo|sketch,2,cartoon,387,0.25,25,11180103,3919,0.8589285714285714,410,235,469,0.4392324093816631,4.405634459147829,0.6631130063965884,1.827657296967659,0.2238805970149253,88,0.9780487804878047,0.676595744680851,100,1300,100,0.0001,outputs\adapted_models\resnet18_photo-sketch_seed387_to_cartoon_fraction25.pth,outputs\adaptation_histories\resnet18_photo-sketch_seed387_to_cartoon_fraction25_history.csv,outputs\adaptation_plots\resnet18_photo-sketch_seed387_to_cartoon_fraction25.png,0.4,4.717517382033328
resnet18_photo-sketch_seed387_to_cartoon_fraction50,resnet18_photo-sketch_seed387_to_cartoon,resnet18_photo-sketch_seed387,resnet18,photo|sketch,2,cartoon,387,0.5,50,11180103,3919,0.8589285714285714,821,235,469,0.4392324093816631,4.405634459147829,0.7164179104477612,1.3081155138483431,0.277185501066098,77,0.9817295980511572,0.7531914893617021,100,2600,100,0.0001,outputs\adapted_models\resnet18_photo-sketch_seed387_to_cartoon_fraction50.pth,outputs\adaptation_histories\resnet18_photo-sketch_seed387_to_cartoon_fraction50_history.csv,outputs\adaptation_plots\resnet18_photo-sketch_seed387_to_cartoon_fraction50.png,0.4,4.717517382033328
resnet18_photo-sketch_seed387_to_cartoon_fraction100,resnet18_photo-sketch_seed387_to_cartoon,resnet18_photo-sketch_seed387,resnet18,photo|sketch,2,cartoon,387,1.0,100,11180103,3919,0.8589285714285714,1640,235,469,0.4392324093816631,4.405634459147829,0.7867803837953091,0.970525082748836,0.347547974413646,81,0.9884146341463416,0.8340425531914893,100,5200,100,0.0001,outputs\adapted_models\resnet18_photo-sketch_seed387_to_cartoon_fraction100.pth,outputs\adaptation_histories\resnet18_photo-sketch_seed387_to_cartoon_fraction100_history.csv,outputs\adaptation_plots\resnet18_photo-sketch_seed387_to_cartoon_fraction100.png,0.4,4.717517382033328
