fold,held_out_target,prediction_model,selected_alpha,case_id,source_id,model,sources,target,seed,actual_curve_a0,predicted_curve_a0,actual_curve_a,predicted_curve_a,actual_curve_c,predicted_curve_c,n_0,actual_0,predicted_0,absolute_error_0,n_5,actual_5,predicted_5,absolute_error_5,n_10,actual_10,predicted_10,absolute_error_10,n_25,actual_25,predicted_25,absolute_error_25,n_50,actual_50,predicted_50,absolute_error_50,n_100,actual_100,predicted_100,absolute_error_100
1,art_painting,mean_curve,,cnn3_cartoon_seed42_to_art_painting,cnn3_cartoon_seed42,cnn3,cartoon,art_painting,42,0.2634146341463415,0.34741394260259567,0.9999999999998976,0.9987051752500489,0.0337362711979295,0.10668588616849471,0,0.2634146341463415,0.34741394260259567,0.0839993084562542,71,0.3097560975609756,0.5860150582083623,0.2762589606473867,143,0.3560975609756097,0.6154320069184553,0.25933444594284566,358,0.4048780487804878,0.6510227675539739,0.24614471877348615,716,0.4073170731707317,0.6757578883442584,0.26844081517352675,1433,0.4682926829268293,0.6987778817549846,0.23048519882815527
1,art_painting,mean_curve,,cnn3_cartoon_seed387_to_art_painting,cnn3_cartoon_seed387,cnn3,cartoon,art_painting,387,0.2829268292682926,0.34741394260259567,0.9999999999999968,0.9987051752500489,0.0324657595163511,0.10668588616849471,0,0.2829268292682926,0.34741394260259567,0.06448711333430307,71,0.3439024390243902,0.5860150582083623,0.2421126191839721,143,0.375609756097561,0.6154320069184553,0.23982225082089437,358,0.4048780487804878,0.6510227675539739,0.24614471877348615,716,0.4195121951219512,0.6757578883442584,0.2562456932223072,1433,0.4682926829268293,0.6987778817549846,0.23048519882815527
1,art_painting,mean_curve,,cnn3_photo_seed42_to_art_painting,cnn3_photo_seed42,cnn3,photo,art_painting,42,0.2292682926829268,0.34741394260259567,1.0,0.9987051752500489,0.0433191027721557,0.10668588616849471,0,0.2292682926829268,0.34741394260259567,0.11814564991966886,71,0.324390243902439,0.5860150582083623,0.2616248143059233,143,0.373170731707317,0.6154320069184553,0.24226127521113833,358,0.375609756097561,0.6510227675539739,0.27541301145641295,716,0.4365853658536585,0.6757578883442584,0.23917252249059995,1433,0.473170731707317,0.6987778817549846,0.22560715004766757
1,art_painting,mean_curve,,cnn3_photo_seed387_to_art_painting,cnn3_photo_seed387,cnn3,photo,art_painting,387,0.2341463414634146,0.34741394260259567,0.9999999999999994,0.9987051752500489,0.0457586615943139,0.10668588616849471,0,0.2341463414634146,0.34741394260259567,0.11326760113918108,71,0.3146341463414634,0.5860150582083623,0.2713809118668989,143,0.3585365853658536,0.6154320069184553,0.25689542155260175,358,0.3902439024390244,0.6510227675539739,0.2607788651149495,716,0.4585365853658537,0.6757578883442584,0.21722130297840475,1433,0.5097560975609756,0.6987778817549846,0.18902178419400895
1,art_painting,mean_curve,,cnn3_sketch_seed42_to_art_painting,cnn3_sketch_seed42,cnn3,sketch,art_painting,42,0.1341463414634146,0.34741394260259567,1.0,0.9987051752500489,0.0470925598889062,0.10668588616849471,0,0.1341463414634146,0.34741394260259567,0.21326760113918108,71,0.2707317073170732,0.5860150582083623,0.3152833508912891,143,0.2658536585365854,0.6154320069184553,0.34957834838186996,358,0.3341463414634146,0.6510227675539739,0.3168764260905593,716,0.3634146341463414,0.6757578883442584,0.31234325419791703,1433,0.4463414634146341,0.6987778817549846,0.25243641834035047
1,art_painting,mean_curve,,cnn3_sketch_seed387_to_art_painting,cnn3_sketch_seed387,cnn3,sketch,art_painting,387,0.1390243902439024,0.34741394260259567,0.9999999992122746,0.9987051752500489,0.0459772377102066,0.10668588616849471,0,0.1390243902439024,0.34741394260259567,0.20838955235869328,71,0.275609756097561,0.5860150582083623,0.3104053021108013,143,0.2853658536585365,0.6154320069184553,0.33006615325991884,358,0.3048780487804878,0.6510227675539739,0.3461447187734861,716,0.4073170731707317,0.6757578883442584,0.26844081517352675,1433,0.4097560975609756,0.6987778817549846,0.289021784194009
1,art_painting,mean_curve,,cnn3_cartoon-photo_seed42_to_art_painting,cnn3_cartoon-photo_seed42,cnn3,cartoon|photo,art_painting,42,0.2853658536585365,0.34741394260259567,0.9999999999999958,0.9987051752500489,0.0443472132930882,0.10668588616849471,0,0.2853658536585365,0.34741394260259567,0.062048088944059165,71,0.3707317073170731,0.5860150582083623,0.2152833508912892,143,0.4365853658536585,0.6154320069184553,0.17884664106479686,358,0.4585365853658537,0.6510227675539739,0.19248618218812025,716,0.4634146341463415,0.6757578883442584,0.21234325419791694,1433,0.4951219512195122,0.6987778817549846,0.20365593053547237
1,art_painting,mean_curve,,cnn3_cartoon-photo_seed387_to_art_painting,cnn3_cartoon-photo_seed387,cnn3,cartoon|photo,art_painting,387,0.2926829268292683,0.34741394260259567,0.999999999999874,0.9987051752500489,0.0380318885160118,0.10668588616849471,0,0.2926829268292683,0.34741394260259567,0.054731015773327396,71,0.3414634146341463,0.5860150582083623,0.244551643574216,143,0.4097560975609756,0.6154320069184553,0.20567590935747976,358,0.4414634146341463,0.6510227675539739,0.20955935291982764,716,0.4585365853658537,0.6757578883442584,0.21722130297840475,1433,0.4902439024390244,0.6987778817549846,0.20853397931596018
1,art_painting,mean_curve,,cnn3_cartoon-sketch_seed42_to_art_painting,cnn3_cartoon-sketch_seed42,cnn3,cartoon|sketch,art_painting,42,0.2585365853658536,0.34741394260259567,1.0,0.9987051752500489,0.0364097818422564,0.10668588616849471,0,0.2585365853658536,0.34741394260259567,0.08887735723674206,71,0.3268292682926829,0.5860150582083623,0.2591857899156794,143,0.3536585365853658,0.6154320069184553,0.26177347033308956,358,0.3804878048780488,0.6510227675539739,0.27053496267592514,716,0.4317073170731707,0.6757578883442584,0.2440505712710877,1433,0.4804878048780487,0.6987778817549846,0.21829007687693586
1,art_painting,mean_curve,,cnn3_cartoon-sketch_seed387_to_art_painting,cnn3_cartoon-sketch_seed387,cnn3,cartoon|sketch,art_painting,387,0.2682926829268293,0.34741394260259567,0.9999999999999968,0.9987051752500489,0.0312946709773587,0.10668588616849471,0,0.2682926829268293,0.34741394260259567,0.07912125967576639,71,0.3219512195121951,0.5860150582083623,0.26406383869616723,143,0.3463414634146341,0.6154320069184553,0.2690905435038212,358,0.3926829268292683,0.6510227675539739,0.2583398407247056,716,0.3829268292682927,0.6757578883442584,0.29283105907596574,1433,0.4804878048780487,0.6987778817549846,0.21829007687693586
1,art_painting,mean_curve,,cnn3_photo-sketch_seed42_to_art_painting,cnn3_photo-sketch_seed42,cnn3,photo|sketch,art_painting,42,0.2268292682926829,0.34741394260259567,1.0,0.9987051752500489,0.0520414099235113,0.10668588616849471,0,0.2268292682926829,0.34741394260259567,0.12058467430991276,71,0.3219512195121951,0.5860150582083623,0.26406383869616723,143,0.3829268292682927,0.6154320069184553,0.23250517765016265,358,0.4560975609756098,0.6510227675539739,0.19492520657836415,716,0.4634146341463415,0.6757578883442584,0.21234325419791694,1433,0.4926829268292683,0.6987778817549846,0.20609495492571628
1,art_painting,mean_curve,,cnn3_photo-sketch_seed387_to_art_painting,cnn3_photo-sketch_seed387,cnn3,photo|sketch,art_painting,387,0.2609756097560975,0.34741394260259567,0.9999999999952618,0.9987051752500489,0.0367350228407601,0.10668588616849471,0,0.2609756097560975,0.34741394260259567,0.08643833284649816,71,0.3292682926829268,0.5860150582083623,0.2567467655254355,143,0.3536585365853658,0.6154320069184553,0.26177347033308956,358,0.3560975609756097,0.6510227675539739,0.29492520657836424,716,0.4585365853658537,0.6757578883442584,0.21722130297840475,1433,0.4878048780487805,0.6987778817549846,0.2109730037062041
1,art_painting,mean_curve,,resnet18_cartoon_seed42_to_art_painting,resnet18_cartoon_seed42,resnet18,cartoon,art_painting,42,0.3195121951219512,0.34741394260259567,0.999999999920286,0.9987051752500489,0.0331602284235848,0.10668588616849471,0,0.3195121951219512,0.34741394260259567,0.027901747480644445,71,0.3268292682926829,0.5860150582083623,0.2591857899156794,143,0.4,0.6154320069184553,0.21543200691845532,358,0.424390243902439,0.6510227675539739,0.2266325236515349,716,0.4585365853658537,0.6757578883442584,0.21722130297840475,1433,0.5439024390243903,0.6987778817549846,0.15487544273059428
1,art_painting,mean_curve,,resnet18_cartoon_seed387_to_art_painting,resnet18_cartoon_seed387,resnet18,cartoon,art_painting,387,0.2853658536585365,0.34741394260259567,0.9999999999999948,0.9987051752500489,0.0413608211274859,0.10668588616849471,0,0.2853658536585365,0.34741394260259567,0.062048088944059165,71,0.324390243902439,0.5860150582083623,0.2616248143059233,143,0.3780487804878049,0.6154320069184553,0.23738322643065046,358,0.4414634146341463,0.6510227675539739,0.20955935291982764,716,0.4707317073170731,0.6757578883442584,0.20502618102718534,1433,0.5365853658536586,0.6987778817549846,0.162192515901326
1,art_painting,mean_curve,,resnet18_photo_seed42_to_art_painting,resnet18_photo_seed42,resnet18,photo,art_painting,42,0.2585365853658536,0.34741394260259567,1.0,0.9987051752500489,0.0637017075039449,0.10668588616849471,0,0.2585365853658536,0.34741394260259567,0.08887735723674206,71,0.375609756097561,0.5860150582083623,0.21040530211080133,143,0.4365853658536585,0.6154320069184553,0.17884664106479686,358,0.4682926829268293,0.6510227675539739,0.18273008462714463,716,0.5292682926829269,0.6757578883442584,0.14648959566133157,1433,0.5975609756097561,0.6987778817549846,0.10121690614522849
1,art_painting,mean_curve,,resnet18_photo_seed387_to_art_painting,resnet18_photo_seed387,resnet18,photo,art_painting,387,0.2682926829268293,0.34741394260259567,1.0,0.9987051752500489,0.0575386417317112,0.10668588616849471,0,0.2682926829268293,0.34741394260259567,0.07912125967576639,71,0.3341463414634146,0.5860150582083623,0.2518687167449477,143,0.4048780487804878,0.6154320069184553,0.21055395813796757,358,0.4804878048780487,0.6510227675539739,0.17053496267592522,716,0.5121951219512195,0.6757578883442584,0.1635627663930389,1433,0.6048780487804878,0.6987778817549846,0.09389983297449678
1,art_painting,mean_curve,,resnet18_sketch_seed42_to_art_painting,resnet18_sketch_seed42,resnet18,sketch,art_painting,42,0.1512195121951219,0.34741394260259567,1.0,0.9987051752500489,0.0708463847142912,0.10668588616849471,0,0.1512195121951219,0.34741394260259567,0.19619443040747378,71,0.3048780487804878,0.5860150582083623,0.2811370094278745,143,0.3536585365853658,0.6154320069184553,0.26177347033308956,358,0.3975609756097561,0.6510227675539739,0.2534617919442178,716,0.5146341463414634,0.6757578883442584,0.161123742002795,1433,0.5756097560975609,0.6987778817549846,0.12316812565742363
1,art_painting,mean_curve,,resnet18_sketch_seed387_to_art_painting,resnet18_sketch_seed387,resnet18,sketch,art_painting,387,0.173170731707317,0.34741394260259567,0.9999999999999998,0.9987051752500489,0.067545679923523,0.10668588616849471,0,0.173170731707317,0.34741394260259567,0.17424321089527867,71,0.324390243902439,0.5860150582083623,0.2616248143059233,143,0.3585365853658536,0.6154320069184553,0.25689542155260175,358,0.448780487804878,0.6510227675539739,0.20224227974909592,716,0.4902439024390244,0.6757578883442584,0.18551398590523405,1433,0.551219512195122,0.6987778817549846,0.14755836955986257
1,art_painting,mean_curve,,resnet18_cartoon-photo_seed42_to_art_painting,resnet18_cartoon-photo_seed42,resnet18,cartoon|photo,art_painting,42,0.3024390243902439,0.34741394260259567,0.9999999999999866,0.9987051752500489,0.051618168195195,0.10668588616849471,0,0.3024390243902439,0.34741394260259567,0.04497491821235178,71,0.4,0.5860150582083623,0.18601505820836228,143,0.4317073170731707,0.6154320069184553,0.18372468984528462,358,0.4829268292682926,0.6510227675539739,0.1680959382856813,716,0.5024390243902439,0.6757578883442584,0.17331886395401452,1433,0.573170731707317,0.6987778817549846,0.12560715004766754
1,art_painting,mean_curve,,resnet18_cartoon-photo_seed387_to_art_painting,resnet18_cartoon-photo_seed387,resnet18,cartoon|photo,art_painting,387,0.3365853658536585,0.34741394260259567,0.9999999998573303,0.9987051752500489,0.0439128362813676,0.10668588616849471,0,0.3365853658536585,0.34741394260259567,0.010828576748937169,71,0.373170731707317,0.5860150582083623,0.2128443265010453,143,0.4585365853658537,0.6154320069184553,0.15689542155260167,358,0.473170731707317,0.6510227675539739,0.17785203584665693,716,0.526829268292683,0.6757578883442584,0.14892862005157548,1433,0.5658536585365853,0.6987778817549846,0.13292422321839925
1,art_painting,mean_curve,,resnet18_cartoon-sketch_seed42_to_art_painting,resnet18_cartoon-sketch_seed42,resnet18,cartoon|sketch,art_painting,42,0.2975609756097561,0.34741394260259567,1.0,0.9987051752500489,0.0459601952638361,0.10668588616849471,0,0.2975609756097561,0.34741394260259567,0.04985296699283959,71,0.3585365853658536,0.5860150582083623,0.22747847284250872,143,0.3853658536585366,0.6154320069184553,0.23006615325991875,358,0.4365853658536585,0.6510227675539739,0.21443740170031544,716,0.4902439024390244,0.6757578883442584,0.18551398590523405,1433,0.5975609756097561,0.6987778817549846,0.10121690614522849
1,art_painting,mean_curve,,resnet18_cartoon-sketch_seed387_to_art_painting,resnet18_cartoon-sketch_seed387,resnet18,cartoon|sketch,art_painting,387,0.2731707317073171,0.34741394260259567,0.9999999999999478,0.9987051752500489,0.0534184815683137,0.10668588616849471,0,0.2731707317073171,0.34741394260259567,0.07424321089527858,71,0.3585365853658536,0.5860150582083623,0.22747847284250872,143,0.424390243902439,0.6154320069184553,0.19104176301601633,358,0.448780487804878,0.6510227675539739,0.20224227974909592,716,0.4853658536585366,0.6757578883442584,0.19039203468572186,1433,0.5853658536585366,0.6987778817549846,0.11341202809644801
1,art_painting,mean_curve,,resnet18_photo-sketch_seed42_to_art_painting,resnet18_photo-sketch_seed42,resnet18,photo|sketch,art_painting,42,0.3121951219512195,0.34741394260259567,1.0,0.9987051752500489,0.0565770370176416,0.10668588616849471,0,0.3121951219512195,0.34741394260259567,0.03521882065137616,71,0.4121951219512195,0.5860150582083623,0.17381993625714282,143,0.4414634146341463,0.6154320069184553,0.17396859228430905,358,0.5,0.6510227675539739,0.15102276755397392,716,0.551219512195122,0.6757578883442584,0.12453837614913643,1433,0.5902439024390244,0.6987778817549846,0.1085339793159602
1,art_painting,mean_curve,,resnet18_photo-sketch_seed387_to_art_painting,resnet18_photo-sketch_seed387,resnet18,photo|sketch,art_painting,387,0.2829268292682926,0.34741394260259567,1.0,0.9987051752500489,0.0535301206567496,0.10668588616849471,0,0.2829268292682926,0.34741394260259567,0.06448711333430307,71,0.4,0.5860150582083623,0.18601505820836228,143,0.4170731707317073,0.6154320069184553,0.19835883618674804,358,0.4707317073170731,0.6510227675539739,0.18029106023690084,716,0.4926829268292683,0.6757578883442584,0.18307496151499014,1433,0.5682926829268292,0.6987778817549846,0.13048519882815535
1,art_painting,metadata_ridge,0.001,cnn3_cartoon_seed42_to_art_painting,cnn3_cartoon_seed42,cnn3,cartoon,art_painting,42,0.2634146341463415,0.2928080856544732,0.9999999999998976,0.9946268049474024,0.0337362711979295,0.0770434106619714,0,0.2634146341463415,0.2928080856544732,0.029393451508131718,71,0.3097560975609756,0.48981474979906536,0.18005865223808976,143,0.3560975609756097,0.5160657644525755,0.15996820347696578,358,0.4048780487804878,0.5485889106429364,0.14371086186244858,716,0.4073170731707317,0.5717381708865223,0.16442109771579067,1433,0.4682926829268293,0.5937290397976719,0.1254363568708426
1,art_painting,metadata_ridge,0.001,cnn3_cartoon_seed387_to_art_painting,cnn3_cartoon_seed387,cnn3,cartoon,art_painting,387,0.2829268292682926,0.288677754926555,0.9999999999999968,0.9943830669316721,0.0324657595163511,0.07771723674122188,0,0.2829268292682926,0.288677754926555,0.005750925658262407,71,0.3439024390243902,0.48823610180602545,0.14433366278163523,143,0.375609756097561,0.5147805896246583,0.13917083352709736,358,0.4048780487804878,0.5476495819316536,0.1427715331511658,716,0.4195121951219512,0.5710323220551883,0.15152012693323708,1433,0.4682926829268293,0.5932346258615409,0.12494194293471156
1,art_painting,metadata_ridge,0.001,cnn3_photo_seed42_to_art_painting,cnn3_photo_seed42,cnn3,photo,art_painting,42,0.2292682926829268,0.26867965906751085,1.0,0.9957648189995774,0.0433191027721557,0.08128269780586098,0,0.2292682926829268,0.26867965906751085,0.039411366384584035,71,0.324390243902439,0.48217514361033975,0.15778489970790077,143,0.373170731707317,0.5103111872812319,0.1371404555739149,358,0.375609756097561,0.5450515844448778,0.1694418283473168,716,0.4365853658536585,0.569694795614464,0.13310942976080553,1433,0.473170731707317,0.5930362398826655,0.11986550817534852
1,art_painting,metadata_ridge,0.001,cnn3_photo_seed387_to_art_painting,cnn3_photo_seed387,cnn3,photo,art_painting,387,0.2341463414634146,0.24781610675082688,0.9999999999999994,0.9943975859856953,0.0457586615943139,0.08300371417479109,0,0.2341463414634146,0.24781610675082688,0.013669765287412289,71,0.3146341463414634,0.4709035764209065,0.1562694300794431,143,0.3585365853658536,0.5001721324551445,0.14163554708929088,358,0.3902439024390244,0.5362610975378759,0.14601719509885147,716,0.4585365853658537,0.5618254747688609,0.10328888940300723,1433,0.5097560975609756,0.5860105864314074,0.07625448887043174
1,art_painting,metadata_ridge,0.001,cnn3_sketch_seed42_to_art_painting,cnn3_sketch_seed42,cnn3,sketch,art_painting,42,0.1341463414634146,0.1278887508534365,1.0,1.0,0.0470925598889062,0.09711686771829937,0,0.1341463414634146,0.1278887508534365,0.006257590609978075,71,0.2707317073170732,0.42430352003183336,0.15357181271476017,143,0.2658536585365854,0.4617816707618355,0.19592801222525014,358,0.3341463414634146,0.5074740483541554,0.17332770689074084,716,0.3634146341463414,0.5394754230471104,0.17606078890076898,1433,0.4463414634146341,0.5694558208964515,0.12311435748181743
1,art_painting,metadata_ridge,0.001,cnn3_sketch_seed387_to_art_painting,cnn3_sketch_seed387,cnn3,sketch,art_painting,387,0.1390243902439024,0.10844744040769458,0.9999999992122746,1.0,0.0459772377102066,0.0980297668247117,0,0.1390243902439024,0.10844744040769458,0.030576949836207817,71,0.275609756097561,0.413763196498663,0.138153440401102,143,0.2853658536585365,0.45227422396716277,0.16690837030862626,358,0.3048780487804878,0.4991915613295219,0.19431351254903412,716,0.4073170731707317,0.5320267012141582,0.1247096280434265,1433,0.4097560975609756,0.5627687707267299,0.15301267316575434
1,art_painting,metadata_ridge,0.001,cnn3_cartoon-photo_seed42_to_art_painting,cnn3_cartoon-photo_seed42,cnn3,cartoon|photo,art_painting,42,0.2853658536585365,0.29307565210891134,0.9999999999999958,0.9968455839139397,0.0443472132930882,0.07965537927137047,0,0.2853658536585365,0.29307565210891134,0.0077097984503748385,71,0.3707317073170731,0.49625326275438303,0.12552155543730992,143,0.4365853658536585,0.5231432494586065,0.08655788360494798,358,0.4585365853658537,0.5563884073627297,0.09785182199687598,716,0.4634146341463415,0.5800018796953834,0.11658724554904193,1433,0.4951219512195122,0.6023931973212955,0.10727124610178329
1,art_painting,metadata_ridge,0.001,cnn3_cartoon-photo_seed387_to_art_painting,cnn3_cartoon-photo_seed387,cnn3,cartoon|photo,art_painting,387,0.2926829268292683,0.29792767244468443,0.999999999999874,0.996665264711244,0.0380318885160118,0.0790364062695288,0,0.2926829268292683,0.29792767244468443,0.005244745615416158,71,0.3414634146341463,0.4983350463248595,0.15687163169071316,143,0.4097560975609756,0.5249011591793753,0.11514506161839971,358,0.4414634146341463,0.5577621871056531,0.11629877247150677,716,0.4585365853658537,0.581114451113609,0.12257786574775537,1433,0.4902439024390244,0.6032675724847498,0.11302367004572544
1,art_painting,metadata_ridge,0.001,cnn3_cartoon-sketch_seed42_to_art_painting,cnn3_cartoon-sketch_seed42,cnn3,cartoon|sketch,art_painting,42,0.2585365853658536,0.24816235155124836,1.0,0.9993812253878837,0.0364097818422564,0.0878827874426702,0,0.2585365853658536,0.24816235155124836,0.010374233814605255,71,0.3268292682926829,0.483512815689887,0.15668354739720414,143,0.3536585365853658,0.5139993239830042,0.1603407873976384,358,0.3804878048780488,0.5514434710418572,0.17095566616380842,716,0.4317073170731707,0.5778638244409168,0.14615650736774605,1433,0.4804878048780487,0.6027744285757697,0.12228662369772098
1,art_painting,metadata_ridge,0.001,cnn3_cartoon-sketch_seed387_to_art_painting,cnn3_cartoon-sketch_seed387,cnn3,cartoon|sketch,art_painting,387,0.2682926829268293,0.28376789235334726,0.9999999999999968,0.9990131642479343,0.0312946709773587,0.08250925729274503,0,0.2682926829268293,0.28376789235334726,0.015475209426517977,71,0.3219512195121951,0.4964300758471131,0.174478856334918,143,0.3463414634146341,0.5243668537234375,0.17802539030880338,358,0.3926829268292683,0.558827342111265,0.16614441528199664,716,0.3829268292682927,0.5832478730307668,0.20032104376247406,1433,0.4804878048780487,0.6063587632646141,0.12587095838656542
1,art_painting,metadata_ridge,0.001,cnn3_photo-sketch_seed42_to_art_painting,cnn3_photo-sketch_seed42,cnn3,photo|sketch,art_painting,42,0.2268292682926829,0.24284221156559768,1.0,0.9991773363081454,0.0520414099235113,0.0878153857688597,0,0.2268292682926829,0.24284221156559768,0.016012943272914776,71,0.3219512195121951,0.4796458177711177,0.15769459825892262,143,0.3829268292682927,0.5103259682104515,0.12739913894215882,358,0.4560975609756098,0.5480099842648366,0.09191242328922683,716,0.4634146341463415,0.5746010308819849,0.1111863967356434,1433,0.4926829268292683,0.5996737443915171,0.10699081756224882
1,art_painting,metadata_ridge,0.001,cnn3_photo-sketch_seed387_to_art_painting,cnn3_photo-sketch_seed387,cnn3,photo|sketch,art_painting,387,0.2609756097560975,0.32172116440043746,0.9999999999952618,0.998858123790526,0.0367350228407601,0.07715619200511295,0,0.2609756097560975,0.32172116440043746,0.06074555464433995,71,0.3292682926829268,0.5120343077347315,0.18276601505180468,143,0.3536585365853658,0.5373859824494314,0.18372744586406559,358,0.3560975609756097,0.5687920727336644,0.2126945117580547,716,0.4585365853658537,0.5911442079351248,0.1326076225692711,1433,0.4878048780487805,0.6123761818659935,0.12457130381721304
1,art_painting,metadata_ridge,0.001,resnet18_cartoon_seed42_to_art_painting,resnet18_cartoon_seed42,resnet18,cartoon,art_painting,42,0.3195121951219512,0.33355657645866704,0.999999999920286,0.9977274595300065,0.0331602284235848,0.12703406813492188,0,0.3195121951219512,0.33355657645866704,0.014044381336715817,71,0.3268292682926829,0.6119513495461022,0.2851220812534193,143,0.4,0.6444676222605328,0.24446762226053276,358,0.424390243902439,0.6831730409475885,0.25878279704514945,716,0.4585365853658537,0.7096351816669301,0.2510985963010764,1433,0.5439024390243903,0.7339178856278057,0.1900154466034154
1,art_painting,metadata_ridge,0.001,resnet18_cartoon_seed387_to_art_painting,resnet18_cartoon_seed387,resnet18,cartoon,art_painting,387,0.2853658536585365,0.31021083714542586,0.9999999999999948,0.9973426145031308,0.0413608211274859,0.13003447055997291,0,0.2853658536585365,0.31021083714542586,0.02484498348688935,71,0.324390243902439,0.6033185145035083,0.2789282706010693,143,0.3780487804878049,0.6372796029251904,0.2592308224373855,358,0.4414634146341463,0.6776079822437351,0.2361445676095888,716,0.4707317073170731,0.7051130761642067,0.23438136884713362,1433,0.5365853658536586,0.7303004522433985,0.1937150863897399
1,art_painting,metadata_ridge,0.001,resnet18_photo_seed42_to_art_painting,resnet18_photo_seed42,resnet18,photo,art_painting,42,0.2585365853658536,0.32318282537626153,1.0,0.9988447006787379,0.0637017075039449,0.12936631513834176,0,0.2585365853658536,0.32318282537626153,0.06464624001040792,71,0.375609756097561,0.6102891179927024,0.23467936189514138,143,0.4365853658536585,0.6436143930698333,0.20702902721617478,358,0.4682926829268293,0.683208897203724,0.21491621427689472,716,0.5292682926829269,0.7102280229114017,0.1809597302284749,1433,0.5975609756097561,0.7349818306213682,0.13742085501161216
1,art_painting,metadata_ridge,0.001,resnet18_photo_seed387_to_art_painting,resnet18_photo_seed387,resnet18,photo,art_painting,387,0.2682926829268293,0.33157863006510657,1.0,0.9983883340064377,0.0575386417317112,0.12783974887833868,0,0.2682926829268293,0.33157863006510657,0.06328594713827729,71,0.3341463414634146,0.6124117204142598,0.27826537895084524,143,0.4048780487804878,0.6451422204353834,0.2402641716548956,358,0.4804878048780487,0.6840775523087923,0.2035897474307436,716,0.5121951219512195,0.7106795909881125,0.19848446903689299,1433,0.6048780487804878,0.7350770562433222,0.13019900746283442
1,art_painting,metadata_ridge,0.001,resnet18_sketch_seed42_to_art_painting,resnet18_sketch_seed42,resnet18,sketch,art_painting,42,0.1512195121951219,0.16477960044352447,1.0,1.0,0.0708463847142912,0.1445782677454076,0,0.1512195121951219,0.16477960044352447,0.013560088248402574,71,0.3048780487804878,0.5499392100701992,0.2450611612897114,143,0.3536585365853658,0.5928553027674863,0.23919676618212055,358,0.3975609756097561,0.6432286565380729,0.2456676809283168,716,0.5146341463414634,0.6771839790829773,0.1625498327415139,1433,0.5756097560975609,0.7079664924407955,0.13235673634323453
1,art_painting,metadata_ridge,0.001,resnet18_sketch_seed387_to_art_painting,resnet18_sketch_seed387,resnet18,sketch,art_painting,387,0.173170731707317,0.18259342628179415,0.9999999999999998,0.9991143772900019,0.067545679923523,0.14739488205933157,0,0.173170731707317,0.18259342628179415,0.009422694574477142,71,0.324390243902439,0.5643979734023521,0.24000772949991311,143,0.3585365853658536,0.6066179139960495,0.24808132863019589,358,0.448780487804878,0.6560627468008424,0.20728225899596442,716,0.4902439024390244,0.689316510077645,0.19907260763862067,1433,0.551219512195122,0.7194042809388068,0.16818476874368482
1,art_painting,metadata_ridge,0.001,resnet18_cartoon-photo_seed42_to_art_painting,resnet18_cartoon-photo_seed42,resnet18,cartoon|photo,art_painting,42,0.3024390243902439,0.36956742724661656,0.9999999999999866,0.9998222098968667,0.051618168195195,0.12435409718813481,0,0.3024390243902439,0.36956742724661656,0.06712840285637267,71,0.4,0.6295260193713414,0.22952601937134143,143,0.4317073170731707,0.6601070476239862,0.22839973055081547,358,0.4829268292682926,0.6965869588221878,0.21366012955389518,716,0.5024390243902439,0.7215815187954255,0.21914249440518163,1433,0.573170731707317,0.7445601144529523,0.1713893827456353
1,art_painting,metadata_ridge,0.001,resnet18_cartoon-photo_seed387_to_art_painting,resnet18_cartoon-photo_seed387,resnet18,cartoon|photo,art_painting,387,0.3365853658536585,0.39003018705535397,0.9999999998573303,1.0,0.0439128362813676,0.12237358770581991,0,0.3365853658536585,0.39003018705535397,0.05344482120169547,71,0.373170731707317,0.6385735754881114,0.26540284378079443,143,0.4585365853658537,0.667966593690174,0.2094300083243203,358,0.473170731707317,0.7030849114888106,0.2299141797814936,716,0.526829268292683,0.7271850166090044,0.2003557483163214,1433,0.5658536585365853,0.7493717058734556,0.18351804733687027
1,art_painting,metadata_ridge,0.001,resnet18_cartoon-sketch_seed42_to_art_painting,resnet18_cartoon-sketch_seed42,resnet18,cartoon|sketch,art_painting,42,0.2975609756097561,0.353263320483095,1.0,1.0,0.0459601952638361,0.12707285290453899,0,0.2975609756097561,0.353263320483095,0.055702344873338916,71,0.3585365853658536,0.6244126526896971,0.26587606732384356,143,0.3853658536585366,0.6560793815436194,0.27071352788508285,358,0.4365853658536585,0.6937723852906968,0.25718701943703837,716,0.4902439024390244,0.7195415516698932,0.22929764923086882,1433,0.5975609756097561,0.7431877200024057,0.14562674439264967
1,art_painting,metadata_ridge,0.001,resnet18_cartoon-sketch_seed387_to_art_painting,resnet18_cartoon-sketch_seed387,resnet18,cartoon|sketch,art_painting,387,0.2731707317073171,0.34947726265318296,0.9999999999999478,1.0,0.0534184815683137,0.1279247309285506,0,0.2731707317073171,0.34947726265318296,0.07630653094586587,71,0.3585365853658536,0.6235877740545857,0.26505118868873206,143,0.424390243902439,0.6555275136268052,0.23113726972436616,358,0.448780487804878,0.693519596340392,0.24473910853551395,716,0.4853658536585366,0.7194753939428351,0.23410954028429853,1433,0.5853658536585366,0.7432787729073765,0.15791291924884
1,art_painting,metadata_ridge,0.001,resnet18_photo-sketch_seed42_to_art_painting,resnet18_photo-sketch_seed42,resnet18,photo|sketch,art_painting,42,0.3121951219512195,0.36384137393057503,1.0,1.0,0.0565770370176416,0.12563991396893362,0,0.3121951219512195,0.36384137393057503,0.05164625197935552,71,0.4121951219512195,0.6282847957723414,0.21608967382112193,143,0.4414634146341463,0.659286813212409,0.21782339857826272,358,0.5,0.6962309145130263,0.19623091451302632,716,0.551219512195122,0.7215172881915493,0.17029777599642726,1433,0.5902439024390244,0.7447434726199786,0.15449957018095428
1,art_painting,metadata_ridge,0.001,resnet18_photo-sketch_seed387_to_art_painting,resnet18_photo-sketch_seed387,resnet18,photo|sketch,art_painting,387,0.2829268292682926,0.336466753884826,1.0,1.0,0.0535301206567496,0.12956898353088067,0,0.2829268292682926,0.336466753884826,0.053539924616533396,71,0.4,0.6187498666252584,0.21874986662525842,143,0.4170731707317073,0.6514975354223138,0.2344243646906065,358,0.4707317073170731,0.6903994686261465,0.21966776130907345,716,0.4926829268292683,0.7169416482286215,0.2242587213993532,1433,0.5682926829268292,0.7412550853728868,0.17296240244605754
1,art_painting,distance_ridge,0.1,cnn3_cartoon_seed42_to_art_painting,cnn3_cartoon_seed42,cnn3,cartoon,art_painting,42,0.2634146341463415,0.3913017321349821,0.9999999999998976,0.9979037827678374,0.0337362711979295,0.09547327820757542,0,0.2634146341463415,0.3913017321349821,0.12788709798864062,71,0.3097560975609756,0.5946501839079366,0.28489408634696095,143,0.3560975609756097,0.6204724666810886,0.2643749057054789,358,0.4048780487804878,0.651995763100915,0.24711771432042723,716,0.4073170731707317,0.6741028471220063,0.2667857739512746,1433,0.4682926829268293,0.6948373907097072,0.22654470778287789
1,art_painting,distance_ridge,0.1,cnn3_cartoon_seed387_to_art_painting,cnn3_cartoon_seed387,cnn3,cartoon,art_painting,387,0.2829268292682926,0.35458950912765747,0.9999999999999968,0.9984804235248691,0.0324657595163511,0.1000896042520608,0,0.2829268292682926,0.35458950912765747,0.07166267985936486,71,0.3439024390243902,0.5788058840777677,0.23490344505337746,143,0.375609756097561,0.606934551764896,0.231324795667335,358,0.4048780487804878,0.6411467822912169,0.23626873351072913,716,0.4195121951219512,0.6650505445300516,0.24553834940810043,1433,0.4682926829268293,0.687398667615052,0.21910598468822268
1,art_painting,distance_ridge,0.1,cnn3_photo_seed42_to_art_painting,cnn3_photo_seed42,cnn3,photo,art_painting,42,0.2292682926829268,0.5758285973933042,1.0,1.0,0.0433191027721557,0.04687799153629516,0,0.2292682926829268,0.5758285973933042,0.34656030471037735,71,0.324390243902439,0.6528850105180325,0.3284947666155935,143,0.373170731707317,0.6639826622155978,0.29081193050828075,358,0.375609756097561,0.6780683397269737,0.3024585836294127,716,0.4365853658536585,0.6883404907545176,0.25175512490085916,1433,0.473170731707317,0.6983045913743215,0.22513385966700455
1,art_painting,distance_ridge,0.1,cnn3_photo_seed387_to_art_painting,cnn3_photo_seed387,cnn3,photo,art_painting,387,0.2341463414634146,0.5968578111366619,0.9999999999999994,1.0,0.0457586615943139,0.04756566134096709,0,0.2341463414634146,0.5968578111366619,0.3627114696732473,71,0.3146341463414634,0.6710627926613679,0.3564286463199045,143,0.3585365853658536,0.6817310215791463,0.32319443621329275,358,0.3902439024390244,0.6952641897347732,0.3050202872957488,716,0.4585365853658537,0.7051279613472632,0.2465913759814095,1433,0.5097560975609756,0.7146913744839258,0.20493527692295022
1,art_painting,distance_ridge,0.1,cnn3_sketch_seed42_to_art_painting,cnn3_sketch_seed42,cnn3,sketch,art_painting,42,0.1341463414634146,0.12428384300255446,1.0,0.9993227463946883,0.0470925598889062,0.09781707766392739,0,0.1341463414634146,0.12428384300255446,0.009862498460860125,71,0.2707317073170732,0.42342082866192954,0.15268912134485635,143,0.2658536585365854,0.46117360679969277,0.1953199482631074,358,0.3341463414634146,0.5071750125842421,0.17302867112082754,716,0.3634146341463414,0.5393746531964716,0.1759600190501302,1433,0.4463414634146341,0.5695261734167207,0.12318471000208664
1,art_painting,distance_ridge,0.1,cnn3_sketch_seed387_to_art_painting,cnn3_sketch_seed387,cnn3,sketch,art_painting,387,0.1390243902439024,0.06901271188676261,0.9999999992122746,0.9976974690839114,0.0459772377102066,0.09529329382321351,0,0.1390243902439024,0.06901271188676261,0.07001167835713978,71,0.275609756097561,0.37985609731107534,0.10424634121351434,143,0.2853658536585365,0.41934732747531556,0.13398147381677905,358,0.3048780487804878,0.46756433225156946,0.16268628347108166,716,0.4073170731707317,0.5013835084588434,0.0940664352881117,1433,0.4097560975609756,0.5331069406345325,0.12335084307355687
1,art_painting,distance_ridge,0.1,cnn3_cartoon-photo_seed42_to_art_painting,cnn3_cartoon-photo_seed42,cnn3,cartoon|photo,art_painting,42,0.2853658536585365,0.5350511650315368,0.9999999999999958,0.999641126664293,0.0443472132930882,0.06202160403513052,0,0.2853658536585365,0.5350511650315368,0.24968531137300032,71,0.3707317073170731,0.6432925067844398,0.2725607994673667,143,0.4365853658536585,0.6582873454510265,0.22170197959736804,358,0.4585365853658537,0.6770898496663049,0.21855326430045124,716,0.4634146341463415,0.6906358160069181,0.22722118186057666,1433,0.4951219512195122,0.7036384895741346,0.20851653835462236
1,art_painting,distance_ridge,0.1,cnn3_cartoon-photo_seed387_to_art_painting,cnn3_cartoon-photo_seed387,cnn3,cartoon|photo,art_painting,387,0.2926829268292683,0.49723744402006453,0.999999999999874,0.9991697532921022,0.0380318885160118,0.07286403976088518,0,0.2926829268292683,0.49723744402006453,0.20455451719079626,71,0.3414634146341463,0.6316231587917267,0.2901597441575804,143,0.4097560975609756,0.6497253078519718,0.23996921029099622,358,0.4414634146341463,0.672227803334992,0.2307643887008457,716,0.4585365853658537,0.6882985525007729,0.2297619671349192,1433,0.4902439024390244,0.7036093645160811,0.21336546207705676
1,art_painting,distance_ridge,0.1,cnn3_cartoon-sketch_seed42_to_art_painting,cnn3_cartoon-sketch_seed42,cnn3,cartoon|sketch,art_painting,42,0.2585365853658536,0.4094268413772507,1.0,1.0,0.0364097818422564,0.08008276281475869,0,0.2585365853658536,0.4094268413772507,0.1508902560113971,71,0.3268292682926829,0.5806917698940304,0.2538625016013475,143,0.3536585365853658,0.6033329987471607,0.24967446216179495,358,0.3804878048780488,0.6313156679441008,0.250827863066052,716,0.4317073170731707,0.6511844468117106,0.2194771297385399,1433,0.4804878048780487,0.6700193090925473,0.18953150421449855
1,art_painting,distance_ridge,0.1,cnn3_cartoon-sketch_seed387_to_art_painting,cnn3_cartoon-sketch_seed387,cnn3,cartoon|sketch,art_painting,387,0.2682926829268293,0.39673490187095256,0.9999999999999968,1.0,0.0312946709773587,0.07972963146812384,0,0.2682926829268293,0.39673490187095256,0.12844221894412328,71,0.3219512195121951,0.5710331176663145,0.2490818981541194,143,0.3463414634146341,0.5940965394901949,0.2477550760755608,358,0.3926829268292683,0.6226090675316633,0.22992614070239503,716,0.3829268292682927,0.642859822588096,0.25993299331980335,1433,0.4804878048780487,0.6620614787091831,0.18157367383113437
1,art_painting,distance_ridge,0.1,cnn3_photo-sketch_seed42_to_art_painting,cnn3_photo-sketch_seed42,cnn3,photo|sketch,art_painting,42,0.2268292682926829,0.29971875071884996,1.0,0.9958994103195302,0.0520414099235113,0.0663848917756892,0,0.2268292682926829,0.29971875071884996,0.07288948242616705,71,0.3219512195121951,0.47178857613582936,0.1498373566236343,143,0.3829268292682927,0.49535882900972306,0.11243199974143037,358,0.4560975609756098,0.5248111456056043,0.0687135846299945,716,0.4634146341463415,0.5459552454721975,0.08254061132585605,1433,0.4926829268292683,0.5661900833211464,0.07350715649187811
1,art_painting,distance_ridge,0.1,cnn3_photo-sketch_seed387_to_art_painting,cnn3_photo-sketch_seed387,cnn3,photo|sketch,art_painting,387,0.2609756097560975,0.3492908138595238,0.9999999999952618,0.997538573273353,0.0367350228407601,0.07596166397861953,0,0.2609756097560975,0.3492908138595238,0.0883152041034263,71,0.3292682926829268,0.5290975107583276,0.19982921807540077,143,0.3536585365853658,0.5531240756479985,0.1994655390626327,358,0.3560975609756097,0.5829170924162538,0.2268195314406441,716,0.4585365853658537,0.6041415786572872,0.14560499329143356,1433,0.4878048780487805,0.6243190976130284,0.13651421956424792
1,art_painting,distance_ridge,0.1,resnet18_cartoon_seed42_to_art_painting,resnet18_cartoon_seed42,resnet18,cartoon,art_painting,42,0.3195121951219512,0.4358860845761031,0.999999999920286,1.0,0.0331602284235848,0.11744529681287641,0,0.3195121951219512,0.4358860845761031,0.11637388945415189,71,0.3268292682926829,0.6586248950975042,0.33179562680482133,143,0.4,0.6853140961478826,0.2853140961478826,358,0.424390243902439,0.7173278728617147,0.2929376289592757,716,0.4585365853658537,0.7393849341617443,0.28084834879589066,1433,0.5439024390243903,0.7597601981719934,0.21585775914760308
1,art_painting,distance_ridge,0.1,resnet18_cartoon_seed387_to_art_painting,resnet18_cartoon_seed387,resnet18,cartoon,art_painting,387,0.2853658536585365,0.4160015821090334,0.9999999999999948,0.9998245223522695,0.0413608211274859,0.1215532629711971,0,0.2853658536585365,0.4160015821090334,0.13063572845049687,71,0.324390243902439,0.6526751931358701,0.3282849492334311,143,0.3780487804878049,0.6807257361622641,0.3026769556744592,358,0.4414634146341463,0.7142620795824823,0.27279866494833604,716,0.4707317073170731,0.7372917740636649,0.2665600667465918,1433,0.5365853658536586,0.7585050835300254,0.22191971767636687
1,art_painting,distance_ridge,0.1,resnet18_photo_seed42_to_art_painting,resnet18_photo_seed42,resnet18,photo,art_painting,42,0.2585365853658536,0.5290994009458754,1.0,1.0,0.0637017075039449,0.09402115952152428,0,0.2585365853658536,0.5290994009458754,0.27056281558002176,71,0.375609756097561,0.6850071557189192,0.30939739962135826,143,0.4365853658536585,0.7048807770275467,0.2682954111738882,358,0.4682926829268293,0.7291702928148541,0.26087760988802483,716,0.5292682926829269,0.7462243078911152,0.2169560152081883,1433,0.5975609756097561,0.7622355986041396,0.1646746229943835
1,art_painting,distance_ridge,0.1,resnet18_photo_seed387_to_art_painting,resnet18_photo_seed387,resnet18,photo,art_painting,387,0.2682926829268293,0.5010667792043031,1.0,1.0,0.0575386417317112,0.10119241747059211,0,0.2682926829268293,0.5010667792043031,0.2327740962774738,71,0.3341463414634146,0.6763359557301609,0.3421896142667463,143,0.4048780487804878,0.6982602657840132,0.29338221700352546,358,0.4804878048780487,0.7249027571608663,0.24441495228281757,716,0.5121951219512195,0.7435010832583366,0.23130596130711711,1433,0.6048780487804878,0.7608757712370641,0.15599772245657628
1,art_painting,distance_ridge,0.1,resnet18_sketch_seed42_to_art_painting,resnet18_sketch_seed42,resnet18,sketch,art_painting,42,0.1512195121951219,0.2916363642249209,1.0,1.0,0.0708463847142912,0.14088880672668186,0,0.1512195121951219,0.2916363642249209,0.140416852029799,71,0.3048780487804878,0.61222581009769,0.30734776131720215,143,0.3536585365853658,0.6483042320574701,0.29464569547210434,358,0.3975609756097561,0.6907768140539967,0.2932158384442406,716,0.5146341463414634,0.7194917931761977,0.20485764683473429,1433,0.5756097560975609,0.7455902125978718,0.1699804565003109
1,art_painting,distance_ridge,0.1,resnet18_sketch_seed387_to_art_painting,resnet18_sketch_seed387,resnet18,sketch,art_painting,387,0.173170731707317,0.27271569914744775,0.9999999999999998,0.9989708653984273,0.067545679923523,0.142518449953223,0,0.173170731707317,0.27271569914744775,0.09954496744013075,71,0.324390243902439,0.6041636452574637,0.2797734013550247,143,0.3585365853658536,0.6413006650519253,0.2827640796860717,358,0.448780487804878,0.6849625604757043,0.23618207267082625,716,0.4902439024390244,0.7144428262442514,0.224198923805227,1433,0.551219512195122,0.7412065805098782,0.1899870683147562
1,art_painting,distance_ridge,0.1,resnet18_cartoon-photo_seed42_to_art_painting,resnet18_cartoon-photo_seed42,resnet18,cartoon|photo,art_painting,42,0.3024390243902439,0.6038193042277212,0.9999999999999866,1.0,0.051618168195195,0.07771235982784286,0,0.3024390243902439,0.6038193042277212,0.30138027983747734,71,0.4,0.7158447927365215,0.31584479273652144,143,0.4317073170731707,0.730746183573621,0.29903886650045025,358,0.4829268292682926,0.7491980601951339,0.2662712309268413,716,0.5024390243902439,0.7623246302320076,0.2598856058417637,1433,0.573170731707317,0.7747885706657334,0.20161783895841634
1,art_painting,distance_ridge,0.1,resnet18_cartoon-photo_seed387_to_art_painting,resnet18_cartoon-photo_seed387,resnet18,cartoon|photo,art_painting,387,0.3365853658536585,0.5708129478497185,0.9999999998573303,1.0,0.0439128362813676,0.0870069283403204,0,0.3365853658536585,0.5708129478497185,0.23422758199605997,71,0.373170731707317,0.7041675459815705,0.3309968142742535,143,0.4585365853658537,0.7214814529786904,0.2629448676128367,358,0.473170731707317,0.7427616637784843,0.2695909320711673,716,0.526829268292683,0.7577874393558544,0.2309581710631714,1433,0.5658536585365853,0.7719631854295619,0.20610952689297657
1,art_painting,distance_ridge,0.1,resnet18_cartoon-sketch_seed42_to_art_painting,resnet18_cartoon-sketch_seed42,resnet18,cartoon|sketch,art_painting,42,0.2975609756097561,0.3859586726083484,1.0,1.0,0.0459601952638361,0.1315932856478965,0,0.2975609756097561,0.3859586726083484,0.08839769699859229,71,0.3585365853658536,0.6502279389728671,0.29169135360701354,143,0.3853658536585366,0.6807200918092092,0.29535423815067263,358,0.4365853658536585,0.7168840557574514,0.2802986899037929,716,0.4902439024390244,0.7415179115836281,0.25127400914460374,1433,0.5975609756097561,0.764051659197156,0.16649068358739993
1,art_painting,distance_ridge,0.1,resnet18_cartoon-sketch_seed387_to_art_painting,resnet18_cartoon-sketch_seed387,resnet18,cartoon|sketch,art_painting,387,0.2731707317073171,0.40285211775519303,0.9999999999999478,1.0,0.0534184815683137,0.1282948099281581,0,0.2731707317073171,0.40285211775519303,0.12968138604787594,71,0.3585365853658536,0.655018523320734,0.29648193795488037,143,0.424390243902439,0.6843722417431493,0.25998199784071024,358,0.448780487804878,0.7192779415236603,0.2704974537187823,716,0.4853658536585366,0.7431180382882214,0.25775218462968486,1433,0.5853658536585366,0.764975561899252,0.17960970824071543
1,art_painting,distance_ridge,0.1,resnet18_photo-sketch_seed42_to_art_painting,resnet18_photo-sketch_seed42,resnet18,photo|sketch,art_painting,42,0.3121951219512195,0.4888732043540456,1.0,1.0,0.0565770370176416,0.10563204664383176,0,0.3121951219512195,0.4888732043540456,0.17667808240282606,71,0.4121951219512195,0.6746619821275185,0.262466860176299,143,0.4414634146341463,0.6976315999876281,0.25616818535348185,358,0.5,0.7254453564644209,0.22544535646442088,716,0.551219512195122,0.7447919808642776,0.19357246866915556,1433,0.5902439024390244,0.7628102583244936,0.1725663558854692
1,art_painting,distance_ridge,0.1,resnet18_photo-sketch_seed387_to_art_painting,resnet18_photo-sketch_seed387,resnet18,photo|sketch,art_painting,387,0.2829268292682926,0.4801729582038179,1.0,1.0,0.0535301206567496,0.10557027377347929,0,0.2829268292682926,0.4801729582038179,0.1972461289355253,71,0.4,0.6690367535504436,0.26903675355044354,143,0.4170731707317073,0.6923903547288381,0.27531718399713084,358,0.4707317073170731,0.7206704719280438,0.2499387646109707,716,0.4926829268292683,0.7403424655088529,0.24765953867958457,1433,0.5682926829268292,0.7586645558573222,0.19037187293049296
1,art_painting,metadata_distance_ridge,1.0,cnn3_cartoon_seed42_to_art_painting,cnn3_cartoon_seed42,cnn3,cartoon,art_painting,42,0.2634146341463415,0.294249991259704,0.9999999999998976,0.9950684969985611,0.0337362711979295,0.08778693550365989,0,0.2634146341463415,0.294249991259704,0.03083535711336255,71,0.3097560975609756,0.5136131290816651,0.2038570315206895,143,0.3560975609756097,0.5420358160436004,0.18593825506799072,358,0.4048780487804878,0.5769478154062089,0.1720697666257211,716,0.4073170731707317,0.6015834027887977,0.19426632961806606,1433,0.4682926829268293,0.6248127702487576,0.1565200873219283
1,art_painting,metadata_distance_ridge,1.0,cnn3_cartoon_seed387_to_art_painting,cnn3_cartoon_seed387,cnn3,cartoon,art_painting,387,0.2829268292682926,0.28568738775474417,0.9999999999999968,0.9956633877526014,0.0324657595163511,0.08847951877095264,0,0.2829268292682926,0.28568738775474417,0.0027605584864515698,71,0.3439024390243902,0.5093594540171869,0.16545701499279664,143,0.375609756097561,0.5382879970733307,0.16267824097576977,358,0.4048780487804878,0.5738016465230502,0.16892359774256244,716,0.4195121951219512,0.5988478150410971,0.17933561991914587,1433,0.4682926829268293,0.6224530042740075,0.15416032134717822
1,art_painting,metadata_distance_ridge,1.0,cnn3_photo_seed42_to_art_painting,cnn3_photo_seed42,cnn3,photo,art_painting,42,0.2292682926829268,0.2942436790477253,1.0,0.9940473022026735,0.0433191027721557,0.08463474588194518,0,0.2292682926829268,0.2942436790477253,0.06497538636479849,71,0.324390243902439,0.5067642320356547,0.1823739881332157,143,0.373170731707317,0.5345280350331175,0.1613573033258005,358,0.375609756097561,0.5687169092705153,0.19310715317295435,716,0.4365853658536585,0.5929035351380045,0.15631816928434605,1433,0.473170731707317,0.6157594010695384,0.14258866936222142
1,art_painting,metadata_distance_ridge,1.0,cnn3_photo_seed387_to_art_painting,cnn3_photo_seed387,cnn3,photo,art_painting,387,0.2341463414634146,0.2738720772629635,0.9999999999999994,0.9927571028819421,0.0457586615943139,0.0861429193799251,0,0.2341463414634146,0.2738720772629635,0.039725735799548884,71,0.3146341463414634,0.49540564669131776,0.18077150034985434,143,0.3585365853658536,0.5242331581151967,0.16569657274934307,358,0.3902439024390244,0.5596890550502045,0.1694451526111801,716,0.4585365853658537,0.5847415848206416,0.12620499945478797,1433,0.5097560975609756,0.6083910018709535,0.0986349043099779
1,art_painting,metadata_distance_ridge,1.0,cnn3_sketch_seed42_to_art_painting,cnn3_sketch_seed42,cnn3,sketch,art_painting,42,0.1341463414634146,0.12336934024379131,1.0,1.0,0.0470925598889062,0.0957374563117603,0,0.1341463414634146,0.12336934024379131,0.010777001219623272,71,0.2707317073170732,0.4178962901881626,0.1471645828710894,143,0.2658536585365854,0.4552709693836036,0.18941731084701824,358,0.3341463414634146,0.5008875390506693,0.1667411975872547,716,0.3634146341463414,0.5328713380539412,0.16945670390759976,1433,0.4463414634146341,0.5628639039643577,0.1165224405497236
1,art_painting,metadata_distance_ridge,1.0,cnn3_sketch_seed387_to_art_painting,cnn3_sketch_seed387,cnn3,sketch,art_painting,387,0.1390243902439024,0.10673927767626246,0.9999999992122746,1.0,0.0459772377102066,0.09533627619936912,0,0.1390243902439024,0.10673927767626246,0.03228511256763994,71,0.275609756097561,0.4058349883245944,0.13022523222703342,143,0.2853658536585365,0.44382944146480807,0.15846358780627157,358,0.3048780487804878,0.49021735308683995,0.18533930430635215,716,0.4073170731707317,0.522752485714185,0.1154354125434533,1433,0.4097560975609756,0.5532705370324302,0.14351443947145465
1,art_painting,metadata_distance_ridge,1.0,cnn3_cartoon-photo_seed42_to_art_painting,cnn3_cartoon-photo_seed42,cnn3,cartoon|photo,art_painting,42,0.2853658536585365,0.3104061884269657,0.9999999999999958,0.9956767696719264,0.0443472132930882,0.08462914447255916,0,0.2853658536585365,0.3104061884269657,0.025040334768429207,71,0.3707317073170731,0.518501829499967,0.14777012218289393,143,0.4365853658536585,0.5456879570334565,0.10910259117979804,358,0.4585365853658537,0.5791656209079126,0.1206290355420589,716,0.4634146341463415,0.6028492139146772,0.13943457976833568,1433,0.4951219512195122,0.625229810904194,0.13010785968468186
1,art_painting,metadata_distance_ridge,1.0,cnn3_cartoon-photo_seed387_to_art_painting,cnn3_cartoon-photo_seed387,cnn3,cartoon|photo,art_painting,387,0.2926829268292683,0.3101898008877215,0.999999999999874,0.9959480283495009,0.0380318885160118,0.08533962531771891,0,0.2926829268292683,0.3101898008877215,0.017506874058453248,71,0.3414634146341463,0.5198822458092682,0.17841883117512192,143,0.4097560975609756,0.5472262166757711,0.1374701191147955,358,0.4414634146341463,0.5808790998346514,0.13941568520050507,716,0.4585365853658537,0.6046730356844613,0.1461364503186076,1433,0.4902439024390244,0.6271468458019103,0.1369029433628859
1,art_painting,metadata_distance_ridge,1.0,cnn3_cartoon-sketch_seed42_to_art_painting,cnn3_cartoon-sketch_seed42,cnn3,cartoon|sketch,art_painting,42,0.2585365853658536,0.24658335907453294,1.0,1.0,0.0364097818422564,0.09379091586480842,0,0.2585365853658536,0.24658335907453294,0.011953226291320673,71,0.3268292682926829,0.4955312221154404,0.1687019538227575,143,0.3536585365853658,0.5272838787927211,0.17362534220735532,358,0.3804878048780488,0.5660990910502031,0.18561128617215428,716,0.4317073170731707,0.5933568588262899,0.16164954175311913,1433,0.4804878048780487,0.618952100034289,0.1384642951562403
1,art_painting,metadata_distance_ridge,1.0,cnn3_cartoon-sketch_seed387_to_art_painting,cnn3_cartoon-sketch_seed387,cnn3,cartoon|sketch,art_painting,387,0.2682926829268293,0.28243036858863757,0.9999999999999968,1.0,0.0312946709773587,0.0903784193052217,0,0.2682926829268293,0.28243036858863757,0.014137685661808286,71,0.3219512195121951,0.5124700782732653,0.19051885876107022,143,0.3463414634146341,0.5420746773073785,0.19573321389274434,358,0.3926829268292683,0.5783630598022806,0.18568013297301234,716,0.3829268292682927,0.6039165074106903,0.22098967814239756,1433,0.4804878048780487,0.6279681449811738,0.1474803401031251
1,art_painting,metadata_distance_ridge,1.0,cnn3_photo-sketch_seed42_to_art_painting,cnn3_photo-sketch_seed42,cnn3,photo|sketch,art_painting,42,0.2268292682926829,0.2606791410185644,1.0,0.9973792727474132,0.0520414099235113,0.07790599769515313,0,0.2268292682926829,0.2606791410185644,0.03384987272588147,71,0.3219512195121951,0.4694285286359049,0.14747730912370982,143,0.3829268292682927,0.4971819485139004,0.11425511924560772,358,0.4560975609756098,0.5315427178395675,0.07544515686395775,716,0.4634146341463415,0.5559829825256819,0.09256834837934041,1433,0.4926829268292683,0.5791863906309764,0.08650346380170815
1,art_painting,metadata_distance_ridge,1.0,cnn3_photo-sketch_seed387_to_art_painting,cnn3_photo-sketch_seed387,cnn3,photo|sketch,art_painting,387,0.2609756097560975,0.3280306228358183,0.9999999999952618,0.9986897613523408,0.0367350228407601,0.07933353520150113,0,0.2609756097560975,0.3280306228358183,0.06705501307972078,71,0.3292682926829268,0.5209921235163373,0.1917238308334105,143,0.3536585365853658,0.5465514374873364,0.1928929009019706,358,0.3560975609756097,0.5781595791379335,0.2220620181623238,716,0.4585365853658537,0.600616123874224,0.14207953850837035,1433,0.4878048780487805,0.621915138727996,0.1341102606792155
1,art_painting,metadata_distance_ridge,1.0,resnet18_cartoon_seed42_to_art_painting,resnet18_cartoon_seed42,resnet18,cartoon,art_painting,42,0.3195121951219512,0.34308365907980604,0.999999999920286,0.9969135174802931,0.0331602284235848,0.1229134442065451,0,0.3195121951219512,0.34308365907980604,0.02357146395785481,71,0.3268292682926829,0.6103920538348251,0.2835627855421422,143,0.4,0.6419587760051524,0.24195877600515237,358,0.424390243902439,0.6796579219280703,0.2552676780256313,716,0.4585365853658537,0.7055178735829708,0.24698128821711712,1433,0.5439024390243903,0.7293157896050096,0.18541335058061936
1,art_painting,metadata_distance_ridge,1.0,resnet18_cartoon_seed387_to_art_painting,resnet18_cartoon_seed387,resnet18,cartoon,art_painting,387,0.2853658536585365,0.31964463554831984,0.9999999999999948,0.9965784529604653,0.0413608211274859,0.12522560228657406,0,0.2853658536585365,0.31964463554831984,0.03427878188978334,71,0.324390243902439,0.6003363407190152,0.2759460968165762,143,0.3780487804878049,0.6332796494535928,0.25523086896578795,358,0.4414634146341463,0.6725501327705836,0.23108671813643733,716,0.4707317073170731,0.6994377787245949,0.2287060714075218,1433,0.5365853658536586,0.7241418590495756,0.18755649319591705
1,art_painting,metadata_distance_ridge,1.0,resnet18_photo_seed42_to_art_painting,resnet18_photo_seed42,resnet18,photo,art_painting,42,0.2585365853658536,0.3442723310455579,1.0,0.9969209579433992,0.0637017075039449,0.12143782660071896,0,0.2585365853658536,0.3442723310455579,0.08573574567970427,71,0.375609756097561,0.6086552749178076,0.2330455188202466,143,0.4365853658536585,0.6399995655239132,0.20341419967025476,358,0.4682926829268293,0.6774772693034516,0.20918458637662235,716,0.5292682926829269,0.7032159250796264,0.17394763239669953,1433,0.5975609756097561,0.7269264313258123,0.12936545571605618
1,art_painting,metadata_distance_ridge,1.0,resnet18_photo_seed387_to_art_painting,resnet18_photo_seed387,resnet18,photo,art_painting,387,0.2682926829268293,0.34885408791384537,1.0,0.9968401174448803,0.0575386417317112,0.12133547401698416,0,0.2682926829268293,0.34885408791384537,0.08056140498701608,71,0.3341463414634146,0.6111794719653781,0.27703313050196354,143,0.4048780487804878,0.6422883076312027,0.23741025885071493,358,0.4804878048780487,0.6794875277949264,0.19899972291687767,716,0.5121951219512195,0.7050370369401635,0.19284191498894399,1433,0.6048780487804878,0.7285749690175112,0.12369692023702339
1,art_painting,metadata_distance_ridge,1.0,resnet18_sketch_seed42_to_art_painting,resnet18_sketch_seed42,resnet18,sketch,art_painting,42,0.1512195121951219,0.15301573235217775,1.0,1.0,0.0708463847142912,0.17320959659763446,0,0.1512195121951219,0.15301573235217775,0.0017962201570558556,71,0.3048780487804878,0.5961988688990401,0.29132082011855226,143,0.3536585365853658,0.6418819203335486,0.28822338374818285,358,0.3975609756097561,0.6942908307537841,0.29672985514402794,716,0.5146341463414634,0.728811029409596,0.21417688306813254,1433,0.5756097560975609,0.7594913290367296,0.18388157293916862
1,art_painting,metadata_distance_ridge,1.0,resnet18_sketch_seed387_to_art_painting,resnet18_sketch_seed387,resnet18,sketch,art_painting,387,0.173170731707317,0.18820425587823936,0.9999999999999998,0.9986937416604496,0.067545679923523,0.14241433330182174,0,0.173170731707317,0.18820425587823936,0.015033524170922352,71,0.324390243902439,0.5578987858599807,0.23350854195754167,143,0.3585365853658536,0.5993327611709944,0.24079617580514084,358,0.448780487804878,0.648050629044554,0.199270141239676,716,0.4902439024390244,0.6809474223705956,0.1907035199315712,1433,0.551219512195122,0.7108150353624758,0.15959552316735381
1,art_painting,metadata_distance_ridge,1.0,resnet18_cartoon-photo_seed42_to_art_painting,resnet18_cartoon-photo_seed42,resnet18,cartoon|photo,art_painting,42,0.3024390243902439,0.39411981731,0.9999999999999866,0.997331793866543,0.051618168195195,0.1127010193470817,0,0.3024390243902439,0.39411981731,0.09168079291975612,71,0.4,0.6248142849527242,0.22481428495272415,143,0.4317073170731707,0.6528071418563974,0.2210998247832267,358,0.4829268292682926,0.6865123301197571,0.20358550085146448,716,0.5024390243902439,0.7098237259935083,0.2073847016032644,1433,0.573170731707317,0.7314285419015932,0.1582578101942762
1,art_painting,metadata_distance_ridge,1.0,resnet18_cartoon-photo_seed387_to_art_painting,resnet18_cartoon-photo_seed387,resnet18,cartoon|photo,art_painting,387,0.3365853658536585,0.4094055916226026,0.9999999998573303,0.9982823613214481,0.0439128362813676,0.11197210089583509,0,0.3365853658536585,0.4094055916226026,0.07282022576894409,71,0.373170731707317,0.6334822176416169,0.2603114859342999,143,0.4585365853658537,0.6607246453350804,0.20218805996922667,358,0.473170731707317,0.6935454025786194,0.2203746708713024,716,0.526829268292683,0.7162584422300575,0.18942917393737457,1433,0.5658536585365853,0.7373193336709815,0.17146567513439614
1,art_painting,metadata_distance_ridge,1.0,resnet18_cartoon-sketch_seed42_to_art_painting,resnet18_cartoon-sketch_seed42,resnet18,cartoon|sketch,art_painting,42,0.2975609756097561,0.35325607299506234,1.0,1.0,0.0459601952638361,0.1264701535137978,0,0.2975609756097561,0.35325607299506234,0.05569509738530626,71,0.3585365853658536,0.6234390912426929,0.26490250587683933,143,0.3853658536585366,0.6550438249677983,0.26967797130926174,358,0.4365853658536585,0.6926811692397659,0.2560958033861074,716,0.4902439024390244,0.7184247921572037,0.2281808897181793,1433,0.5975609756097561,0.7420573818936977,0.14449640628394167
1,art_painting,metadata_distance_ridge,1.0,resnet18_cartoon-sketch_seed387_to_art_painting,resnet18_cartoon-sketch_seed387,resnet18,cartoon|sketch,art_painting,387,0.2731707317073171,0.351852466354348,0.9999999999999478,1.0,0.0534184815683137,0.1269844047536659,0,0.2731707317073171,0.351852466354348,0.07868173464703093,71,0.3585365853658536,0.6234509022818248,0.26491431691597117,143,0.424390243902439,0.6551775791875041,0.23078733528506507,358,0.448780487804878,0.6929446101303299,0.24416412232545193,716,0.4853658536585366,0.7187662275246818,0.2334003738661452,1433,0.5853658536585366,0.74246197686616,0.15709612320762345
1,art_painting,metadata_distance_ridge,1.0,resnet18_photo-sketch_seed42_to_art_painting,resnet18_photo-sketch_seed42,resnet18,photo|sketch,art_painting,42,0.3121951219512195,0.3764645109191598,1.0,0.9994694500470621,0.0565770370176416,0.12104698954283923,0,0.3121951219512195,0.3764645109191598,0.06426938896794027,71,0.4121951219512195,0.6282190054279475,0.21602388347672802,143,0.4414634146341463,0.6580972054672359,0.21663379083308965,358,0.5,0.6938331041609866,0.19383310416098665,716,0.551219512195122,0.718383270748532,0.16716375855341004,1433,0.5902439024390244,0.741005059395754,0.15076115695672965
1,art_painting,metadata_distance_ridge,1.0,resnet18_photo-sketch_seed387_to_art_painting,resnet18_photo-sketch_seed387,resnet18,photo|sketch,art_painting,387,0.2829268292682926,0.3513490182112493,1.0,0.9996044923921925,0.0535301206567496,0.12374352145058845,0,0.2829268292682926,0.3513490182112493,0.06842218894295671,71,0.4,0.617736437346859,0.217736437346859,143,0.4170731707317073,0.6491248334833187,0.23205166275161143,358,0.4707317073170731,0.6865861349627418,0.2158544276456687,716,0.4926829268292683,0.7122657431712294,0.21958281634196108,1433,0.5682926829268292,0.7358841170224586,0.16759143409562938
2,cartoon,mean_curve,,cnn3_art_painting_seed42_to_cartoon,cnn3_art_painting_seed42,cnn3,art_painting,cartoon,42,0.3518123667377398,0.31768338516908945,1.0,0.9987051752362915,0.0829366496853975,0.08824985117473431,0,0.3518123667377398,0.31768338516908945,0.03412898156865035,82,0.5138592750533049,0.5375971808070737,0.023737905753768884,164,0.5437100213219617,0.5647265099257728,0.021016488603811112,410,0.6162046908315565,0.5983090591383696,0.017895631693186864,821,0.6396588486140725,0.6220672890318286,0.0175915595822439,1640,0.6844349680170576,0.6443586698127336,0.04007629820432401
2,cartoon,mean_curve,,cnn3_art_painting_seed387_to_cartoon,cnn3_art_painting_seed387,cnn3,art_painting,cartoon,387,0.3432835820895522,0.31768338516908945,0.9999999999798244,0.9987051752362915,0.0820785502974741,0.08824985117473431,0,0.3432835820895522,0.31768338516908945,0.025600196920462726,82,0.5245202558635395,0.5375971808070737,0.013076924943534296,164,0.5479744136460555,0.5647265099257728,0.0167520962797173,410,0.5884861407249466,0.5983090591383696,0.009822918413422976,821,0.6311300639658849,0.6220672890318286,0.009062774934056272,1640,0.673773987206823,0.6443586698127336,0.029415317394089424
2,cartoon,mean_curve,,cnn3_photo_seed42_to_cartoon,cnn3_photo_seed42,cnn3,photo,cartoon,42,0.1833688699360341,0.31768338516908945,1.0,0.9987051752362915,0.1020575702927345,0.08824985117473431,0,0.1833688699360341,0.31768338516908945,0.13431451523305535,82,0.4669509594882729,0.5375971808070737,0.07064622131880083,164,0.4904051172707889,0.5647265099257728,0.07432139265498389,410,0.5650319829424307,0.5983090591383696,0.03327707619593889,821,0.5927505330490405,0.6220672890318286,0.029316755982788156,1640,0.6375266524520256,0.6443586698127336,0.0068320173607080426
2,cartoon,mean_curve,,cnn3_photo_seed387_to_cartoon,cnn3_photo_seed387,cnn3,photo,cartoon,387,0.1577825159914712,0.31768338516908945,1.0,0.9987051752362915,0.1067637080077372,0.08824985117473431,0,0.1577825159914712,0.31768338516908945,0.15990086917761825,82,0.4626865671641791,0.5375971808070737,0.07491061364289464,164,0.4562899786780384,0.5647265099257728,0.10843653124773439,410,0.5692963752665245,0.5983090591383696,0.02901268387184508,821,0.5948827292110874,0.6220672890318286,0.027184559820741194,1640,0.6588486140724946,0.6443586698127336,0.014489944259761023
2,cartoon,mean_curve,,cnn3_sketch_seed42_to_cartoon,cnn3_sketch_seed42,cnn3,sketch,cartoon,42,0.2814498933901919,0.31768338516908945,0.9999999999999998,0.9987051752362915,0.0713204160609073,0.08824985117473431,0,0.2814498933901919,0.31768338516908945,0.036233491778897564,82,0.3773987206823028,0.5375971808070737,0.16019846012477096,164,0.4584221748400853,0.5647265099257728,0.10630433508568748,410,0.5415778251599147,0.5983090591383696,0.05673123397845492,821,0.6140724946695096,0.6220672890318286,0.00799479436231898,1640,0.6183368869936035,0.6443586698127336,0.026021782819130146
2,cartoon,mean_curve,,cnn3_sketch_seed387_to_cartoon,cnn3_sketch_seed387,cnn3,sketch,cartoon,387,0.2217484008528784,0.31768338516908945,1.0,0.9987051752362915,0.0883527999861967,0.08824985117473431,0,0.2217484008528784,0.31768338516908945,0.09593498431621106,82,0.3837953091684435,0.5375971808070737,0.15380187163863024,164,0.4626865671641791,0.5647265099257728,0.10203994276159367,410,0.5479744136460555,0.5983090591383696,0.050334645492314145,821,0.6076759061833689,0.6220672890318286,0.014391382848459755,1640,0.6588486140724946,0.6443586698127336,0.014489944259761023
2,cartoon,mean_curve,,cnn3_art_painting-photo_seed42_to_cartoon,cnn3_art_painting-photo_seed42,cnn3,art_painting|photo,cartoon,42,0.2729211087420042,0.31768338516908945,1.0,0.9987051752362915,0.1046336866219455,0.08824985117473431,0,0.2729211087420042,0.31768338516908945,0.044762276427085246,82,0.4989339019189765,0.5375971808070737,0.03866327888809723,164,0.5522388059701493,0.5647265099257728,0.012487703955623486,410,0.6204690831556503,0.5983090591383696,0.022160024017280677,821,0.652452025586354,0.6220672890318286,0.030384736554525338,1640,0.6993603411513859,0.6443586698127336,0.0550016713386523
2,cartoon,mean_curve,,cnn3_art_painting-photo_seed387_to_cartoon,cnn3_art_painting-photo_seed387,cnn3,art_painting|photo,cartoon,387,0.326226012793177,0.31768338516908945,1.0,0.9987051752362915,0.0995624296764095,0.08824985117473431,0,0.326226012793177,0.31768338516908945,0.008542627624087529,82,0.5415778251599147,0.5375971808070737,0.003980644352840956,164,0.5756929637526652,0.5647265099257728,0.01096645382689243,410,0.6460554371002132,0.5983090591383696,0.047746377961843556,821,0.67590618336887,0.6220672890318286,0.053838894337041365,1640,0.6780383795309168,0.6443586698127336,0.03367970971818324
2,cartoon,mean_curve,,cnn3_art_painting-sketch_seed42_to_cartoon,cnn3_art_painting-sketch_seed42,cnn3,art_painting|sketch,cartoon,42,0.4754797441364605,0.31768338516908945,0.9999999999998992,0.9987051752362915,0.0637905543870421,0.08824985117473431,0,0.4754797441364605,0.31768338516908945,0.15779635896737104,82,0.5437100213219617,0.5375971808070737,0.006112840514887918,164,0.5991471215351812,0.5647265099257728,0.03442061160940846,410,0.6375266524520256,0.5983090591383696,0.03921759331365593,821,0.6886993603411514,0.6220672890318286,0.0666320713093228,1640,0.7100213219616205,0.6443586698127336,0.06566265214888689
2,cartoon,mean_curve,,cnn3_art_painting-sketch_seed387_to_cartoon,cnn3_art_painting-sketch_seed387,cnn3,art_painting|sketch,cartoon,387,0.4115138592750533,0.31768338516908945,0.9999999999994684,0.9987051752362915,0.0793425382294,0.08824985117473431,0,0.4115138592750533,0.31768338516908945,0.09383047410596385,82,0.5373134328358209,0.5375971808070737,0.0002837479712528568,164,0.5714285714285714,0.5647265099257728,0.0067020615027986175,410,0.6332622601279317,0.5983090591383696,0.034953200989562117,821,0.6844349680170576,0.6220672890318286,0.06236767898522899,1640,0.7121535181236673,0.6443586698127336,0.06779484831093374
2,cartoon,mean_curve,,cnn3_photo-sketch_seed42_to_cartoon,cnn3_photo-sketch_seed42,cnn3,photo|sketch,cartoon,42,0.2985074626865671,0.31768338516908945,1.0,0.9987051752362915,0.0909477681814551,0.08824985117473431,0,0.2985074626865671,0.31768338516908945,0.019175922482522367,82,0.488272921108742,0.5375971808070737,0.04932425969833176,164,0.5245202558635395,0.5647265099257728,0.040206254062233326,410,0.5927505330490405,0.5983090591383696,0.005558526089329163,821,0.650319829424307,0.6220672890318286,0.028252540392478376,1640,0.67590618336887,0.6443586698127336,0.031547513556136386
2,cartoon,mean_curve,,cnn3_photo-sketch_seed387_to_cartoon,cnn3_photo-sketch_seed387,cnn3,photo|sketch,cartoon,387,0.3070362473347548,0.31768338516908945,0.9999999999995802,0.9987051752362915,0.0842935359281544,0.08824985117473431,0,0.3070362473347548,0.31768338516908945,0.01064713783433463,82,0.4498933901918976,0.5375971808070737,0.08770379061517614,164,0.5245202558635395,0.5647265099257728,0.040206254062233326,410,0.5842217484008528,0.5983090591383696,0.01408731073751679,821,0.6289978678038379,0.6220672890318286,0.00693057877200931,1640,0.6823027718550106,0.6443586698127336,0.03794410204227705
2,cartoon,mean_curve,,resnet18_art_painting_seed42_to_cartoon,resnet18_art_painting_seed42,resnet18,art_painting,cartoon,42,0.3646055437100213,0.31768338516908945,0.9999999999999976,0.9987051752362915,0.1338443087870703,0.08824985117473431,0,0.3646055437100213,0.31768338516908945,0.046922158540931846,82,0.5842217484008528,0.5375971808070737,0.04662456759377909,164,0.6311300639658849,0.5647265099257728,0.06640355404011211,410,0.7356076759061834,0.5983090591383696,0.13729861676781374,821,0.7697228144989339,0.6220672890318286,0.14765552546710525,1640,0.8187633262260128,0.6443586698127336,0.17440465641327918
2,cartoon,mean_curve,,resnet18_art_painting_seed387_to_cartoon,resnet18_art_painting_seed387,resnet18,art_painting,cartoon,387,0.3859275053304904,0.31768338516908945,0.9999999999993684,0.9987051752362915,0.1273006732153967,0.08824985117473431,0,0.3859275053304904,0.31768338516908945,0.06824412016140097,82,0.5735607675906184,0.5375971808070737,0.03596358678354461,164,0.605543710021322,0.5647265099257728,0.04081720009554923,410,0.7164179104477612,0.5983090591383696,0.11810885130939153,821,0.7953091684434968,0.6220672890318286,0.17324187941166813,1640,0.837953091684435,0.6443586698127336,0.1935944218717014
2,cartoon,mean_curve,,resnet18_photo_seed42_to_cartoon,resnet18_photo_seed42,resnet18,photo,cartoon,42,0.2217484008528784,0.31768338516908945,1.0,0.9987051752362915,0.1475774057943583,0.08824985117473431,0,0.2217484008528784,0.31768338516908945,0.09593498431621106,82,0.5437100213219617,0.5375971808070737,0.006112840514887918,164,0.5607675906183369,0.5647265099257728,0.00395891930743586,410,0.673773987206823,0.5983090591383696,0.0754649280684534,821,0.7569296375266524,0.6220672890318286,0.1348623484948238,1640,0.8166311300639659,0.6443586698127336,0.17227246025123233
2,cartoon,mean_curve,,resnet18_photo_seed387_to_cartoon,resnet18_photo_seed387,resnet18,photo,cartoon,387,0.3070362473347548,0.31768338516908945,0.99999999999996,0.9987051752362915,0.1238768664939801,0.08824985117473431,0,0.3070362473347548,0.31768338516908945,0.01064713783433463,82,0.535181236673774,0.5375971808070737,0.002415944133299708,164,0.5863539445628998,0.5647265099257728,0.02162743463712702,410,0.6631130063965884,0.5983090591383696,0.06480394725821881,821,0.744136460554371,0.6220672890318286,0.12206917152254237,1640,0.7825159914712153,0.6443586698127336,0.1381573216584817
2,cartoon,mean_curve,,resnet18_sketch_seed42_to_cartoon,resnet18_sketch_seed42,resnet18,sketch,cartoon,42,0.3113006396588486,0.31768338516908945,0.9999999999999968,0.9987051752362915,0.1302658754815289,0.08824985117473431,0,0.3113006396588486,0.31768338516908945,0.0063827455102408726,82,0.5159914712153518,0.5375971808070737,0.021605709591721922,164,0.5884861407249466,0.5647265099257728,0.02375963079917387,410,0.7036247334754797,0.5983090591383696,0.10531567433711009,821,0.7526652452025586,0.6220672890318286,0.13059795617073,1640,0.8187633262260128,0.6443586698127336,0.17440465641327918
2,cartoon,mean_curve,,resnet18_sketch_seed387_to_cartoon,resnet18_sketch_seed387,resnet18,sketch,cartoon,387,0.2899786780383795,0.31768338516908945,1.0,0.9987051752362915,0.1260954058137275,0.08824985117473431,0,0.2899786780383795,0.31768338516908945,0.027704707130709938,82,0.5181236673773987,0.5375971808070737,0.01947351342967507,164,0.5628997867803838,0.5647265099257728,0.0018267231453890087,410,0.6716417910447762,0.5983090591383696,0.07333273190640655,821,0.744136460554371,0.6220672890318286,0.12206917152254237,1640,0.7931769722814499,0.6443586698127336,0.1488183024687163
2,cartoon,mean_curve,,resnet18_art_painting-photo_seed42_to_cartoon,resnet18_art_painting-photo_seed42,resnet18,art_painting|photo,cartoon,42,0.4093816631130064,0.31768338516908945,1.0,0.9987051752362915,0.1213405042653457,0.08824985117473431,0,0.4093816631130064,0.31768338516908945,0.09169827794391694,82,0.6119402985074627,0.5375971808070737,0.07434311770038893,164,0.6545842217484008,0.5647265099257728,0.08985771182262803,410,0.7100213219616205,0.5983090591383696,0.11171226282325086,821,0.7611940298507462,0.6220672890318286,0.13912674081891763,1640,0.8038379530916845,0.6443586698127336,0.1594792832789509
2,cartoon,mean_curve,,resnet18_art_painting-photo_seed387_to_cartoon,resnet18_art_painting-photo_seed387,resnet18,art_painting|photo,cartoon,387,0.4136460554371002,0.31768338516908945,1.0,0.9987051752362915,0.1193059980670053,0.08824985117473431,0,0.4136460554371002,0.31768338516908945,0.09596267026801075,82,0.579957356076759,0.5375971808070737,0.042360175269685274,164,0.6311300639658849,0.5647265099257728,0.06640355404011211,410,0.7270788912579957,0.5983090591383696,0.12876983211962612,821,0.7654584221748401,0.6220672890318286,0.14339113314301144,1640,0.8251599147121536,0.6443586698127336,0.18080124489941996
2,cartoon,mean_curve,,resnet18_art_painting-sketch_seed42_to_cartoon,resnet18_art_painting-sketch_seed42,resnet18,art_painting|sketch,cartoon,42,0.4861407249466951,0.31768338516908945,1.0,0.9987051752362915,0.1047953507554931,0.08824985117473431,0,0.4861407249466951,0.31768338516908945,0.16845733977760563,82,0.6012793176972282,0.5375971808070737,0.06368213689015445,164,0.6545842217484008,0.5647265099257728,0.08985771182262803,410,0.7249466950959488,0.5983090591383696,0.12663763595757915,821,0.7782515991471215,0.6220672890318286,0.15618431011529288,1640,0.8336886993603412,0.6443586698127336,0.18933002954760758
2,cartoon,mean_curve,,resnet18_art_painting-sketch_seed387_to_cartoon,resnet18_art_painting-sketch_seed387,resnet18,art_painting|sketch,cartoon,387,0.5671641791044776,0.31768338516908945,0.9999999999999368,0.9987051752362915,0.0900557847046071,0.08824985117473431,0,0.5671641791044776,0.31768338516908945,0.24948079393538813,82,0.6716417910447762,0.5375971808070737,0.13404461023770242,164,0.6801705756929638,0.5647265099257728,0.11544406576719102,410,0.7420042643923241,0.5983090591383696,0.14369520525395452,821,0.7718550106609808,0.6220672890318286,0.14978772162915222,1640,0.8443496801705757,0.6443586698127336,0.19999101035784206
2,cartoon,mean_curve,,resnet18_photo-sketch_seed42_to_cartoon,resnet18_photo-sketch_seed42,resnet18,photo|sketch,cartoon,42,0.4498933901918976,0.31768338516908945,0.999999999999705,0.9987051752362915,0.0850271565224604,0.08824985117473431,0,0.4498933901918976,0.31768338516908945,0.13221000502280816,82,0.5458422174840085,0.5375971808070737,0.00824503667693477,164,0.5906183368869936,0.5647265099257728,0.025891826961220832,410,0.6631130063965884,0.5983090591383696,0.06480394725821881,821,0.7356076759061834,0.6220672890318286,0.11354038687435475,1640,0.7718550106609808,0.6443586698127336,0.12749634084824724
2,cartoon,mean_curve,,resnet18_photo-sketch_seed387_to_cartoon,resnet18_photo-sketch_seed387,resnet18,photo|sketch,cartoon,387,0.4392324093816631,0.31768338516908945,0.9999999999976272,0.9987051752362915,0.0882088647754134,0.08824985117473431,0,0.4392324093816631,0.31768338516908945,0.12154902421257363,82,0.5415778251599147,0.5375971808070737,0.003980644352840956,164,0.5991471215351812,0.5647265099257728,0.03442061160940846,410,0.6631130063965884,0.5983090591383696,0.06480394725821881,821,0.7164179104477612,0.6220672890318286,0.09435062141593253,1640,0.7867803837953091,0.6443586698127336,0.14242171398257553
2,cartoon,metadata_ridge,1.0,cnn3_art_painting_seed42_to_cartoon,cnn3_art_painting_seed42,cnn3,art_painting,cartoon,42,0.3518123667377398,0.32788291017691423,1.0,1.0,0.0829366496853975,0.05993310918300468,0,0.3518123667377398,0.32788291017691423,0.02392945656082557,82,0.5138592750533049,0.48426260601764964,0.02959666903565522,164,0.5437100213219617,0.505069485195303,0.03864053612665863,410,0.6162046908315565,0.5314140410011233,0.08479064983043316,821,0.6396588486140725,0.550481461187415,0.08917738742665748,1640,0.6844349680170576,0.5687257936260984,0.11570917439095918
2,cartoon,metadata_ridge,1.0,cnn3_art_painting_seed387_to_cartoon,cnn3_art_painting_seed387,cnn3,art_painting,cartoon,387,0.3432835820895522,0.3411691086285248,0.9999999999798244,1.0,0.0820785502974741,0.060887223446836836,0,0.3432835820895522,0.3411691086285248,0.0021144734610273885,82,0.5245202558635395,0.49658446010238266,0.02793579576115679,164,0.5479744136460555,0.5172108361469434,0.03076357749911207,410,0.5884861407249466,0.5433069703350938,0.04517917038985286,821,0.6311300639658849,0.5621800948269251,0.06894996913895979,1640,0.673773987206823,0.5802265954448989,0.09354739176192417
2,cartoon,metadata_ridge,1.0,cnn3_photo_seed42_to_cartoon,cnn3_photo_seed42,cnn3,photo,cartoon,42,0.1833688699360341,0.17680610951697626,1.0,0.9967934881071021,0.1020575702927345,0.0571447613617399,0,0.1833688699360341,0.17680610951697626,0.006562760419057845,82,0.4669509594882729,0.3597898568296396,0.10716110265863332,164,0.4904051172707889,0.38431678096226113,0.10608833630852776,410,0.5650319829424307,0.41544064524854546,0.14959133769388527,821,0.5927505330490405,0.438017785546009,0.15473274750303145,1640,0.6375266524520256,0.45966207120575453,0.17786458124627103
2,cartoon,metadata_ridge,1.0,cnn3_photo_seed387_to_cartoon,cnn3_photo_seed387,cnn3,photo,cartoon,387,0.1577825159914712,0.1581280880181998,1.0,0.995498767286625,0.1067637080077372,0.05639734106759407,0,0.1577825159914712,0.1581280880181998,0.00034557202672860776,82,0.4626865671641791,0.3428389903555317,0.11984757680864738,164,0.4562899786780384,0.36764637758236596,0.08864360109567243,410,0.5692963752665245,0.39914492578268657,0.17015144948383798,821,0.5948827292110874,0.4220076047526212,0.1728751244584662,1640,0.6588486140724946,0.4439369743328413,0.21491163973965333
2,cartoon,metadata_ridge,1.0,cnn3_sketch_seed42_to_cartoon,cnn3_sketch_seed42,cnn3,sketch,cartoon,42,0.2814498933901919,0.22545249059297023,0.9999999999999998,0.997641283406308,0.0713204160609073,0.06945767941457659,0,0.2814498933901919,0.22545249059297023,0.05599740279722165,82,0.3773987206823028,0.4295360588392461,0.052137338156943325,164,0.4584221748400853,0.4560119143657454,0.002410260474339898,410,0.5415778251599147,0.48928042205540073,0.05229740310451397,821,0.6140724946695096,0.51317532976966,0.10089716489984968,1640,0.6183368869936035,0.5358885094936017,0.08244837750000178
2,cartoon,metadata_ridge,1.0,cnn3_sketch_seed387_to_cartoon,cnn3_sketch_seed387,cnn3,sketch,cartoon,387,0.2217484008528784,0.2039273600575354,1.0,0.9976227538606252,0.0883527999861967,0.06874723295717652,0,0.2217484008528784,0.2039273600575354,0.017821040795342996,82,0.3837953091684435,0.4118589238007278,0.028063614632284295,164,0.4626865671641791,0.4388850553087886,0.023801511855390534,410,0.5479744136460555,0.4728642716598691,0.07511014198618637,821,0.6076759061833689,0.49728360202740396,0.1103923041559649,1640,0.6588486140724946,0.5205066873982519,0.13834192667424272
2,cartoon,metadata_ridge,1.0,cnn3_art_painting-photo_seed42_to_cartoon,cnn3_art_painting-photo_seed42,cnn3,art_painting|photo,cartoon,42,0.2729211087420042,0.2902092759238317,1.0,1.0,0.1046336866219455,0.06010340402202566,0,0.2729211087420042,0.2902092759238317,0.01728816718182752,82,0.4989339019189765,0.4557640908363246,0.04316981108265194,164,0.5522388059701493,0.47778182097884525,0.07445698499130404,410,0.6204690831556503,0.5056557028845641,0.11481338027108623,821,0.652452025586354,0.5258272403582904,0.12662478522806353,1640,0.6993603411513859,0.5451257532385007,0.15423458791288525
2,cartoon,metadata_ridge,1.0,cnn3_art_painting-photo_seed387_to_cartoon,cnn3_art_painting-photo_seed387,cnn3,art_painting|photo,cartoon,387,0.326226012793177,0.27631680097865247,1.0,0.9997188455254366,0.0995624296764095,0.05797622046822244,0,0.326226012793177,0.27631680097865247,0.04990921181452451,82,0.5415778251599147,0.43980805493375924,0.10176977022615546,164,0.5756929637526652,0.4616741008085006,0.11401886294416463,410,0.6460554371002132,0.4894029899346971,0.15665244716551607,821,0.67590618336887,0.5095039756453503,0.16640220772351966,1640,0.6780383795309168,0.528763329448729,0.1492750500821879
2,cartoon,metadata_ridge,1.0,cnn3_art_painting-sketch_seed42_to_cartoon,cnn3_art_painting-sketch_seed42,cnn3,art_painting|sketch,cartoon,42,0.4754797441364605,0.40446851013708135,0.9999999999998992,0.9990546197665845,0.0637905543870421,0.07009543438694428,0,0.4754797441364605,0.40446851013708135,0.07101123399937914,82,0.5437100213219617,0.5628440881277832,0.019134066805821526,164,0.5991471215351812,0.5833553525543576,0.015791768980823684,410,0.6375266524520256,0.6091158821862817,0.0284107702657439,821,0.6886993603411514,0.6276087334247151,0.0610906269164363,1640,0.7100213219616205,0.6451792577449361,0.06484206421668437
2,cartoon,metadata_ridge,1.0,cnn3_art_painting-sketch_seed387_to_cartoon,cnn3_art_painting-sketch_seed387,cnn3,art_painting|sketch,cartoon,387,0.4115138592750533,0.34536406423503935,0.9999999999994684,1.0,0.0793425382294,0.06455612014179907,0,0.4115138592750533,0.34536406423503935,0.06614979504001395,82,0.5373134328358209,0.507834002596667,0.029479430239153892,164,0.5714285714285714,0.529187828244652,0.04224074318391935,410,0.6332622601279317,0.5561253373689512,0.07713692275898054,821,0.6844349680170576,0.5755495223403184,0.10888544567673919,1640,0.7121535181236673,0.5940758349211182,0.11807768320254919
2,cartoon,metadata_ridge,1.0,cnn3_photo-sketch_seed42_to_cartoon,cnn3_photo-sketch_seed42,cnn3,photo|sketch,cartoon,42,0.2985074626865671,0.30799192013051413,1.0,0.9982576976951584,0.0909477681814551,0.0680447836777707,0,0.2985074626865671,0.30799192013051413,0.009484457443947047,82,0.488272921108742,0.4872433563631398,0.001029564745602174,164,0.5245202558635395,0.5105853542097541,0.013934901653785303,410,0.5927505330490405,0.5399490616547096,0.05280147139433089,821,0.650319829424307,0.5610633687030373,0.08925646072126969,1640,0.67590618336887,0.5811531026445256,0.09475308072434441
2,cartoon,metadata_ridge,1.0,cnn3_photo-sketch_seed387_to_cartoon,cnn3_photo-sketch_seed387,cnn3,photo|sketch,cartoon,387,0.3070362473347548,0.26895981570656247,0.9999999999995802,0.9985647928128152,0.0842935359281544,0.0631167338312582,0,0.3070362473347548,0.26895981570656247,0.03807643162819235,82,0.4498933901918976,0.4465358519823246,0.003357538209573019,164,0.5245202558635395,0.4699644456148746,0.05455581024866485,410,0.5842217484008528,0.49955320653750357,0.08466854186334927,821,0.6289978678038379,0.5209138940402919,0.10808397376354606,1640,0.6823027718550106,0.5413075056828137,0.14099526617219693
2,cartoon,metadata_ridge,1.0,resnet18_art_painting_seed42_to_cartoon,resnet18_art_painting_seed42,resnet18,art_painting,cartoon,42,0.3646055437100213,0.3354570129940024,0.9999999999999976,1.0,0.1338443087870703,0.09088847349365312,0,0.3646055437100213,0.3354570129940024,0.029148530716018917,82,0.5842217484008528,0.5552653156745145,0.0289564327263383,164,0.6311300639658849,0.5821895014616539,0.048940562504230956,410,0.7356076759061834,0.6154480782192608,0.12015959768692253,821,0.7697228144989339,0.6389271538654144,0.13079566063351944,1640,0.8187633262260128,0.6609164134215864,0.15784691280442642
2,cartoon,metadata_ridge,1.0,resnet18_art_painting_seed387_to_cartoon,resnet18_art_painting_seed387,resnet18,art_painting,cartoon,387,0.3859275053304904,0.3313428285402745,0.9999999999993684,1.0,0.1273006732153967,0.09061483283479337,0,0.3859275053304904,0.3313428285402745,0.05458467679021589,82,0.5735607675906184,0.5519705456619515,0.021590221928666886,164,0.605543710021322,0.5790150503632163,0.02652865965810569,410,0.7164179104477612,0.6124295411669816,0.10398836928077959,821,0.7953091684434968,0.6360238856323319,0.15928528281116483,1640,0.837953091684435,0.6581252861041184,0.17982780558031664
2,cartoon,metadata_ridge,1.0,resnet18_photo_seed42_to_cartoon,resnet18_photo_seed42,resnet18,photo,cartoon,42,0.2217484008528784,0.21264388444792134,1.0,0.9997938491419408,0.1475774057943583,0.08551368455948374,0,0.2217484008528784,0.21264388444792134,0.009104516404957047,82,0.5437100213219617,0.46034528474777925,0.08336473657418242,164,0.5607675906183369,0.4911283784517687,0.06963921216656821,410,0.673773987206823,0.5293170244855586,0.1444569627212644,821,0.7569296375266524,0.5563934791521896,0.20053615837446281,1640,0.8166311300639659,0.5818463804298598,0.23478474963410612
2,cartoon,metadata_ridge,1.0,resnet18_photo_seed387_to_cartoon,resnet18_photo_seed387,resnet18,photo,cartoon,387,0.3070362473347548,0.27646032265585396,0.99999999999996,0.9989797730625108,0.1238768664939801,0.08879280920110082,0,0.3070362473347548,0.27646032265585396,0.030575924678900857,82,0.535181236673774,0.5109467520251167,0.024234484648657295,164,0.5863539445628998,0.5398315434094986,0.04652240115340123,410,0.6631130063965884,0.5755716509245402,0.08754135547204822,821,0.744136460554371,0.6008452060156282,0.1432912545387428,1640,0.7825159914712153,0.6245494435495247,0.15796654792169063
2,cartoon,metadata_ridge,1.0,resnet18_sketch_seed42_to_cartoon,resnet18_sketch_seed42,resnet18,sketch,cartoon,42,0.3113006396588486,0.27380911088072424,0.9999999999999968,0.9991764975563593,0.1302658754815289,0.10508952497087143,0,0.3113006396588486,0.27380911088072424,0.03749152877812434,82,0.5159914712153518,0.5432624013058339,0.027270930090482093,164,0.5884861407249466,0.5750223764464479,0.013463764278498713,410,0.7036247334754797,0.6138129512564849,0.08981178221899477,821,0.7526652452025586,0.6408858015577443,0.11177944364481429,1640,0.8187633262260128,0.6659927629631622,0.15277056326285054
2,cartoon,metadata_ridge,1.0,resnet18_sketch_seed387_to_cartoon,resnet18_sketch_seed387,resnet18,sketch,cartoon,387,0.2899786780383795,0.27560216577923635,1.0,0.9982255673854048,0.1260954058137275,0.09729216281208475,0,0.2899786780383795,0.27560216577923635,0.01437651225914316,82,0.5181236673773987,0.5281141882004865,0.009990520823087823,164,0.5628997867803838,0.5585136738100516,0.004386112970332201,410,0.6716417910447762,0.5958739998442693,0.07576779120050692,821,0.744136460554371,0.6221130059138349,0.1220234546405361,1640,0.7931769722814499,0.6465783750403138,0.1465985972411361
2,cartoon,metadata_ridge,1.0,resnet18_art_painting-photo_seed42_to_cartoon,resnet18_art_painting-photo_seed42,resnet18,art_painting|photo,cartoon,42,0.4093816631130064,0.3568828867387757,1.0,1.0,0.1213405042653457,0.09401725161097586,0,0.4093816631130064,0.3568828867387757,0.05249877637423067,82,0.6119402985074627,0.5755137585186195,0.036426539988843154,164,0.6545842217484008,0.6020684987616921,0.0525157229867087,410,0.7100213219616205,0.634789006565794,0.07523231539582653,821,0.7611940298507462,0.6578300792779512,0.10336395057279502,1640,0.8038379530916845,0.6793624408262975,0.124475512265387
2,cartoon,metadata_ridge,1.0,resnet18_art_painting-photo_seed387_to_cartoon,resnet18_art_painting-photo_seed387,resnet18,art_painting|photo,cartoon,387,0.4136460554371002,0.38310637928387403,1.0,1.0,0.1193059980670053,0.09494905344096811,0,0.4136460554371002,0.38310637928387403,0.03053967615322617,82,0.579957356076759,0.5944955440503844,0.014538187973625383,164,0.6311300639658849,0.6201061370721068,0.011023926893778069,410,0.7270788912579957,0.6516398471733763,0.07543904408461943,821,0.7654584221748401,0.6738285387556924,0.09162988341914768,1640,0.8251599147121536,0.6945509612405392,0.1306089534716144
2,cartoon,metadata_ridge,1.0,resnet18_art_painting-sketch_seed42_to_cartoon,resnet18_art_painting-sketch_seed42,resnet18,art_painting|sketch,cartoon,42,0.4861407249466951,0.4670718605283535,1.0,1.0,0.1047953507554931,0.10414695708363934,0,0.4861407249466951,0.4670718605283535,0.019068864418341602,82,0.6012793176972282,0.6636414213812916,0.062362103684063364,164,0.6545842217484008,0.6868701664585124,0.03228594471011159,410,0.7249466950959488,0.7152622950173797,0.009684400078569078,821,0.7782515991471215,0.7350928854419603,0.04315871370516122,1640,0.8336886993603412,0.753495485780134,0.08019321358020715
2,cartoon,metadata_ridge,1.0,resnet18_art_painting-sketch_seed387_to_cartoon,resnet18_art_painting-sketch_seed387,resnet18,art_painting|sketch,cartoon,387,0.5671641791044776,0.5275294298787685,0.9999999999999368,1.0,0.0900557847046071,0.10847794590036604,0,0.5671641791044776,0.5275294298787685,0.03963474922570909,82,0.6716417910447762,0.7074520142269874,0.035810223182211276,164,0.6801705756929638,0.7284644737268993,0.04829389803393547,410,0.7420042643923241,0.7540592064306311,0.012054942038306926,821,0.7718550106609808,0.7718736486457061,1.8637984725233814e-05,1640,0.8443496801705757,0.7883557923509616,0.05599388781961401
2,cartoon,metadata_ridge,1.0,resnet18_photo-sketch_seed42_to_cartoon,resnet18_photo-sketch_seed42,resnet18,photo|sketch,cartoon,42,0.4498933901918976,0.42480569459479,0.999999999999705,0.9998768928473564,0.0850271565224604,0.10348014195134228,0,0.4498933901918976,0.42480569459479,0.025087695597107607,82,0.5458422174840085,0.6358485961391271,0.09000637865511862,164,0.5906183368869936,0.6608328924145737,0.07021455552758005,410,0.6631130063965884,0.6913870322579088,0.02827402586132033,821,0.7356076759061834,0.7127391596193886,0.02286851628679476,1640,0.7718550106609808,0.7325628804926003,0.03929213016838051
2,cartoon,metadata_ridge,1.0,resnet18_photo-sketch_seed387_to_cartoon,resnet18_photo-sketch_seed387,resnet18,photo|sketch,cartoon,387,0.4392324093816631,0.40357182889289883,0.9999999999976272,1.0,0.0882088647754134,0.10203685994943983,0,0.4392324093816631,0.40357182889289883,0.03566058048876425,82,0.5415778251599147,0.6200368794619104,0.07845905430199573,164,0.5991471215351812,0.6457637108990485,0.046616589363867256,410,0.6631130063965884,0.6772621240745835,0.014149117677995093,821,0.7164179104477612,0.6992997557322956,0.017118154715465517,1640,0.7867803837953091,0.7197803641905024,0.06700001960480673
2,cartoon,distance_ridge,0.001,cnn3_art_painting_seed42_to_cartoon,cnn3_art_painting_seed42,cnn3,art_painting,cartoon,42,0.3518123667377398,0.3189101763759726,1.0,0.997041813478341,0.0829366496853975,0.09764490871761712,0,0.3518123667377398,0.3189101763759726,0.032902190361767225,82,0.5138592750533049,0.5565622121422066,0.042702937088901716,164,0.5437100213219617,0.5851454204894637,0.04143539916750205,410,0.6162046908315565,0.6202637062890269,0.0040590154574704496,821,0.6396588486140725,0.644921067226577,0.005262218612504532,1640,0.6844349680170576,0.6679060898101339,0.016528878206923725
2,cartoon,distance_ridge,0.001,cnn3_art_painting_seed387_to_cartoon,cnn3_art_painting_seed387,cnn3,art_painting,cartoon,387,0.3432835820895522,0.31246598792094016,0.9999999999798244,0.9958011287087623,0.0820785502974741,0.09238488767006123,0,0.3432835820895522,0.31246598792094016,0.030817594168612017,82,0.5245202558635395,0.5415040532248684,0.016983797361328934,164,0.5479744136460555,0.5694457463162612,0.021471332670205734,410,0.5884861407249466,0.6039200706365355,0.015433929911588873,821,0.6311300639658849,0.6282280891337011,0.0029019748321837957,1640,0.673773987206823,0.6509701220671336,0.02280386513968946
2,cartoon,distance_ridge,0.001,cnn3_photo_seed42_to_cartoon,cnn3_photo_seed42,cnn3,photo,cartoon,42,0.1833688699360341,0.2952292874564209,1.0,0.9945150191273837,0.1020575702927345,0.08691347994289438,0,0.1833688699360341,0.2952292874564209,0.1118604175203868,82,0.4669509594882729,0.5182365910149238,0.05128563152665089,164,0.4904051172707889,0.5458466835527509,0.05544156628196201,410,0.5650319829424307,0.5800607875295705,0.015028804587139732,821,0.5927505330490405,0.6042918841180001,0.011541351068959593,1640,0.6375266524520256,0.6270479785547527,0.010478673897272861
2,cartoon,distance_ridge,0.001,cnn3_photo_seed387_to_cartoon,cnn3_photo_seed387,cnn3,photo,cartoon,387,0.1577825159914712,0.31745756653416074,1.0,0.994765159892256,0.1067637080077372,0.07412256647428597,0,0.1577825159914712,0.31745756653416074,0.15967505054268955,82,0.4626865671641791,0.5066312807730393,0.04394471360886021,164,0.4562899786780384,0.5308694635582978,0.0745794848802594,410,0.5692963752665245,0.5612130736750406,0.00808330159148396,821,0.5948827292110874,0.5829255019755768,0.011957227235510626,1640,0.6588486140724946,0.6034975971915877,0.055351016880906934
2,cartoon,distance_ridge,0.001,cnn3_sketch_seed42_to_cartoon,cnn3_sketch_seed42,cnn3,sketch,cartoon,42,0.2814498933901919,0.26193575513062617,0.9999999999999998,0.9946759490619294,0.0713204160609073,0.09077481884685104,0,0.2814498933901919,0.26193575513062617,0.019514138259565716,82,0.3773987206823028,0.5040550444281735,0.1266563237458707,164,0.4584221748400853,0.5337211808485224,0.07529900600843709,410,0.5415778251599147,0.5703701208467254,0.028792295686810743,821,0.6140724946695096,0.5962450110148464,0.017827483654663245,1640,0.6183368869936035,0.6204799703250476,0.0021430833314441955
2,cartoon,distance_ridge,0.001,cnn3_sketch_seed387_to_cartoon,cnn3_sketch_seed387,cnn3,sketch,cartoon,387,0.2217484008528784,0.23022586137592235,1.0,0.9942637894914131,0.0883527999861967,0.10464808678127438,0,0.2217484008528784,0.23022586137592235,0.008477460523043961,82,0.3837953091684435,0.5131065024845404,0.12931119331609686,164,0.4626865671641791,0.5464891777569519,0.08380261059277283,410,0.5479744136460555,0.5872760067927179,0.03930159314666237,821,0.6076759061833689,0.6157522193751055,0.008076313191736628,1640,0.6588486140724946,0.6421687095629931,0.01667990450950152
2,cartoon,distance_ridge,0.001,cnn3_art_painting-photo_seed42_to_cartoon,cnn3_art_painting-photo_seed42,cnn3,art_painting|photo,cartoon,42,0.2729211087420042,0.2910494967640487,1.0,0.9965387896427345,0.1046336866219455,0.11355638861541176,0,0.2729211087420042,0.2910494967640487,0.018128388022044473,82,0.4989339019189765,0.5694021277703045,0.070468225851328,164,0.5522388059701493,0.601462507323351,0.049223701353201754,410,0.6204690831556503,0.6403567724102085,0.019887689254558194,821,0.652452025586354,0.6673173497467093,0.014865324160355353,1640,0.6993603411513859,0.6921740717146934,0.007186269436692538
2,cartoon,distance_ridge,0.001,cnn3_art_painting-photo_seed387_to_cartoon,cnn3_art_painting-photo_seed387,cnn3,art_painting|photo,cartoon,387,0.326226012793177,0.3155096972202593,1.0,0.9967560332734515,0.0995624296764095,0.10320965438686397,0,0.326226012793177,0.3155096972202593,0.01071631557291769,82,0.5415778251599147,0.5650016126729552,0.023423787513040528,164,0.5756929637526652,0.5945594026196769,0.01886643886701167,410,0.6460554371002132,0.6307144135128565,0.015341023587356672,821,0.67590618336887,0.6559861020159866,0.019920081352883368,1640,0.6780383795309168,0.6794532116747654,0.0014148321438485212
2,cartoon,distance_ridge,0.001,cnn3_art_painting-sketch_seed42_to_cartoon,cnn3_art_painting-sketch_seed42,cnn3,art_painting|sketch,cartoon,42,0.4754797441364605,0.3621782670860294,0.9999999999998992,0.9940552984743889,0.0637905543870421,0.019614643951097396,0,0.4754797441364605,0.3621782670860294,0.11330147705043109,82,0.5437100213219617,0.4146392291176801,0.12907079220428158,164,0.5991471215351812,0.4223958169315424,0.17675130460363886,410,0.6375266524520256,0.432538190734888,0.20498846171713758,821,0.6886993603411514,0.4401208218638461,0.24857853847730532,1640,0.7100213219616205,0.44758148090211447,0.262439841059506
2,cartoon,distance_ridge,0.001,cnn3_art_painting-sketch_seed387_to_cartoon,cnn3_art_painting-sketch_seed387,cnn3,art_painting|sketch,cartoon,387,0.4115138592750533,0.3648189876394686,0.9999999999994684,0.9951401869461785,0.0793425382294,0.03488772471799534,0,0.4115138592750533,0.3648189876394686,0.04669487163558472,82,0.5373134328358209,0.45487168871470546,0.08244174412111543,164,0.5714285714285714,0.4676687533772712,0.10375981805130019,410,0.6332622601279317,0.4841989913995356,0.14906326872839615,821,0.6844349680170576,0.49640654061815315,0.18802842739890446,1640,0.7121535181236673,0.5082914017379435,0.20386211638572382
2,cartoon,distance_ridge,0.001,cnn3_photo-sketch_seed42_to_cartoon,cnn3_photo-sketch_seed42,cnn3,photo|sketch,cartoon,42,0.2985074626865671,0.340290748304399,1.0,0.9944312993096803,0.0909477681814551,0.04216505013897479,0,0.2985074626865671,0.340290748304399,0.0417832856178319,82,0.488272921108742,0.4514897867926909,0.03678313431605107,164,0.5245202558635395,0.46699410715938927,0.05752614870415018,410,0.5927505330490405,0.48690529302887764,0.10584524002016282,821,0.650319829424307,0.5015238790520806,0.14879595037222637,1640,0.67590618336887,0.5156845281904211,0.16022165517844889
2,cartoon,distance_ridge,0.001,cnn3_photo-sketch_seed387_to_cartoon,cnn3_photo-sketch_seed387,cnn3,photo|sketch,cartoon,387,0.3070362473347548,0.3766244334461466,0.9999999999995802,0.9960877112473389,0.0842935359281544,0.037709228178574784,0,0.3070362473347548,0.3766244334461466,0.06958818611139178,82,0.4498933901918976,0.4717047007447528,0.02181131055285518,164,0.5245202558635395,0.4851170576411481,0.039403198222391356,410,0.5842217484008528,0.5024030788766344,0.08181866952421846,821,0.6289978678038379,0.515139847851422,0.11385801995241596,1640,0.6823027718550106,0.527515743851988,0.1547870280030227
2,cartoon,distance_ridge,0.001,resnet18_art_painting_seed42_to_cartoon,resnet18_art_painting_seed42,resnet18,art_painting,cartoon,42,0.3646055437100213,0.3886974760940597,0.9999999999999976,1.0,0.1338443087870703,0.09360485507626394,0,0.3646055437100213,0.3886974760940597,0.024091932384038395,82,0.5842217484008528,0.5957768685442936,0.011555120143440734,164,0.6311300639658849,0.6209566116493922,0.010173452316492693,410,0.7356076759061834,0.6519930606724771,0.08361461523370628,821,0.7697228144989339,0.6738555182328955,0.0958672962660384,1640,0.8187633262260128,0.6942922729286016,0.12447105329741115
2,cartoon,distance_ridge,0.001,resnet18_art_painting_seed387_to_cartoon,resnet18_art_painting_seed387,resnet18,art_painting,cartoon,387,0.3859275053304904,0.3731974984982459,0.9999999999993684,0.9995187964679106,0.1273006732153967,0.10130420733364044,0,0.3859275053304904,0.3731974984982459,0.012730006832244511,82,0.5735607675906184,0.5992179622950591,0.025657194704440722,164,0.605543710021322,0.6261339170163336,0.020590206995011573,410,0.7164179104477612,0.6591074666049885,0.05731044384277262,821,0.7953091684434968,0.6821907916564417,0.11311837678705505,1640,0.837953091684435,0.7036540952646773,0.13429899641975773
2,cartoon,distance_ridge,0.001,resnet18_photo_seed42_to_cartoon,resnet18_photo_seed42,resnet18,photo,cartoon,42,0.2217484008528784,0.3470560333267102,1.0,0.9992078028583555,0.1475774057943583,0.11968670942613732,0,0.2217484008528784,0.3470560333267102,0.1253076324738318,82,0.5437100213219617,0.6149165183770868,0.07120649705512516,164,0.5607675906183369,0.6452550286959335,0.08448743807759662,410,0.673773987206823,0.681881150319957,0.008107163113133975,821,0.7569296375266524,0.7071443193868876,0.049785318139764834,1640,0.8166311300639659,0.7303374541048122,0.08629367595915372
2,cartoon,distance_ridge,0.001,resnet18_photo_seed387_to_cartoon,resnet18_photo_seed387,resnet18,photo,cartoon,387,0.3070362473347548,0.3534673033793877,0.99999999999996,0.9989773311334248,0.1238768664939801,0.1142895468407994,0,0.3070362473347548,0.3534673033793877,0.04643105604463288,82,0.535181236673774,0.6094190618242112,0.0742378251504372,164,0.5863539445628998,0.6388403181648021,0.052486373601902336,410,0.6631130063965884,0.6745120774531144,0.011399071056525933,821,0.744136460554371,0.699224278806407,0.044912181747963964,1640,0.7825159914712153,0.7219965150718721,0.060519476399343186
2,cartoon,distance_ridge,0.001,resnet18_sketch_seed42_to_cartoon,resnet18_sketch_seed42,resnet18,sketch,cartoon,42,0.3113006396588486,0.30663675364731335,0.9999999999999968,1.0,0.1302658754815289,0.12994191134117683,0,0.3113006396588486,0.30663675364731335,0.004663886011535223,82,0.5159914712153518,0.609525981792855,0.09353451057750317,164,0.5884861407249466,0.642877909756546,0.05439176903159937,410,0.7036247334754797,0.6828145809564454,0.020810152519034286,821,0.7526652452025586,0.7101343176098068,0.04253092759275179,1640,0.8187633262260128,0.7350380796355964,0.08372524659041636
2,cartoon,distance_ridge,0.001,resnet18_sketch_seed387_to_cartoon,resnet18_sketch_seed387,resnet18,sketch,cartoon,387,0.2899786780383795,0.3413309004288049,1.0,0.9992676669714367,0.1260954058137275,0.122885336115423,0,0.2899786780383795,0.3413309004288049,0.05135222239042536,82,0.5181236673773987,0.61700877225851,0.09888510488111135,164,0.5628997867803838,0.6479597829349103,0.08505999615452653,410,0.6716417910447762,0.6852303015070291,0.013588510462252956,821,0.744136460554371,0.7108717196979633,0.03326474085640774,1640,0.7931769722814499,0.7343600429103099,0.058816929371140025
2,cartoon,distance_ridge,0.001,resnet18_art_painting-photo_seed42_to_cartoon,resnet18_art_painting-photo_seed42,resnet18,art_painting|photo,cartoon,42,0.4093816631130064,0.3772396259751657,1.0,0.9997940682670933,0.1213405042653457,0.10271901215862422,0,0.4093816631130064,0.3772396259751657,0.032142037137840695,82,0.6119402985074627,0.6043805338271944,0.0075597646802683105,164,0.6545842217484008,0.6313262386935345,0.02325798305486626,410,0.7100213219616205,0.6642990416747276,0.04572228028689285,821,0.7611940298507462,0.687355540473297,0.07383848937744919,1640,0.8038379530916845,0.7087729139476817,0.09506503914400277
2,cartoon,distance_ridge,0.001,resnet18_art_painting-photo_seed387_to_cartoon,resnet18_art_painting-photo_seed387,resnet18,art_painting|photo,cartoon,387,0.4136460554371002,0.37286746818141225,1.0,0.9997359241320545,0.1193059980670053,0.10997361156555037,0,0.4136460554371002,0.37286746818141225,0.04077858725568795,82,0.579957356076759,0.6141435218455943,0.034186165768835264,164,0.6311300639658849,0.6422065746282017,0.011076510662316852,410,0.7270788912579957,0.6763487499168177,0.05073014134117804,821,0.7654584221748401,0.7000837482272736,0.06537467394756646,1640,0.8251599147121536,0.7220209389358138,0.10313897577633979
2,cartoon,distance_ridge,0.001,resnet18_art_painting-sketch_seed42_to_cartoon,resnet18_art_painting-sketch_seed42,resnet18,art_painting|sketch,cartoon,42,0.4861407249466951,0.4298544827470031,1.0,1.0,0.1047953507554931,0.05974150018491653,0,0.4861407249466951,0.4298544827470031,0.05628624219969197,82,0.6012793176972282,0.5621381478018268,0.039141169895401395,164,0.6545842217484008,0.5797478958403197,0.07483632590808109,410,0.7249466950959488,0.6020478252830811,0.12289886981286768,821,0.7782515991471215,0.6181903516664506,0.16006124748067085,1640,0.8336886993603412,0.6336380987346795,0.2000506006256617
2,cartoon,distance_ridge,0.001,resnet18_art_painting-sketch_seed387_to_cartoon,resnet18_art_painting-sketch_seed387,resnet18,art_painting|sketch,cartoon,387,0.5671641791044776,0.43312955458568475,0.9999999999999368,1.0,0.0900557847046071,0.054490048471932895,0,0.5671641791044776,0.43312955458568475,0.13403462451879283,82,0.6716417910447762,0.554432857882723,0.11720893316205316,164,0.6801705756929638,0.5708066271563245,0.10936394853663933,410,0.7420042643923241,0.5916284791870907,0.15037578520523343,821,0.7718550106609808,0.6067648705105164,0.16509014015046442,1640,0.8443496801705757,0.6213025396730032,0.22304714049757246
2,cartoon,distance_ridge,0.001,resnet18_photo-sketch_seed42_to_cartoon,resnet18_photo-sketch_seed42,resnet18,photo|sketch,cartoon,42,0.4498933901918976,0.4156034828664862,0.999999999999705,1.0,0.0850271565224604,0.07307319379782329,0,0.4498933901918976,0.4156034828664862,0.03428990732541143,82,0.5458422174840085,0.5768693807075843,0.031027163223575793,164,0.5906183368869936,0.5975897957279896,0.0069714588409960365,410,0.6631130063965884,0.6235512590428111,0.03956174735377738,821,0.7356076759061834,0.6421437342295834,0.0934639416766,1640,0.7718550106609808,0.6597725371446406,0.11208247351634026
2,cartoon,distance_ridge,0.001,resnet18_photo-sketch_seed387_to_cartoon,resnet18_photo-sketch_seed387,resnet18,photo|sketch,cartoon,387,0.4392324093816631,0.4037668458788491,0.9999999999976272,1.0,0.0882088647754134,0.07876398277003592,0,0.4392324093816631,0.4037668458788491,0.03546556350281399,82,0.5415778251599147,0.5790195888516121,0.03744176369169738,164,0.5991471215351812,0.6011971488336514,0.0020500272984701473,410,0.6631130063965884,0.6288584907210452,0.03425451567554327,821,0.7164179104477612,0.6485777879467326,0.06784012250102855,1640,0.7867803837953091,0.6672014964032345,0.11957888739207467
2,cartoon,metadata_distance_ridge,1.0,cnn3_art_painting_seed42_to_cartoon,cnn3_art_painting_seed42,cnn3,art_painting,cartoon,42,0.3518123667377398,0.32487408782572463,1.0,1.0,0.0829366496853975,0.07212615394761067,0,0.3518123667377398,0.32487408782572463,0.026938278912015168,82,0.5138592750533049,0.5091271013404832,0.004732173712821641,164,0.5437100213219617,0.5328609332872163,0.01084908803474538,410,0.6162046908315565,0.5626205043713429,0.05358418646021357,821,0.6396588486140725,0.5839492745352401,0.05570957407883237,1640,0.6844349680170576,0.6041858091585931,0.08024915885846451
2,cartoon,metadata_distance_ridge,1.0,cnn3_art_painting_seed387_to_cartoon,cnn3_art_painting_seed387,cnn3,art_painting,cartoon,387,0.3432835820895522,0.3371562618454763,0.9999999999798244,1.0,0.0820785502974741,0.0673730958078607,0,0.3432835820895522,0.3371562618454763,0.006127320244075862,82,0.5245202558635395,0.5078279740008277,0.016692281862711766,164,0.5479744136460555,0.5300924751316243,0.017881938514431206,410,0.5884861407249466,0.5581157296174941,0.030370411107452533,821,0.6311300639658849,0.5782770656761844,0.05285299828970047,1640,0.673773987206823,0.5974689932934456,0.07630499391337742
2,cartoon,metadata_distance_ridge,1.0,cnn3_photo_seed42_to_cartoon,cnn3_photo_seed42,cnn3,photo,cartoon,42,0.1833688699360341,0.1687162289437942,1.0,0.9956136277596318,0.1020575702927345,0.05478622517778095,0,0.1833688699360341,0.1687162289437942,0.014652640992239896,82,0.4669509594882729,0.3465121748031929,0.12043878468508001,164,0.4904051172707889,0.37049268180734063,0.11991243546344826,410,0.5650319829424307,0.4009805020571412,0.16405148088528954,821,0.5927505330490405,0.42313826363889373,0.16961226941014673,1640,0.6375266524520256,0.44441520894260955,0.193111443509416
2,cartoon,metadata_distance_ridge,1.0,cnn3_photo_seed387_to_cartoon,cnn3_photo_seed387,cnn3,photo,cartoon,387,0.1577825159914712,0.14660429756989493,1.0,0.9940956317072468,0.1067637080077372,0.0466433244473117,0,0.1577825159914712,0.14660429756989493,0.011178218421576264,82,0.4626865671641791,0.3044546141167457,0.15823195304743343,164,0.4562899786780384,0.3262063975575872,0.1300835811204512,410,0.5692963752665245,0.3540410747440601,0.21525530052246444,821,0.5948827292110874,0.37440353954012584,0.22047918967096158,1640,0.6588486140724946,0.39406708398540535,0.26478153008708927
2,cartoon,metadata_distance_ridge,1.0,cnn3_sketch_seed42_to_cartoon,cnn3_sketch_seed42,cnn3,sketch,cartoon,42,0.2814498933901919,0.21313253387539466,0.9999999999999998,0.9962125306431096,0.0713204160609073,0.061596401192794775,0,0.2814498933901919,0.21313253387539466,0.06831735951479723,82,0.3773987206823028,0.39972986625723406,0.022331145574931266,164,0.4584221748400853,0.42444814580454643,0.033974029035538866,410,0.5415778251599147,0.4557035915396245,0.08587423362029023,821,0.6140724946695096,0.478295113230775,0.13577738143873463,1640,0.6183368869936035,0.49988654659047393,0.11845034040312952
2,cartoon,metadata_distance_ridge,1.0,cnn3_sketch_seed387_to_cartoon,cnn3_sketch_seed387,cnn3,sketch,cartoon,387,0.2217484008528784,0.19327591514050302,1.0,0.9967966620681504,0.0883527999861967,0.06241505484091342,0,0.2217484008528784,0.19327591514050302,0.028472485712375373,82,0.3837953091684435,0.38695410135111297,0.0031587921826694565,164,0.4626865671641791,0.4125547449058842,0.050131822258294934,410,0.5479744136460555,0.444904769670793,0.10306964397526247,821,0.6076759061833689,0.4682720569704453,0.13940384921292354,1640,0.6588486140724946,0.4905922614316188,0.1682563526408758
2,cartoon,metadata_distance_ridge,1.0,cnn3_art_painting-photo_seed42_to_cartoon,cnn3_art_painting-photo_seed42,cnn3,art_painting|photo,cartoon,42,0.2729211087420042,0.2831711246292068,1.0,1.0,0.1046336866219455,0.06818498012956209,0,0.2729211087420042,0.2831711246292068,0.01025001588720259,82,0.4989339019189765,0.4696492471252255,0.02928465479375103,164,0.5522388059701493,0.4939232417701339,0.05831556420001538,410,0.6204690831556503,0.524455964832355,0.09601311832329529,821,0.652452025586354,0.5464083884903265,0.10604363709602749,1640,0.6993603411513859,0.5672935423608045,0.13206679879058136
2,cartoon,metadata_distance_ridge,1.0,cnn3_art_painting-photo_seed387_to_cartoon,cnn3_art_painting-photo_seed387,cnn3,art_painting|photo,cartoon,387,0.326226012793177,0.2674203995906333,1.0,1.0,0.0995624296764095,0.06291218586328749,0,0.326226012793177,0.2674203995906333,0.05880561320254368,82,0.5415778251599147,0.445219198838405,0.09635862632150971,164,0.5756929637526652,0.4686899156341316,0.10700304811853362,410,0.6460554371002132,0.4983367140399698,0.14771872306024336,821,0.67590618336887,0.5197428232635614,0.15616336010530862,1640,0.6780383795309168,0.5401826942557866,0.13785568527513026
2,cartoon,metadata_distance_ridge,1.0,cnn3_art_painting-sketch_seed42_to_cartoon,cnn3_art_painting-sketch_seed42,cnn3,art_painting|sketch,cartoon,42,0.4754797441364605,0.3900809550864418,0.9999999999998992,0.9942369645977799,0.0637905543870421,0.03929832432955935,0,0.4754797441364605,0.3900809550864418,0.08539878905001869,82,0.5437100213219617,0.486390367829238,0.057319653492723666,164,0.5991471215351812,0.49991979383983287,0.09922732769534837,410,0.6375266524520256,0.5173345776975314,0.12019207475449412,821,0.6886993603411514,0.5301498379184475,0.15854952242270393,1640,0.7100213219616205,0.5425883109235119,0.1674330110381086
2,cartoon,metadata_distance_ridge,1.0,cnn3_art_painting-sketch_seed387_to_cartoon,cnn3_art_painting-sketch_seed387,cnn3,art_painting|sketch,cartoon,387,0.4115138592750533,0.32717675091223203,0.9999999999994684,0.9971894661051696,0.0793425382294,0.037239054795830374,0,0.4115138592750533,0.32717675091223203,0.08433710836282127,82,0.5373134328358209,0.4288361603194133,0.1084772725164076,164,0.5714285714285714,0.44319421936574843,0.12823435206282296,410,0.6332622601279317,0.46170602473619815,0.1715562353917336,821,0.6844349680170576,0.4753511389805716,0.20908382903648604,1640,0.7121535181236673,0.488613959951324,0.22353955817234333
2,cartoon,metadata_distance_ridge,1.0,cnn3_photo-sketch_seed42_to_cartoon,cnn3_photo-sketch_seed42,cnn3,photo|sketch,cartoon,42,0.2985074626865671,0.2895837424627963,1.0,0.9946236643571252,0.0909477681814551,0.0401495247842273,0,0.2985074626865671,0.2895837424627963,0.008923720223770804,82,0.488272921108742,0.4042001634761778,0.08407275763256417,164,0.5245202558635395,0.4202655217010889,0.10425473416245057,410,0.5927505330490405,0.44093044894064926,0.1518200841083912,821,0.650319829424307,0.45612703316142067,0.19419279626288632,1640,0.67590618336887,0.4708681272338052,0.20503805613506476
2,cartoon,metadata_distance_ridge,1.0,cnn3_photo-sketch_seed387_to_cartoon,cnn3_photo-sketch_seed387,cnn3,photo|sketch,cartoon,387,0.3070362473347548,0.2466645789541419,0.9999999999995802,0.9957660964799326,0.0842935359281544,0.035251698727474946,0,0.3070362473347548,0.2466645789541419,0.06037166838061292,82,0.4498933901918976,0.35471903445600783,0.09517435573588978,164,0.5245202558635395,0.37005969104281317,0.1544605648207263,410,0.5842217484008528,0.38986977971128306,0.19435196868956978,821,0.6289978678038379,0.404495212214642,0.2245026555891959,1640,0.6823027718550106,0.41873045639832995,0.2635723154566807
2,cartoon,metadata_distance_ridge,1.0,resnet18_art_painting_seed42_to_cartoon,resnet18_art_painting_seed42,resnet18,art_painting,cartoon,42,0.3646055437100213,0.3303958292219511,0.9999999999999976,1.0,0.1338443087870703,0.08826005322999853,0,0.3646055437100213,0.3303958292219511,0.0342097144880702,82,0.5842217484008528,0.5466431151183325,0.03757863328252031,164,0.6311300639658849,0.5733193980210087,0.05781066594487616,410,0.7356076759061834,0.6063408668972542,0.12926680900892917,821,0.7697228144989339,0.6297019642647534,0.14002085023418043,1640,0.8187633262260128,0.6516205769507568,0.16714274927525596
2,cartoon,metadata_distance_ridge,1.0,resnet18_art_painting_seed387_to_cartoon,resnet18_art_painting_seed387,resnet18,art_painting,cartoon,387,0.3859275053304904,0.3276997954747556,0.9999999999993684,1.0,0.1273006732153967,0.09037410694512954,0,0.3859275053304904,0.3276997954747556,0.05822770985573483,82,0.5735607675906184,0.5490501211170512,0.024510646473567155,164,0.605543710021322,0.5762008198217929,0.02934289019952907,410,0.7164179104477612,0.6097529551684402,0.10666495527932096,821,0.7953091684434968,0.633449086639899,0.1618600818035978,1640,0.837953091684435,0.655649532739472,0.18230355894496297
2,cartoon,metadata_distance_ridge,1.0,resnet18_photo_seed42_to_cartoon,resnet18_photo_seed42,resnet18,photo,cartoon,42,0.2217484008528784,0.21363819822491956,1.0,0.9998713743420861,0.1475774057943583,0.09256279355459687,0,0.2217484008528784,0.21363819822491956,0.008110202627958835,82,0.5437100213219617,0.47757605215061705,0.06613396917134462,164,0.5607675906183369,0.5097599149627554,0.05100767565558151,410,0.673773987206823,0.549462576983693,0.12431141022312997,821,0.7569296375266524,0.5774531105586994,0.17947652696795302,1640,0.8166311300639659,0.6036371964779556,0.21299393358601038
2,cartoon,metadata_distance_ridge,1.0,resnet18_photo_seed387_to_cartoon,resnet18_photo_seed387,resnet18,photo,cartoon,387,0.3070362473347548,0.27988020891748905,0.99999999999996,0.9990232771868351,0.1238768664939801,0.0950518987216803,0,0.3070362473347548,0.27988020891748905,0.02715603841726577,82,0.535181236673774,0.5265216785430755,0.00865955813069852,164,0.5863539445628998,0.5563949142310525,0.029959030331847325,410,0.6631130063965884,0.5931740992992338,0.06993890709735462,821,0.744136460554371,0.619051624424674,0.125084836129697,1640,0.7825159914712153,0.643217395078161,0.1392985963930543
2,cartoon,metadata_distance_ridge,1.0,resnet18_sketch_seed42_to_cartoon,resnet18_sketch_seed42,resnet18,sketch,cartoon,42,0.3113006396588486,0.275199064778909,0.9999999999999968,1.0,0.1302658754815289,0.11921655980618541,0,0.3113006396588486,0.275199064778909,0.03610157487993959,82,0.5159914712153518,0.5720107538490383,0.056019282633686496,164,0.5884861407249466,0.6056717078795764,0.01718556715462971,410,0.7036247334754797,0.6463240610645133,0.05730067241096637,821,0.7526652452025586,0.6743749894739846,0.07829025572857407,1640,0.8187633262260128,0.7001358407143061,0.11862748551170665
2,cartoon,metadata_distance_ridge,1.0,resnet18_sketch_seed387_to_cartoon,resnet18_sketch_seed387,resnet18,sketch,cartoon,387,0.2899786780383795,0.2717849107449296,1.0,0.9981705910059779,0.1260954058137275,0.09917811740858473,0,0.2899786780383795,0.2717849107449296,0.018193767293449903,82,0.5181236673773987,0.5295334318431548,0.011409764465756145,164,0.5628997867803838,0.5604052331807101,0.0024945535996736545,410,0.6716417910447762,0.598289044573072,0.0733527464717042,821,0.744136460554371,0.6248553037001952,0.11928115685417584,1640,0.7931769722814499,0.6495934867779727,0.14358348550347722
2,cartoon,metadata_distance_ridge,1.0,resnet18_art_painting-photo_seed42_to_cartoon,resnet18_art_painting-photo_seed42,resnet18,art_painting|photo,cartoon,42,0.4093816631130064,0.35175987945728854,1.0,1.0,0.1213405042653457,0.09131079365781218,0,0.4093816631130064,0.35175987945728854,0.05762178365571785,82,0.6119402985074627,0.5669845792277725,0.04495571927969022,164,0.6545842217484008,0.5933173097606286,0.06126691198777223,410,0.7100213219616205,0.6258343323424784,0.08418698961914206,821,0.7611940298507462,0.6487820953509165,0.11241193449982978,1640,0.8038379530916845,0.6702674733904529,0.1335704797012316
2,cartoon,metadata_distance_ridge,1.0,resnet18_art_painting-photo_seed387_to_cartoon,resnet18_art_painting-photo_seed387,resnet18,art_painting|photo,cartoon,387,0.4136460554371002,0.379430408512712,1.0,1.0,0.1193059980670053,0.09611073995218247,0,0.4136460554371002,0.379430408512712,0.03421564692438822,82,0.579957356076759,0.5941678251532675,0.01421046907650847,164,0.6311300639658849,0.620102471470208,0.011027592495676863,410,0.7270788912579957,0.6520056288013569,0.07507326245663881,821,0.7654584221748401,0.6744332803563358,0.0910251418185043,1640,0.8251599147121536,0.6953620346031408,0.12979788010901272
2,cartoon,metadata_distance_ridge,1.0,resnet18_art_painting-sketch_seed42_to_cartoon,resnet18_art_painting-sketch_seed42,resnet18,art_painting|sketch,cartoon,42,0.4861407249466951,0.45735933246158395,1.0,1.0,0.1047953507554931,0.08485510334383169,0,0.4861407249466951,0.45735933246158395,0.028781392485111135,82,0.6012793176972282,0.6270344073918327,0.025755089694604494,164,0.6545842217484008,0.6481581390630373,0.006426082685363488,410,0.7249466950959488,0.6743774144688474,0.05056928062710142,821,0.7782515991471215,0.6929772276212458,0.08527437152587569,1640,0.8336886993603412,0.7104697352904576,0.12321896406988353
2,cartoon,metadata_distance_ridge,1.0,resnet18_art_painting-sketch_seed387_to_cartoon,resnet18_art_painting-sketch_seed387,resnet18,art_painting|sketch,cartoon,387,0.5671641791044776,0.5198078746533865,0.9999999999999368,1.0,0.0900557847046071,0.0893372837259663,0,0.5671641791044776,0.5198078746533865,0.04735630445109107,82,0.6716417910447762,0.6764288370879741,0.004787046043197907,164,0.6801705756929638,0.6956936313714844,0.015523055678520636,410,0.7420042643923241,0.7195202540726806,0.022484010319643533,821,0.7718550106609808,0.7363618210066241,0.03549318965435677,1640,0.8443496801705757,0.7521516875167613,0.09219799265381434
2,cartoon,metadata_distance_ridge,1.0,resnet18_photo-sketch_seed42_to_cartoon,resnet18_photo-sketch_seed42,resnet18,photo|sketch,cartoon,42,0.4498933901918976,0.41584259971476784,0.999999999999705,0.9992899329870849,0.0850271565224604,0.08745998039195174,0,0.4498933901918976,0.41584259971476784,0.03405079047712978,82,0.5458422174840085,0.6028666746233986,0.05702445713939008,164,0.5906183368869936,0.6259877265265698,0.03536938963957614,410,0.6631130063965884,0.6546265831367829,0.008486423259805531,821,0.7356076759061834,0.6749002545710867,0.060707421335096656,1640,0.7718550106609808,0.693932619740651,0.07792239092032982
2,cartoon,metadata_distance_ridge,1.0,resnet18_photo-sketch_seed387_to_cartoon,resnet18_photo-sketch_seed387,resnet18,photo|sketch,cartoon,387,0.4392324093816631,0.39432534351801285,0.9999999999976272,0.9993979937078108,0.0882088647754134,0.08628257598050323,0,0.4392324093816631,0.39432534351801285,0.04490706586365023,82,0.5415778251599147,0.5861368992052687,0.044559074045353975,164,0.5991471215351812,0.6099250473740124,0.010777925838831193,410,0.6631130063965884,0.6394178737973879,0.02369513259920053,821,0.7164179104477612,0.6603158861692722,0.05610202427848898,1640,0.7867803837953091,0.6799503622127661,0.10683002158254307
3,photo,mean_curve,,cnn3_art_painting_seed42_to_photo,cnn3_art_painting_seed42,cnn3,art_painting,photo,42,0.4580838323353293,0.28893172005581924,1.0,0.9987051752360809,0.0704769098739613,0.09354277888644266,0,0.4580838323353293,0.28893172005581924,0.16915211227951005,58,0.5778443113772455,0.5140092876360558,0.06383502374118966,117,0.5808383233532934,0.5444392590961644,0.03639906425712902,292,0.6107784431137725,0.5814880745335788,0.029290368580193737,585,0.688622754491018,0.6076816214396816,0.08094113305133632,1169,0.6976047904191617,0.6321721414839576,0.06543264893520406
3,photo,mean_curve,,cnn3_art_painting_seed387_to_photo,cnn3_art_painting_seed387,cnn3,art_painting,photo,387,0.4431137724550898,0.28893172005581924,1.0,0.9987051752360809,0.0617726027191434,0.09354277888644266,0,0.4431137724550898,0.28893172005581924,0.15418205239927057,58,0.4820359281437126,0.5140092876360558,0.0319733594923432,117,0.5508982035928144,0.5444392590961644,0.006458944496649965,292,0.6227544910179641,0.5814880745335788,0.04126641648438534,585,0.6437125748502994,0.6076816214396816,0.036030953410617794,1169,0.6946107784431138,0.6321721414839576,0.06243863695915619
3,photo,mean_curve,,cnn3_cartoon_seed42_to_photo,cnn3_cartoon_seed42,cnn3,cartoon,photo,42,0.311377245508982,0.28893172005581924,1.0,0.9987051752360809,0.0838638320777813,0.09354277888644266,0,0.311377245508982,0.28893172005581924,0.02244552545316275,58,0.4880239520958084,0.5140092876360558,0.0259853355402474,117,0.5059880239520959,0.5444392590961644,0.03845123514406856,292,0.5688622754491018,0.5814880745335788,0.012625799084476919,585,0.6227544910179641,0.6076816214396816,0.015072869578282466,1169,0.6407185628742516,0.6321721414839576,0.008546421390293935
3,photo,mean_curve,,cnn3_cartoon_seed387_to_photo,cnn3_cartoon_seed387,cnn3,cartoon,photo,387,0.3982035928143712,0.28893172005581924,0.999999999999751,0.9987051752360809,0.0550221952466121,0.09354277888644266,0,0.3982035928143712,0.28893172005581924,0.10927187275855194,58,0.4700598802395209,0.5140092876360558,0.04394940739653491,117,0.5029940119760479,0.5444392590961644,0.041445247120116546,292,0.5299401197604791,0.5814880745335788,0.0515479547730997,585,0.5898203592814372,0.6076816214396816,0.017861262158244462,1169,0.6646706586826348,0.6321721414839576,0.032498517198677135
3,photo,mean_curve,,cnn3_sketch_seed42_to_photo,cnn3_sketch_seed42,cnn3,sketch,photo,42,0.092814371257485,0.28893172005581924,1.0,0.9987051752360809,0.0840409401656937,0.09354277888644266,0,0.092814371257485,0.28893172005581924,0.19611734879833426,58,0.2155688622754491,0.5140092876360558,0.29844042536060666,117,0.344311377245509,0.5444392590961644,0.20012788185065544,292,0.4311377245508982,0.5814880745335788,0.15035034998268054,585,0.5299401197604791,0.6076816214396816,0.07774150167920257,1169,0.5898203592814372,0.6321721414839576,0.04235178220252045
3,photo,mean_curve,,cnn3_sketch_seed387_to_photo,cnn3_sketch_seed387,cnn3,sketch,photo,387,0.092814371257485,0.28893172005581924,0.9999999999999998,0.9987051752360809,0.0919913888809563,0.09354277888644266,0,0.092814371257485,0.28893172005581924,0.19611734879833426,58,0.2634730538922156,0.5140092876360558,0.2505362337438402,117,0.3502994011976048,0.5444392590961644,0.19413985789855964,292,0.4610778443113772,0.5814880745335788,0.12041023022220154,585,0.5538922155688623,0.6076816214396816,0.05378940587081937,1169,0.6107784431137725,0.6321721414839576,0.02139369837018512
3,photo,mean_curve,,cnn3_art_painting-cartoon_seed42_to_photo,cnn3_art_painting-cartoon_seed42,cnn3,art_painting|cartoon,photo,42,0.4341317365269461,0.28893172005581924,0.9999999999999288,0.9987051752360809,0.0834302618695599,0.09354277888644266,0,0.4341317365269461,0.28893172005581924,0.14520001647112685,58,0.562874251497006,0.5140092876360558,0.048864963860950184,117,0.562874251497006,0.5444392590961644,0.018434992400841566,292,0.6437125748502994,0.5814880745335788,0.062224500316720666,585,0.7065868263473054,0.6076816214396816,0.09890520490762378,1169,0.7245508982035929,0.6321721414839576,0.09237875671963525
3,photo,mean_curve,,cnn3_art_painting-cartoon_seed387_to_photo,cnn3_art_painting-cartoon_seed387,cnn3,art_painting|cartoon,photo,387,0.4700598802395209,0.28893172005581924,0.9999999999993554,0.9987051752360809,0.0762310681486096,0.09354277888644266,0,0.4700598802395209,0.28893172005581924,0.18112816018370165,58,0.5868263473053892,0.5140092876360558,0.07281705966933338,117,0.5778443113772455,0.5444392590961644,0.03340505228108104,292,0.6586826347305389,0.5814880745335788,0.07719456019696014,585,0.7005988023952096,0.6076816214396816,0.09291718095552792,1169,0.7245508982035929,0.6321721414839576,0.09237875671963525
3,photo,mean_curve,,cnn3_art_painting-sketch_seed42_to_photo,cnn3_art_painting-sketch_seed42,cnn3,art_painting|sketch,photo,42,0.5179640718562875,0.28893172005581924,0.9999999999999984,0.9987051752360809,0.0527974447618132,0.09354277888644266,0,0.5179640718562875,0.28893172005581924,0.22903235180046821,58,0.5508982035928144,0.5140092876360558,0.03688891595675858,117,0.5898203592814372,0.5444392590961644,0.04538110018527275,292,0.625748502994012,0.5814880745335788,0.04426042846043321,585,0.6676646706586826,0.6076816214396816,0.059983049219000995,1169,0.7395209580838323,0.6321721414839576,0.10734881659987472
3,photo,mean_curve,,cnn3_art_painting-sketch_seed387_to_photo,cnn3_art_painting-sketch_seed387,cnn3,art_painting|sketch,photo,387,0.467065868263473,0.28893172005581924,0.9999999999999454,0.9987051752360809,0.0640053530307313,0.09354277888644266,0,0.467065868263473,0.28893172005581924,0.17813414820765378,58,0.5149700598802395,0.5140092876360558,0.0009607722441836719,117,0.5449101796407185,0.5444392590961644,0.0004709205445541098,292,0.6317365269461078,0.5814880745335788,0.050248452412529065,585,0.6766467065868264,0.6076816214396816,0.06896508514714472,1169,0.7305389221556886,0.6321721414839576,0.09836678067173099
3,photo,mean_curve,,cnn3_cartoon-sketch_seed42_to_photo,cnn3_cartoon-sketch_seed42,cnn3,cartoon|sketch,photo,42,0.3323353293413174,0.28893172005581924,1.0,0.9987051752360809,0.0812078032065945,0.09354277888644266,0,0.3323353293413174,0.28893172005581924,0.043403609285498135,58,0.4550898203592814,0.5140092876360558,0.058919467276774384,117,0.5,0.5444392590961644,0.04443925909616442,292,0.5718562874251497,0.5814880745335788,0.009631787108429046,585,0.6407185628742516,0.6076816214396816,0.03303694143456992,1169,0.6796407185628742,0.6321721414839576,0.04746857707891661
3,photo,mean_curve,,cnn3_cartoon-sketch_seed387_to_photo,cnn3_cartoon-sketch_seed387,cnn3,cartoon|sketch,photo,387,0.3562874251497006,0.28893172005581924,0.9999999999999998,0.9987051752360809,0.095190554423842,0.09354277888644266,0,0.3562874251497006,0.28893172005581924,0.06735570509388134,58,0.5269461077844312,0.5140092876360558,0.012936820148375383,117,0.5568862275449101,0.5444392590961644,0.01244696844874571,292,0.6197604790419161,0.5814880745335788,0.038272404508337354,585,0.6766467065868264,0.6076816214396816,0.06896508514714472,1169,0.7065868263473054,0.6321721414839576,0.07441468486334779
3,photo,mean_curve,,resnet18_art_painting_seed42_to_photo,resnet18_art_painting_seed42,resnet18,art_painting,photo,42,0.5808383233532934,0.28893172005581924,0.999999999999996,0.9987051752360809,0.0778822888707355,0.09354277888644266,0,0.5808383233532934,0.28893172005581924,0.2919066032974742,58,0.6467065868263473,0.5140092876360558,0.1326972991902915,117,0.6826347305389222,0.5444392590961644,0.1381954714427578,292,0.7305389221556886,0.5814880745335788,0.14905084762210985,585,0.781437125748503,0.6076816214396816,0.17375550430882136,1169,0.781437125748503,0.6321721414839576,0.14926498426454538
3,photo,mean_curve,,resnet18_art_painting_seed387_to_photo,resnet18_art_painting_seed387,resnet18,art_painting,photo,387,0.592814371257485,0.28893172005581924,0.9999999999984106,0.9987051752360809,0.0862815715456779,0.09354277888644266,0,0.592814371257485,0.28893172005581924,0.3038826512016658,58,0.6766467065868264,0.5140092876360558,0.16263741895077055,117,0.6976047904191617,0.5444392590961644,0.15316553132299726,292,0.7574850299401198,0.5814880745335788,0.17599695540654103,585,0.7874251497005988,0.6076816214396816,0.17974352826091722,1169,0.8053892215568862,0.6321721414839576,0.17321708007292858
3,photo,mean_curve,,resnet18_cartoon_seed42_to_photo,resnet18_cartoon_seed42,resnet18,cartoon,photo,42,0.4790419161676646,0.28893172005581924,1.0,0.9987051752360809,0.0908404715293216,0.09354277888644266,0,0.4790419161676646,0.28893172005581924,0.19011019611184538,58,0.5598802395209581,0.5140092876360558,0.04587095188490231,117,0.5988023952095808,0.5444392590961644,0.054363136113416366,292,0.7065868263473054,0.5814880745335788,0.12509875181372665,585,0.7455089820359282,0.6076816214396816,0.13782736059624656,1169,0.7874251497005988,0.6321721414839576,0.15525300821664123
3,photo,mean_curve,,resnet18_cartoon_seed387_to_photo,resnet18_cartoon_seed387,resnet18,cartoon,photo,387,0.4850299401197604,0.28893172005581924,0.9999999999999826,0.9987051752360809,0.0938519075304662,0.09354277888644266,0,0.4850299401197604,0.28893172005581924,0.19609822006394118,58,0.5898203592814372,0.5140092876360558,0.07581107164538137,117,0.625748502994012,0.5444392590961644,0.08130924389784755,292,0.6946107784431138,0.5814880745335788,0.11312270390953505,585,0.7604790419161677,0.6076816214396816,0.15279742047648603,1169,0.7784431137724551,0.6321721414839576,0.1462709722884975
3,photo,mean_curve,,resnet18_sketch_seed42_to_photo,resnet18_sketch_seed42,resnet18,sketch,photo,42,0.1676646706586826,0.28893172005581924,1.0,0.9987051752360809,0.1615741283528092,0.09354277888644266,0,0.1676646706586826,0.28893172005581924,0.12126704939713664,58,0.4790419161676646,0.5140092876360558,0.034967371468391184,117,0.5688622754491018,0.5444392590961644,0.02442301635293742,292,0.6826347305389222,0.5814880745335788,0.10114665600534345,585,0.7485029940119761,0.6076816214396816,0.14082137257229443,1169,0.8023952095808383,0.6321721414839576,0.1702230680968807
3,photo,mean_curve,,resnet18_sketch_seed387_to_photo,resnet18_sketch_seed387,resnet18,sketch,photo,387,0.18562874251497,0.28893172005581924,1.0,0.9987051752360809,0.1473321720362195,0.09354277888644266,0,0.18562874251497,0.28893172005581924,0.10330297754084924,58,0.4850299401197604,0.5140092876360558,0.028979347516295384,117,0.5658682634730539,0.5444392590961644,0.021429004376889438,292,0.6377245508982036,0.5814880745335788,0.05623647636462481,585,0.7275449101796407,0.6076816214396816,0.1198632887399591,1169,0.7664670658682635,0.6321721414839576,0.1342949243843059
3,photo,mean_curve,,resnet18_art_painting-cartoon_seed42_to_photo,resnet18_art_painting-cartoon_seed42,resnet18,art_painting|cartoon,photo,42,0.6586826347305389,0.28893172005581924,0.999999999999603,0.9987051752360809,0.0923327904708565,0.09354277888644266,0,0.6586826347305389,0.28893172005581924,0.36975091467471966,58,0.7544910179640718,0.5140092876360558,0.240481730328016,117,0.7754491017964071,0.5444392590961644,0.23100984270024272,292,0.7964071856287425,0.5814880745335788,0.2149191110951637,585,0.8083832335329342,0.6076816214396816,0.20070161209325255,1169,0.8383233532934131,0.6321721414839576,0.2061512118094555
3,photo,mean_curve,,resnet18_art_painting-cartoon_seed387_to_photo,resnet18_art_painting-cartoon_seed387,resnet18,art_painting|cartoon,photo,387,0.6437125748502994,0.28893172005581924,1.0,0.9987051752360809,0.0702445706094715,0.09354277888644266,0,0.6437125748502994,0.28893172005581924,0.3547808547944802,58,0.6586826347305389,0.5140092876360558,0.1446733470944831,117,0.6976047904191617,0.5444392590961644,0.15316553132299726,292,0.781437125748503,0.5814880745335788,0.19994905121492423,585,0.7964071856287425,0.6076816214396816,0.18872556418906083,1169,0.8323353293413174,0.6321721414839576,0.20016318785735976
3,photo,mean_curve,,resnet18_art_painting-sketch_seed42_to_photo,resnet18_art_painting-sketch_seed42,resnet18,art_painting|sketch,photo,42,0.6467065868263473,0.28893172005581924,0.9999999999999608,0.9987051752360809,0.07041290055522,0.09354277888644266,0,0.6467065868263473,0.28893172005581924,0.35777486677052805,58,0.6856287425149701,0.5140092876360558,0.17161945487891428,117,0.7035928143712575,0.5444392590961644,0.15915355527509312,292,0.7664670658682635,0.5814880745335788,0.18497899133468476,585,0.8143712574850299,0.6076816214396816,0.2066896360453483,1169,0.8143712574850299,0.6321721414839576,0.1821991160010723
3,photo,mean_curve,,resnet18_art_painting-sketch_seed387_to_photo,resnet18_art_painting-sketch_seed387,resnet18,art_painting|sketch,photo,387,0.6077844311377245,0.28893172005581924,0.9999999999935943,0.9987051752360809,0.0800378313555579,0.09354277888644266,0,0.6077844311377245,0.28893172005581924,0.31885271108190527,58,0.625748502994012,0.5140092876360558,0.11173921535795617,117,0.6586826347305389,0.5444392590961644,0.11424337563437448,292,0.7544910179640718,0.5814880745335788,0.17300294343049305,585,0.8173652694610778,0.6076816214396816,0.20968364802139616,1169,0.8502994011976048,0.6321721414839576,0.21812725971364721
3,photo,mean_curve,,resnet18_cartoon-sketch_seed42_to_photo,resnet18_cartoon-sketch_seed42,resnet18,cartoon|sketch,photo,42,0.4251497005988024,0.28893172005581924,0.999999999999994,0.9987051752360809,0.105341920870941,0.09354277888644266,0,0.4251497005988024,0.28893172005581924,0.13621798054298317,58,0.5329341317365269,0.5140092876360558,0.018924844100471128,117,0.6107784431137725,0.5444392590961644,0.06633918401760808,292,0.6377245508982036,0.5814880745335788,0.05623647636462481,585,0.7574850299401198,0.6076816214396816,0.14980340850043816,1169,0.8293413173652695,0.6321721414839576,0.1971691758813119
3,photo,mean_curve,,resnet18_cartoon-sketch_seed387_to_photo,resnet18_cartoon-sketch_seed387,resnet18,cartoon|sketch,photo,387,0.5,0.28893172005581924,1.0,0.9987051752360809,0.0965206986556669,0.09354277888644266,0,0.5,0.28893172005581924,0.21106827994418076,58,0.5718562874251497,0.5140092876360558,0.05784699978909391,117,0.6407185628742516,0.5444392590961644,0.09627930377808713,292,0.7245508982035929,0.5814880745335788,0.1430628236700141,585,0.7455089820359282,0.6076816214396816,0.13782736059624656,1169,0.8263473053892215,0.6321721414839576,0.1941751639052639
3,photo,metadata_ridge,0.1,cnn3_art_painting_seed42_to_photo,cnn3_art_painting_seed42,cnn3,art_painting,photo,42,0.4580838323353293,0.5032219591124228,1.0,1.0,0.0704769098739613,0.04665138092005834,0,0.4580838323353293,0.5032219591124228,0.04513812677709356,58,0.5778443113772455,0.5892763614580641,0.011432050080818601,117,0.5808383233532934,0.6023451957776739,0.02150687242438043,292,0.6107784431137725,0.6188643180038871,0.008085874890114586,585,0.688622754491018,0.6309916917751685,0.0576310627158495,1169,0.6976047904191617,0.6427047166907736,0.05490007372838812
3,photo,metadata_ridge,0.1,cnn3_art_painting_seed387_to_photo,cnn3_art_painting_seed387,cnn3,art_painting,photo,387,0.4431137724550898,0.4916263862294955,1.0,1.0,0.0617726027191434,0.04838859145843501,0,0.4431137724550898,0.4916263862294955,0.04851261377440569,58,0.4820359281437126,0.5826561994328026,0.10062027128908996,117,0.5508982035928144,0.5964219392253746,0.04552373563256018,292,0.6227544910179641,0.6137977926085801,0.008956698409383956,585,0.6437125748502994,0.6265363527286585,0.01717622212164094,1169,0.6946107784431138,0.6388248939319954,0.05578588451111843
3,photo,metadata_ridge,0.1,cnn3_cartoon_seed42_to_photo,cnn3_cartoon_seed42,cnn3,cartoon,photo,42,0.311377245508982,0.3523099222933483,1.0,0.9973261436431821,0.0838638320777813,0.02925253894806834,0,0.311377245508982,0.3523099222933483,0.040932676784366295,58,0.4880239520958084,0.4248350702565569,0.06318888183925148,117,0.5059880239520959,0.43632618709246745,0.0696618368596284,292,0.5688622754491018,0.4510547034713153,0.11780757197778652,585,0.6227544910179641,0.4620195363481011,0.16073495466986298,1169,0.6407185628742516,0.4727380730127131,0.16798048986153846
3,photo,metadata_ridge,0.1,cnn3_cartoon_seed387_to_photo,cnn3_cartoon_seed387,cnn3,cartoon,photo,387,0.3982035928143712,0.4025848463024091,0.999999999999751,0.9972478127776906,0.0550221952466121,0.02696262886892864,0,0.3982035928143712,0.4025848463024091,0.004381253488037917,58,0.4700598802395209,0.46449706565941357,0.0055628145801073225,117,0.5029940119760479,0.47436121872477166,0.028632793251276212,292,0.5299401197604791,0.48702760310979304,0.04291251665068602,585,0.5898203592814372,0.4964745917295685,0.09334576755186869,1169,0.6646706586826348,0.5057240300627964,0.15894662861983833
3,photo,metadata_ridge,0.1,cnn3_sketch_seed42_to_photo,cnn3_sketch_seed42,cnn3,sketch,photo,42,0.092814371257485,0.11782272791975396,1.0,1.0,0.0840409401656937,0.049804259784319654,0,0.092814371257485,0.11782272791975396,0.025008356662268957,58,0.2155688622754491,0.2799545821068273,0.06438571983137817,117,0.344311377245509,0.30438760033374934,0.039923776911759634,292,0.4311377245508982,0.3351933594233176,0.09594436512758059,585,0.5299401197604791,0.3577519819253759,0.17218813783510317,1169,0.5898203592814372,0.3794923516785823,0.21032800760285486
3,photo,metadata_ridge,0.1,cnn3_sketch_seed387_to_photo,cnn3_sketch_seed387,cnn3,sketch,photo,387,0.092814371257485,0.12745696815229765,0.9999999999999998,1.0,0.0919913888809563,0.052794496341903835,0,0.092814371257485,0.12745696815229765,0.03464259689481265,58,0.2634730538922156,0.2964489516188569,0.032975897726641334,117,0.3502994011976048,0.3217295643344198,0.028569836863184983,292,0.4610778443113772,0.35352784881667976,0.10754999549469746,585,0.5538922155688623,0.3767574525861117,0.17713476298275055,1169,0.6107784431137725,0.39909816903051365,0.21168027408325885
3,photo,metadata_ridge,0.1,cnn3_art_painting-cartoon_seed42_to_photo,cnn3_art_painting-cartoon_seed42,cnn3,art_painting|cartoon,photo,42,0.4341317365269461,0.46971362001288175,0.9999999999999288,1.0,0.0834302618695599,0.03338461889492689,0,0.4341317365269461,0.46971362001288175,0.03558188348593566,58,0.562874251497006,0.5372022347171864,0.025672016779819562,117,0.562874251497006,0.5477886259805296,0.015085625516476409,292,0.6437125748502994,0.5613127246458665,0.08239985020443297,585,0.7065868263473054,0.5713475940586666,0.13523923228863877,1169,0.7245508982035929,0.5811290352426866,0.1434218629609063
3,photo,metadata_ridge,0.1,cnn3_art_painting-cartoon_seed387_to_photo,cnn3_art_painting-cartoon_seed387,cnn3,art_painting|cartoon,photo,387,0.4700598802395209,0.49014511166562863,0.9999999999993554,1.0,0.0762310681486096,0.03452126780828709,0,0.4700598802395209,0.49014511166562863,0.02008523142610774,58,0.5868263473053892,0.5570909738163918,0.029735373488997352,117,0.5778443113772455,0.567563250821345,0.0102810605559005,292,0.6586826347305389,0.580929403950942,0.07775323077959695,585,0.7005988023952096,0.5908380377944917,0.10976076460071782,1169,0.7245508982035929,0.6004888342393103,0.12406206396428254
3,photo,metadata_ridge,0.1,cnn3_art_painting-sketch_seed42_to_photo,cnn3_art_painting-sketch_seed42,cnn3,art_painting|sketch,photo,42,0.5179640718562875,0.5346083762918561,0.9999999999999984,1.0,0.0527974447618132,0.02789882560634535,0,0.5179640718562875,0.5346083762918561,0.016644304435568635,58,0.5508982035928144,0.5846503288234957,0.033752125230681274,117,0.5898203592814372,0.5926051941115602,0.0027848348301230397,292,0.625748502994012,0.602812243321124,0.022936259672887926,585,0.6676646706586826,0.610419267757906,0.05724540290077662,1169,0.7395209580838323,0.6178623925790762,0.12165856550475618
3,photo,metadata_ridge,0.1,cnn3_art_painting-sketch_seed387_to_photo,cnn3_art_painting-sketch_seed387,cnn3,art_painting|sketch,photo,387,0.467065868263473,0.5053089367007176,0.9999999999999454,1.0,0.0640053530307313,0.03344867488990599,0,0.467065868263473,0.5053089367007176,0.03824306843724462,58,0.5149700598802395,0.5683801478922839,0.05341008801204439,117,0.5449101796407185,0.578272076875219,0.03336189723450045,292,0.6317365269461078,0.5909083531933053,0.040828173752802566,585,0.6766467065868264,0.6002839773634231,0.07636272922340326,1169,0.7305389221556886,0.6094224171240129,0.1211165050316757
3,photo,metadata_ridge,0.1,cnn3_cartoon-sketch_seed42_to_photo,cnn3_cartoon-sketch_seed42,cnn3,cartoon|sketch,photo,42,0.3323353293413174,0.3157156376178326,1.0,1.0,0.0812078032065945,0.029048983241523857,0,0.3323353293413174,0.3157156376178326,0.016619691723484764,58,0.4550898203592814,0.3921517580034401,0.06293806235584132,117,0.5,0.4042685203760723,0.0957314796239277,292,0.5718562874251497,0.4198014765548067,0.152054810870343,585,0.6407185628742516,0.4313670732808021,0.20935148959344946,1169,0.6796407185628742,0.44267447255272163,0.2369662460101526
3,photo,metadata_ridge,0.1,cnn3_cartoon-sketch_seed387_to_photo,cnn3_cartoon-sketch_seed387,cnn3,cartoon|sketch,photo,387,0.3562874251497006,0.3414747157874192,0.9999999999999998,1.0,0.095190554423842,0.02758103856053093,0,0.3562874251497006,0.3414747157874192,0.014812709362281351,58,0.5269461077844312,0.41152161347103605,0.11542449431339513,117,0.5568862275449101,0.42266511936357753,0.1342211081813326,292,0.6197604790419161,0.43696721599188604,0.18279326305003007,585,0.6766467065868264,0.4476288805320155,0.22901782605481086,1169,0.7065868263473054,0.45806312603466526,0.24852370031264015
3,photo,metadata_ridge,0.1,resnet18_art_painting_seed42_to_photo,resnet18_art_painting_seed42,resnet18,art_painting,photo,42,0.5808383233532934,0.5349920487356147,0.999999999999996,1.0,0.0778822888707355,0.08813008252576748,0,0.5808383233532934,0.5349920487356147,0.04584627461767876,58,0.6467065868263473,0.6753652210056056,0.02865863417925829,117,0.6826347305389222,0.6946026623155336,0.011967931776611374,292,0.7305389221556886,0.7181259262723573,0.012412995883331335,585,0.781437125748503,0.7348294229430559,0.046607702805447127,1169,0.781437125748503,0.7505055404355483,0.0309315853129547
3,photo,metadata_ridge,0.1,resnet18_art_painting_seed387_to_photo,resnet18_art_painting_seed387,resnet18,art_painting,photo,387,0.592814371257485,0.5930120818850072,0.9999999999984106,1.0,0.0862815715456779,0.08698531352212781,0,0.592814371257485,0.5930120818850072,0.00019771062752216295,58,0.6766467065868264,0.7145412238720561,0.037894517285229745,117,0.6976047904191617,0.7312439738681982,0.03363918344903649,292,0.7574850299401198,0.7516865387926537,0.005798491147466112,585,0.7874251497005988,0.7662158439325456,0.021209305768053244,1169,0.8053892215568862,0.7798623085531846,0.02552691300370158
3,photo,metadata_ridge,0.1,resnet18_cartoon_seed42_to_photo,resnet18_cartoon_seed42,resnet18,cartoon,photo,42,0.4790419161676646,0.46370268268901793,1.0,1.0,0.0908404715293216,0.06483041914859734,0,0.4790419161676646,0.46370268268901793,0.015339233478646686,58,0.5598802395209581,0.58828134405016,0.02840110452920186,117,0.5988023952095808,0.6063732127383921,0.00757081752881128,292,0.7065868263473054,0.6289114428354023,0.07767538351190306,585,0.7455089820359282,0.6452179311397491,0.10029105089617907,1169,0.7874251497005988,0.6607703150086197,0.12665483469197913
3,photo,metadata_ridge,0.1,resnet18_cartoon_seed387_to_photo,resnet18_cartoon_seed387,resnet18,cartoon,photo,387,0.4850299401197604,0.4686864581296833,0.9999999999999826,0.999581315754245,0.0938519075304662,0.06292972714398977,0,0.4850299401197604,0.4686864581296833,0.016343481990077124,58,0.5898203592814372,0.5888391537284539,0.0009812055529833108,117,0.625748502994012,0.606370414756338,0.01937808823767395,292,0.6946107784431138,0.6282434710052804,0.06636730743783337,585,0.7604790419161677,0.6440928804102424,0.11638616150592529,1169,0.7784431137724551,0.6592292275151711,0.11921388625728402
3,photo,metadata_ridge,0.1,resnet18_sketch_seed42_to_photo,resnet18_sketch_seed42,resnet18,sketch,photo,42,0.1676646706586826,0.18615353298648146,1.0,1.0,0.1615741283528092,0.08037931603466454,0,0.1676646706586826,0.18615353298648146,0.018488862327798866,58,0.4790419161676646,0.41358832387950406,0.06545359228816056,117,0.5688622754491018,0.44536659408462265,0.12349568136447919,292,0.6826347305389222,0.48446595524489644,0.19816877529402577,585,0.7485029940119761,0.5124032914905667,0.23609970252140933,1169,0.8023952095808383,0.538763358163969,0.2636318514168693
3,photo,metadata_ridge,0.1,resnet18_sketch_seed387_to_photo,resnet18_sketch_seed387,resnet18,sketch,photo,387,0.18562874251497,0.1573457890866878,1.0,0.9991396080823225,0.1473321720362195,0.0683430923792431,0,0.18562874251497,0.1573457890866878,0.028282953428282187,58,0.4850299401197604,0.3620797655397851,0.12295017457997531,117,0.5658682634730539,0.39155479608098,0.17431346739207387,292,0.6377245508982036,0.42817081654714406,0.2095537343510595,585,0.7275449101796407,0.45458799346635137,0.27295691671328937,1169,0.7664670658682635,0.4797222932815156,0.2867447725867479
3,photo,metadata_ridge,0.1,resnet18_art_painting-cartoon_seed42_to_photo,resnet18_art_painting-cartoon_seed42,resnet18,art_painting|cartoon,photo,42,0.6586826347305389,0.6843630648534295,0.999999999999603,1.0,0.0923327904708565,0.06563320484919422,0,0.6586826347305389,0.6843630648534295,0.025680430122890563,58,0.7544910179640718,0.7584755371749736,0.003984519210901816,117,0.7754491017964071,0.7692171344687682,0.006231967327638976,292,0.7964071856287425,0.782590063173956,0.013817122454786501,585,0.8083832335329342,0.7922591872110789,0.016124046321855268,1169,0.8383233532934131,0.8014760322522897,0.036847321041123426
3,photo,metadata_ridge,0.1,resnet18_art_painting-cartoon_seed387_to_photo,resnet18_art_painting-cartoon_seed387,resnet18,art_painting|cartoon,photo,387,0.6437125748502994,0.6336423796612505,1.0,1.0,0.0702445706094715,0.06757691607150162,0,0.6437125748502994,0.6336423796612505,0.010070195189048947,58,0.6586826347305389,0.7218772520941061,0.06319461736356724,117,0.6976047904191617,0.7346043300382095,0.03699953961904778,292,0.781437125748503,0.7504245152744018,0.0310126104741012,585,0.7964071856287425,0.7618452518770576,0.034561933751684815,1169,0.8323353293413174,0.7727171372395639,0.05961819210175345
3,photo,metadata_ridge,0.1,resnet18_art_painting-sketch_seed42_to_photo,resnet18_art_painting-sketch_seed42,resnet18,art_painting|sketch,photo,42,0.6467065868263473,0.5961647680499007,0.9999999999999608,1.0,0.07041290055522,0.06579307994982432,0,0.6467065868263473,0.5961647680499007,0.05054181877644659,58,0.6856287425149701,0.6911878367869718,0.005559094272001741,117,0.7035928143712575,0.7049546957874224,0.0013618814161648896,292,0.7664670658682635,0.7220917835646429,0.044375282303620645,585,0.8143712574850299,0.7344809433403641,0.07989031414466585,1169,0.8143712574850299,0.7462892857902651,0.06808197169476482
3,photo,metadata_ridge,0.1,resnet18_art_painting-sketch_seed387_to_photo,resnet18_art_painting-sketch_seed387,resnet18,art_painting|sketch,photo,387,0.6077844311377245,0.6025945215955647,0.9999999999935943,1.0,0.0800378313555579,0.0660791038599465,0,0.6077844311377245,0.6025945215955647,0.00518990954215981,58,0.625748502994012,0.6964588775495817,0.07071037455556972,117,0.6586826347305389,0.7100482439024365,0.051365609171897586,292,0.7544910179640718,0.7269605200674796,0.027530497896592232,585,0.8173652694610778,0.7391843449372121,0.07818092452386571,1169,0.8502994011976048,0.7508327967521851,0.09946660444541977
3,photo,metadata_ridge,0.1,resnet18_cartoon-sketch_seed42_to_photo,resnet18_cartoon-sketch_seed42,resnet18,cartoon|sketch,photo,42,0.4251497005988024,0.430527319461259,0.999999999999994,1.0,0.105341920870941,0.0589057206329095,0,0.4251497005988024,0.430527319461259,0.005377618862456579,58,0.5329341317365269,0.552122154367278,0.019188022630751034,117,0.6107784431137725,0.5700408539186091,0.04073758919516335,292,0.6377245508982036,0.5924693478206969,0.045255203077506634,585,0.7574850299401198,0.6087738366128201,0.14871119332729965,1169,0.8293413173652695,0.6243882278304201,0.20495308953484936
3,photo,metadata_ridge,0.1,resnet18_cartoon-sketch_seed387_to_photo,resnet18_cartoon-sketch_seed387,resnet18,cartoon|sketch,photo,387,0.5,0.5584988450775819,1.0,1.0,0.0965206986556669,0.05574591674434774,0,0.5,0.5584988450775819,0.05849884507758185,58,0.5718562874251497,0.6482662233622752,0.07640993593712553,117,0.6407185628742516,0.6615980303961734,0.020879467521921824,292,0.7245508982035929,0.6783274165680663,0.046223481635526587,585,0.7455089820359282,0.6905198106321344,0.05498917140379378,1169,0.8263473053892215,0.7022217245769045,0.12412558081231706
3,photo,distance_ridge,0.1,cnn3_art_painting_seed42_to_photo,cnn3_art_painting_seed42,cnn3,art_painting,photo,42,0.4580838323353293,0.3354172220539347,1.0,0.9985722807874933,0.0704769098739613,0.0692348578666486,0,0.4580838323353293,0.3354172220539347,0.12266661028139458,58,0.5778443113772455,0.49852577189747316,0.0793185394797723,117,0.5808383233532934,0.521956266431992,0.05888205692130144,292,0.6107784431137725,0.5510425853612103,0.05973585775256218,585,0.688622754491018,0.5720123189685831,0.11661043552243489,1169,0.6976047904191617,0.5919514017864392,0.10565338863272244
3,photo,distance_ridge,0.1,cnn3_art_painting_seed387_to_photo,cnn3_art_painting_seed387,cnn3,art_painting,photo,387,0.4431137724550898,0.3369284918950381,1.0,0.9986333443156503,0.0617726027191434,0.07224432656892682,0,0.4431137724550898,0.3369284918950381,0.10618528056005172,58,0.4820359281437126,0.5057657002414581,0.02372977209774546,117,0.5508982035928144,0.529838745786506,0.021059457806308357,292,0.6227544910179641,0.5596509231716987,0.06310356784626536,585,0.6437125748502994,0.5810920624810647,0.06262051236923472,1169,0.6946107784431138,0.6014369493860774,0.09317382905703642
3,photo,distance_ridge,0.1,cnn3_cartoon_seed42_to_photo,cnn3_cartoon_seed42,cnn3,cartoon,photo,42,0.311377245508982,0.26127423013368933,1.0,0.9964392210331711,0.0838638320777813,0.10156745085084382,0,0.311377245508982,0.26127423013368933,0.05010301537529266,58,0.4880239520958084,0.5105649603705915,0.022541008274783114,117,0.5059880239520959,0.5435947772446224,0.037606753292526496,292,0.5688622754491018,0.5835520759571466,0.014689800508044804,585,0.6227544910179641,0.6116202160000153,0.011134275017948836,1169,0.6407185628742516,0.6377180565459086,0.0030005063283429223
3,photo,distance_ridge,0.1,cnn3_cartoon_seed387_to_photo,cnn3_cartoon_seed387,cnn3,cartoon,photo,387,0.3982035928143712,0.23681526181092394,0.999999999999751,0.9993882969836345,0.0550221952466121,0.07962076884817322,0,0.3982035928143712,0.23681526181092394,0.16138833100344724,58,0.4700598802395209,0.4482192174787809,0.02184066276073998,117,0.5029940119760479,0.4778134899769896,0.025180521999058292,292,0.5299401197604791,0.5142477786935944,0.015692341066884663,585,0.5898203592814372,0.540296737592188,0.049523621689249175,1169,0.6646706586826348,0.5648879504687259,0.09978270821390889
3,photo,distance_ridge,0.1,cnn3_sketch_seed42_to_photo,cnn3_sketch_seed42,cnn3,sketch,photo,42,0.092814371257485,0.0700872289984803,1.0,1.0,0.0840409401656937,0.016406932598776833,0,0.092814371257485,0.0700872289984803,0.0227271422590047,58,0.2155688622754491,0.1302629669338226,0.0853058953416265,117,0.344311377245509,0.14009795117762588,0.2042134260678831,292,0.4311377245508982,0.1528340705697397,0.2783036539811585,585,0.5299401197604791,0.1624138208288039,0.36752629893167515,1169,0.5898203592814372,0.17186203745988704,0.4179583218215501
3,photo,distance_ridge,0.1,cnn3_sketch_seed387_to_photo,cnn3_sketch_seed387,cnn3,sketch,photo,387,0.092814371257485,0.05681462186090838,0.9999999999999998,0.9997734051716933,0.0919913888809563,0.019870048320406244,0,0.092814371257485,0.05681462186090838,0.035999749396576616,58,0.2634730538922156,0.1302009086328491,0.13327214525936648,117,0.3502994011976048,0.1420953177335658,0.20820408346403899,292,0.4610778443113772,0.1574556963864877,0.3036221479248895,585,0.5538922155688623,0.16897730207312983,0.3849149134957324,1169,0.6107784431137725,0.18031350052932849,0.430464942584444
3,photo,distance_ridge,0.1,cnn3_art_painting-cartoon_seed42_to_photo,cnn3_art_painting-cartoon_seed42,cnn3,art_painting|cartoon,photo,42,0.4341317365269461,0.31381197444393444,0.9999999999999288,0.9979535362522036,0.0834302618695599,0.08259347209440936,0,0.4341317365269461,0.31381197444393444,0.12031976208301165,58,0.562874251497006,0.5094303752601745,0.053443876236831445,117,0.562874251497006,0.536612543335465,0.026261708161540942,292,0.6437125748502994,0.5699978386099289,0.0737147362403705,585,0.7065868263473054,0.5938099413533653,0.11277688499394012,1169,0.7245508982035929,0.6162432605399195,0.10830763766367335
3,photo,distance_ridge,0.1,cnn3_art_painting-cartoon_seed387_to_photo,cnn3_art_painting-cartoon_seed387,cnn3,art_painting|cartoon,photo,387,0.4700598802395209,0.29420018814681037,0.9999999999993554,0.9971238049597623,0.0762310681486096,0.08950519942564401,0,0.4700598802395209,0.29420018814681037,0.17585969209271052,58,0.5868263473053892,0.5091374566713474,0.07768889063404183,117,0.5778443113772455,0.538492259719642,0.03935205165760347,292,0.6586826347305389,0.5743474825397179,0.084335152190821,585,0.7005988023952096,0.5997795785843141,0.10081922381089548,1169,0.7245508982035929,0.6236247153739269,0.10092618282966592
3,photo,distance_ridge,0.1,cnn3_art_painting-sketch_seed42_to_photo,cnn3_art_painting-sketch_seed42,cnn3,art_painting|sketch,photo,42,0.5179640718562875,0.22871156253049524,0.9999999999999984,0.9997965330213563,0.0527974447618132,0.04234042203526361,0,0.5179640718562875,0.22871156253049524,0.2892525093257922,58,0.5508982035928144,0.3509774472444284,0.19992075634838596,117,0.5898203592814372,0.36974237849734476,0.2200779807840924,292,0.625748502994012,0.3935433635989456,0.23220513939506637,585,0.6676646706586826,0.41107721748126724,0.2565874531774154,1169,0.7395209580838323,0.42806261959125586,0.3114583384925765
3,photo,distance_ridge,0.1,cnn3_art_painting-sketch_seed387_to_photo,cnn3_art_painting-sketch_seed387,cnn3,art_painting|sketch,photo,387,0.467065868263473,0.23317317006190907,0.9999999999999454,0.9975796217931815,0.0640053530307313,0.06517776463688377,0,0.467065868263473,0.23317317006190907,0.23389269820156394,58,0.5149700598802395,0.41157078063198876,0.10339927924825071,117,0.5449101796407185,0.43745623502399544,0.10745394461672308,292,0.6317365269461078,0.4696944939261504,0.1620420330199574,585,0.6766467065868264,0.49301248068987225,0.1836342258969541,1169,0.7305389221556886,0.515246764284886,0.21529215787080258
3,photo,distance_ridge,0.1,cnn3_cartoon-sketch_seed42_to_photo,cnn3_cartoon-sketch_seed42,cnn3,cartoon|sketch,photo,42,0.3323353293413174,0.19308816623421116,1.0,1.0,0.0812078032065945,0.023583946900781014,0,0.3323353293413174,0.19308816623421116,0.13924716310710622,58,0.4550898203592814,0.26707015792695665,0.18801966243232476,117,0.5,0.2789540706110222,0.22104592938897782,292,0.5718562874251497,0.2942553254773544,0.2776009619477953,585,0.6407185628742516,0.3056984508732985,0.33502011200095305,1169,0.6796407185628742,0.3169285209155594,0.3627121976473148
3,photo,distance_ridge,0.1,cnn3_cartoon-sketch_seed387_to_photo,cnn3_cartoon-sketch_seed387,cnn3,cartoon|sketch,photo,387,0.3562874251497006,0.1946017091597249,0.9999999999999998,1.0,0.095190554423842,0.018647789161639214,0,0.3562874251497006,0.1946017091597249,0.16168571598997566,58,0.5269461077844312,0.25357147338740904,0.27337463439702214,117,0.5568862275449101,0.2631574704445212,0.2937287571003889,292,0.6197604790419161,0.2755488996984248,0.34421157934349134,585,0.6766467065868264,0.2848526519907281,0.39179405459609823,1169,0.7065868263473054,0.29401443616264233,0.4125723901846631
3,photo,distance_ridge,0.1,resnet18_art_painting_seed42_to_photo,resnet18_art_painting_seed42,resnet18,art_painting,photo,42,0.5808383233532934,0.36403496288791637,0.999999999999996,1.0,0.0778822888707355,0.07912212283146074,0,0.5808383233532934,0.36403496288791637,0.21680336046537707,58,0.6467065868263473,0.5394045217517219,0.10730206507462536,117,0.6826347305389222,0.5639848921033929,0.11864983843552934,292,0.7305389221556886,0.5942584932869434,0.13628042886874525,585,0.781437125748503,0.6159114989568686,0.1655256267916344,1169,0.781437125748503,0.6363598218492416,0.14507730389926143
3,photo,distance_ridge,0.1,resnet18_art_painting_seed387_to_photo,resnet18_art_painting_seed387,resnet18,art_painting,photo,387,0.592814371257485,0.36994923683346986,0.9999999999984106,1.0,0.0862815715456779,0.06916244104768464,0,0.592814371257485,0.36994923683346986,0.22286513442401518,58,0.6766467065868264,0.5247752027222895,0.15187150386453685,117,0.6976047904191617,0.5470198984873682,0.15058489193179347,292,0.7574850299401198,0.5746357803285911,0.1828492496115287,585,0.7874251497005988,0.5945465629942759,0.19287858670632296,1169,0.8053892215568862,0.6134796909046933,0.19190953065219285
3,photo,distance_ridge,0.1,resnet18_cartoon_seed42_to_photo,resnet18_cartoon_seed42,resnet18,cartoon,photo,42,0.4790419161676646,0.34010342314761177,1.0,0.9998270091451952,0.0908404715293216,0.11053128095523493,0,0.4790419161676646,0.34010342314761177,0.13893849302005284,58,0.5598802395209581,0.5794611180167639,0.01958087849580581,117,0.5988023952095808,0.6104644042791283,0.011662009069547508,292,0.7065868263473054,0.6477027283658137,0.058884097981491745,585,0.7455089820359282,0.6736729845339027,0.07183599750202552,1169,0.7874251497005988,0.6976708179039537,0.08975433179664516
3,photo,distance_ridge,0.1,resnet18_cartoon_seed387_to_photo,resnet18_cartoon_seed387,resnet18,cartoon,photo,387,0.4850299401197604,0.325911938931892,0.9999999999999826,0.9992818767522598,0.0938519075304662,0.12060662686583486,0,0.4850299401197604,0.325911938931892,0.1591180011878684,58,0.5898203592814372,0.5874905113966442,0.002329847884792957,117,0.625748502994012,0.6205158453920123,0.005232657601999646,292,0.6946107784431138,0.6598652280409353,0.03474555040217853,585,0.7604790419161677,0.6870861683770684,0.07339287353909929,1169,0.7784431137724551,0.7120648538425913,0.06637825992986379
3,photo,distance_ridge,0.1,resnet18_sketch_seed42_to_photo,resnet18_sketch_seed42,resnet18,sketch,photo,42,0.1676646706586826,0.20202937908400687,1.0,1.0,0.1615741283528092,0.09070579013163799,0,0.1676646706586826,0.20202937908400687,0.03436470842532427,58,0.4790419161676646,0.44873506176299194,0.03030685440467268,117,0.5688622754491018,0.48232736560356554,0.0865349098455363,292,0.6826347305389222,0.5233191276415508,0.15931560289737146,585,0.7485029940119761,0.5523665195371156,0.1961364744748605,1169,0.8023952095808383,0.5795787305140938,0.2228164790667445
3,photo,distance_ridge,0.1,resnet18_sketch_seed387_to_photo,resnet18_sketch_seed387,resnet18,sketch,photo,387,0.18562874251497,0.27552594242336925,1.0,0.9978784193900058,0.1473321720362195,0.13982191662268906,0,0.18562874251497,0.27552594242336925,0.08989719990839926,58,0.4850299401197604,0.5894224532343485,0.10439251311458808,117,0.5658682634730539,0.6271510469824105,0.061282783509356675,292,0.6377245508982036,0.6714206509510963,0.0336961000528927,585,0.7275449101796407,0.7015751683088784,0.025969741870762286,1169,0.7664670658682635,0.7288801174030809,0.037586948465182624
3,photo,distance_ridge,0.1,resnet18_art_painting-cartoon_seed42_to_photo,resnet18_art_painting-cartoon_seed42,resnet18,art_painting|cartoon,photo,42,0.6586826347305389,0.36430542815814015,0.999999999999603,1.0,0.0923327904708565,0.07847776658792932,0,0.6586826347305389,0.36430542815814015,0.29437720657239874,58,0.7544910179640718,0.5383891670126827,0.21610185095138912,117,0.7754491017964071,0.5628285113688825,0.21262059042752468,292,0.7964071856287425,0.5929439239890225,0.20346326163971995,585,0.8083832335329342,0.6144949425158972,0.19388829101703697,1169,0.8383233532934131,0.6348560333275617,0.20346731996585143
3,photo,distance_ridge,0.1,resnet18_art_painting-cartoon_seed387_to_photo,resnet18_art_painting-cartoon_seed387,resnet18,art_painting|cartoon,photo,387,0.6437125748502994,0.35731886552228537,1.0,1.0,0.0702445706094715,0.08621678524900821,0,0.6437125748502994,0.35731886552228537,0.28639370932801406,58,0.6586826347305389,0.5478126757058774,0.11086995902466146,117,0.6976047904191617,0.5740441907878573,0.12356059963130439,292,0.781437125748503,0.6061687664089548,0.1752683593395482,585,0.7964071856287425,0.6290150280988969,0.1673921575298456,1169,0.8323353293413174,0.6504845081411195,0.1818508212001979
3,photo,distance_ridge,0.1,resnet18_art_painting-sketch_seed42_to_photo,resnet18_art_painting-sketch_seed42,resnet18,art_painting|sketch,photo,42,0.6467065868263473,0.34680500196027086,0.9999999999999608,1.0,0.07041290055522,0.09573262100494076,0,0.6467065868263473,0.34680500196027086,0.29990158486607643,58,0.6856287425149701,0.5579060762427621,0.12772266627220796,117,0.7035928143712575,0.5862898696507624,0.11730294472049518,292,0.7664670658682635,0.620787060929193,0.14568000493907052,585,0.8143712574850299,0.6451337011832599,0.16923755630177006,1169,0.8143712574850299,0.6678629101430822,0.14650834734194773
3,photo,distance_ridge,0.1,resnet18_art_painting-sketch_seed387_to_photo,resnet18_art_painting-sketch_seed387,resnet18,art_painting|sketch,photo,387,0.6077844311377245,0.33621196464442277,0.9999999999935943,0.9998776443665498,0.0800378313555579,0.10282955290409182,0,0.6077844311377245,0.33621196464442277,0.27157246649330175,58,0.625748502994012,0.5635090980631224,0.06223940493088953,117,0.6586826347305389,0.5935291461900013,0.0651534885405376,292,0.7544910179640718,0.6298088502193815,0.12468216774469032,585,0.8173652694610778,0.655267795655905,0.1620974738051728,1169,0.8502994011976048,0.6789189245740566,0.17138047662354827
3,photo,distance_ridge,0.1,resnet18_cartoon-sketch_seed42_to_photo,resnet18_cartoon-sketch_seed42,resnet18,cartoon|sketch,photo,42,0.4251497005988024,0.3131427419391212,0.999999999999994,1.0,0.105341920870941,0.12668536908011735,0,0.4251497005988024,0.3131427419391212,0.11200695865968119,58,0.5329341317365269,0.590243877780154,0.05730974604362704,117,0.6107784431137725,0.6246906750567417,0.0139122319429692,292,0.6377245508982036,0.6655351701886264,0.027810619290422833,585,0.7574850299401198,0.6936524857426801,0.06383254419743967,1169,0.8293413173652695,0.7193453555971163,0.10999596176815318
3,photo,distance_ridge,0.1,resnet18_cartoon-sketch_seed387_to_photo,resnet18_cartoon-sketch_seed387,resnet18,cartoon|sketch,photo,387,0.5,0.3206384456830471,1.0,0.9999894854905528,0.0965206986556669,0.11894369350952433,0,0.5,0.3206384456830471,0.1793615543169529,58,0.5718562874251497,0.5817138520896933,0.009857564664543572,117,0.6407185628742516,0.6148155011995292,0.02590306167472234,292,0.7245508982035929,0.6543081761389598,0.07024272206463311,585,0.7455089820359282,0.6816648292457854,0.06384415279014277,1169,0.8263473053892215,0.7067969658864481,0.11955033950277338
3,photo,metadata_distance_ridge,0.1,cnn3_art_painting_seed42_to_photo,cnn3_art_painting_seed42,cnn3,art_painting,photo,42,0.4580838323353293,0.5060102636215732,1.0,1.0,0.0704769098739613,0.03910116812534493,0,0.4580838323353293,0.5060102636215732,0.04792643128624391,58,0.5778443113772455,0.5788124323689847,0.000968120991739263,117,0.5808383233532934,0.5900745151814012,0.009236191828107754,292,0.6107784431137725,0.6043961403115576,0.0063823028022148565,585,0.688622754491018,0.614974143489054,0.07364861100196396,1169,0.6976047904191617,0.6252442764307384,0.07236051398842325
3,photo,metadata_distance_ridge,0.1,cnn3_art_painting_seed387_to_photo,cnn3_art_painting_seed387,cnn3,art_painting,photo,387,0.4431137724550898,0.4925178403859243,1.0,1.0,0.0617726027191434,0.04383333251865248,0,0.4431137724550898,0.4925178403859243,0.04940406793083446,58,0.4820359281437126,0.5755774656917554,0.09354153754804279,117,0.5508982035928144,0.5882787464407712,0.03738054284795678,292,0.6227544910179641,0.6043695129615134,0.018384978056450674,585,0.6437125748502994,0.6162091620907375,0.027503412759561918,1169,0.6946107784431138,0.6276666239236159,0.06694415451949787
3,photo,metadata_distance_ridge,0.1,cnn3_cartoon_seed42_to_photo,cnn3_cartoon_seed42,cnn3,cartoon,photo,42,0.311377245508982,0.36461346928262944,1.0,0.9992780245722666,0.0838638320777813,0.017596394658661932,0,0.311377245508982,0.36461346928262944,0.05323622377364745,58,0.4880239520958084,0.40855536044547797,0.07946859165033043,117,0.5059880239520959,0.4157165795123204,0.09027144443977547,292,0.5688622754491018,0.42498139392287504,0.1438808815262268,585,0.6227544910179641,0.4319434832943895,0.19081100772357462,1169,0.6407185628742516,0.43880432855937873,0.20191423431487282
3,photo,metadata_distance_ridge,0.1,cnn3_cartoon_seed387_to_photo,cnn3_cartoon_seed387,cnn3,cartoon,photo,387,0.3982035928143712,0.41428198131751104,0.999999999999751,1.0,0.0550221952466121,0.001,0,0.3982035928143712,0.41428198131751104,0.016078388503139862,58,0.4700598802395209,0.41666540591644,0.053394474323080865,117,0.5029940119760479,0.41706960254559206,0.08592440943045582,292,0.5299401197604791,0.41759952972017933,0.11234059004029973,585,0.5898203592814372,0.41800307908839995,0.17181728019303721,1169,0.6646706586826348,0.4184053555051619,0.24626530317747286
3,photo,metadata_distance_ridge,0.1,cnn3_sketch_seed42_to_photo,cnn3_sketch_seed42,cnn3,sketch,photo,42,0.092814371257485,0.11797012196403328,1.0,1.0,0.0840409401656937,0.001,0,0.092814371257485,0.11797012196403328,0.025155750706548283,58,0.2155688622754491,0.12155930932253392,0.09400955295291519,117,0.344311377245509,0.12216798703457607,0.2221433902109329,292,0.4311377245508982,0.12296600175541493,0.30817172279548327,585,0.5299401197604791,0.12357370476041002,0.40636641500006904,1169,0.5898203592814372,0.1241794908340763,0.46564086844736086
3,photo,metadata_distance_ridge,0.1,cnn3_sketch_seed387_to_photo,cnn3_sketch_seed387,cnn3,sketch,photo,387,0.092814371257485,0.12978325239429686,0.9999999999999998,1.0,0.0919913888809563,0.01221028725278786,0,0.092814371257485,0.12978325239429686,0.03696888113681186,58,0.2634730538922156,0.17204863699777947,0.09142441689443612,117,0.3502994011976048,0.17902645491212008,0.1712729462854847,292,0.4610778443113772,0.1880930202859942,0.27298482402538304,585,0.5538922155688623,0.1949356191643674,0.35895659640449484,1169,0.6107784431137725,0.2017039020443286,0.4090745410694439
3,photo,metadata_distance_ridge,0.1,cnn3_art_painting-cartoon_seed42_to_photo,cnn3_art_painting-cartoon_seed42,cnn3,art_painting|cartoon,photo,42,0.4341317365269461,0.47616208756309464,0.9999999999999288,1.0,0.0834302618695599,0.03594984257537259,0,0.4341317365269461,0.47616208756309464,0.04203035103614855,58,0.562874251497006,0.547586999821714,0.01528725167529199,117,0.562874251497006,0.5587211679661187,0.0041530835308872804,292,0.6437125748502994,0.572915879233074,0.07079669561722546,585,0.7065868263473054,0.5834266877433296,0.12316013860397579,1169,0.7245508982035929,0.5936538696616889,0.130897028541904
3,photo,metadata_distance_ridge,0.1,cnn3_art_painting-cartoon_seed387_to_photo,cnn3_art_painting-cartoon_seed387,cnn3,art_painting|cartoon,photo,387,0.4700598802395209,0.5033088462231388,0.9999999999993554,1.0,0.0762310681486096,0.034742359196531805,0,0.4700598802395209,0.5033088462231388,0.03324896598361787,58,0.5868263473053892,0.5689150625019478,0.017911284803441396,117,0.5778443113772455,0.5791722634415494,0.0013279520643039167,292,0.6586826347305389,0.5922615907893228,0.06642104394121606,585,0.7005988023952096,0.6019632862796375,0.09863551611557209,1169,0.7245508982035929,0.6114110830098097,0.11313981519378313
3,photo,metadata_distance_ridge,0.1,cnn3_art_painting-sketch_seed42_to_photo,cnn3_art_painting-sketch_seed42,cnn3,art_painting|sketch,photo,42,0.5179640718562875,0.5599514944298467,0.9999999999999984,1.0,0.0527974447618132,0.001,0,0.5179640718562875,0.5599514944298467,0.04198742257355925,58,0.5508982035928144,0.5617421554637296,0.010843951870915247,117,0.5898203592814372,0.562045827396198,0.02777453188523915,292,0.625748502994012,0.5624439603779401,0.06330454261607188,585,0.6676646706586826,0.5627471460248641,0.10491752463381854,1169,0.7395209580838323,0.5630493753064907,0.17647158277734165
3,photo,metadata_distance_ridge,0.1,cnn3_art_painting-sketch_seed387_to_photo,cnn3_art_painting-sketch_seed387,cnn3,art_painting|sketch,photo,387,0.467065868263473,0.5302064624929561,0.9999999999999454,1.0,0.0640053530307313,0.011449391935630882,0,0.467065868263473,0.5302064624929561,0.0631405942294831,58,0.5149700598802395,0.5516348389829612,0.0366647791027217,117,0.5449101796407185,0.5551790337295666,0.010268854088848034,292,0.6317365269461078,0.5597869589977789,0.07194956794832896,585,0.6766467065868264,0.56326671363297,0.11337999295385637,1169,0.7305389221556886,0.5667104889802803,0.1638284331754083
3,photo,metadata_distance_ridge,0.1,cnn3_cartoon-sketch_seed42_to_photo,cnn3_cartoon-sketch_seed42,cnn3,cartoon|sketch,photo,42,0.3323353293413174,0.30666452618717327,1.0,1.0,0.0812078032065945,0.001,0,0.3323353293413174,0.30666452618717327,0.025670803154144106,58,0.4550898203592814,0.30948587156308077,0.14560394879620064,117,0.5,0.3099643336428663,0.1900356663571337,292,0.5718562874251497,0.31059162748898234,0.2612646599361674,585,0.6407185628742516,0.3110693233827359,0.32964923949151564,1169,0.6796407185628742,0.31154551243808837,0.36809520612478586
3,photo,metadata_distance_ridge,0.1,cnn3_cartoon-sketch_seed387_to_photo,cnn3_cartoon-sketch_seed387,cnn3,cartoon|sketch,photo,387,0.3562874251497006,0.34190542974222143,0.9999999999999998,1.0,0.095190554423842,0.001,0,0.3562874251497006,0.34190542974222143,0.014381995407479142,58,0.5269461077844312,0.3445833715796643,0.1823627362047669,117,0.5568862275449101,0.3450375143556707,0.21184871318923942,292,0.6197604790419161,0.3456329240666651,0.274127554975251,585,0.6766467065868264,0.3460863396003964,0.33056036698642993,1169,0.7065868263473054,0.34653832488541336,0.36004850146189205
3,photo,metadata_distance_ridge,0.1,resnet18_art_painting_seed42_to_photo,resnet18_art_painting_seed42,resnet18,art_painting,photo,42,0.5808383233532934,0.5443263424650884,0.999999999999996,1.0,0.0778822888707355,0.061793620151354096,0,0.5808383233532934,0.5443263424650884,0.036511980888205064,58,0.6467065868263473,0.6458179345712634,0.0008886522550839437,117,0.6826347305389222,0.6606679873439899,0.021966743194932303,292,0.7305389221556886,0.6792126439492262,0.051326278206462406,585,0.781437125748503,0.6926625321032494,0.08877459364525364,1169,0.781437125748503,0.7055174188392292,0.07591970690927374
3,photo,metadata_distance_ridge,0.1,resnet18_art_painting_seed387_to_photo,resnet18_art_painting_seed387,resnet18,art_painting,photo,387,0.592814371257485,0.6020589912110483,0.9999999999984106,1.0,0.0862815715456779,0.052741401136070565,0,0.592814371257485,0.6020589912110483,0.009244619953563293,58,0.6766467065868264,0.6790617499436651,0.002415043356838731,117,0.6976047904191617,0.6905825971330651,0.007022193286096545,292,0.7574850299401198,0.7050742844068362,0.05241074553328362,585,0.7874251497005988,0.7156613493670797,0.07176380033351915,1169,0.8053892215568862,0.7258436715823746,0.07954554997451158
3,photo,metadata_distance_ridge,0.1,resnet18_cartoon_seed42_to_photo,resnet18_cartoon_seed42,resnet18,cartoon,photo,42,0.4790419161676646,0.47649981660632257,1.0,1.0,0.0908404715293216,0.04260882445098665,0,0.4790419161676646,0.47649981660632257,0.0025420995613420483,58,0.5598802395209581,0.5599896261821894,0.00010938666123128105,117,0.5988023952095808,0.5727949464880763,0.02600744872150451,292,0.7065868263473054,0.5890334176318625,0.11755340871544295,585,0.7455089820359282,0.6009934963831389,0.14451548565278927,1169,0.7874251497005988,0.6125773161143986,0.17484783358620026
3,photo,metadata_distance_ridge,0.1,resnet18_cartoon_seed387_to_photo,resnet18_cartoon_seed387,resnet18,cartoon,photo,387,0.4850299401197604,0.4851746797023434,0.9999999999999826,1.0,0.0938519075304662,0.03846169485980045,0,0.4850299401197604,0.4851746797023434,0.0001447395825829867,58,0.5898203592814372,0.559901459159752,0.029918900121685188,117,0.625748502994012,0.5714793008489402,0.054269202145071804,292,0.6946107784431138,0.5862100021329733,0.10840077631014056,585,0.7604790419161677,0.5970957348571201,0.16338330705904758,1169,0.7784431137724551,0.6076693209250185,0.17077379284743666
3,photo,metadata_distance_ridge,0.1,resnet18_sketch_seed42_to_photo,resnet18_sketch_seed42,resnet18,sketch,photo,42,0.1676646706586826,0.18556961703396352,1.0,1.0,0.1615741283528092,0.09182251426319996,0,0.1676646706586826,0.18556961703396352,0.017904946375280922,58,0.4790419161676646,0.4399202343889551,0.039121681778709505,117,0.5688622754491018,0.4744566418410049,0.09440563360809695,292,0.6826347305389222,0.5165628958856436,0.16607183465327857,585,0.7485029940119761,0.5463732583202103,0.20212973569176573,1169,0.8023952095808383,0.5742786536539557,0.22811655592688262
3,photo,metadata_distance_ridge,0.1,resnet18_sketch_seed387_to_photo,resnet18_sketch_seed387,resnet18,sketch,photo,387,0.18562874251497,0.17103665072687327,1.0,0.9982864637347342,0.1473321720362195,0.07022713322829807,0,0.18562874251497,0.17103665072687327,0.014592091788096728,58,0.4850299401197604,0.3770244250146844,0.108005515105076,117,0.5658682634730539,0.4065418086011072,0.15932645487194663,292,0.6377245508982036,0.4431552637445847,0.19456928715361888,585,0.7275449101796407,0.46953064087958496,0.2580142693000558,1169,0.7664670658682635,0.49459246047980787,0.27187460538845565
3,photo,metadata_distance_ridge,0.1,resnet18_art_painting-cartoon_seed42_to_photo,resnet18_art_painting-cartoon_seed42,resnet18,art_painting|cartoon,photo,42,0.6586826347305389,0.697231310291464,0.999999999999603,1.0,0.0923327904708565,0.02714042537199239,0,0.6586826347305389,0.697231310291464,0.038548675560925116,58,0.7544910179640718,0.7289500793458266,0.025540938618245246,117,0.7754491017964071,0.7340014909620525,0.041447610834354665,292,0.7964071856287425,0.7404869960596132,0.05592018956912925,585,0.8083832335329342,0.7453234003629323,0.06305983317000186,1169,0.8383233532934131,0.7500580855905893,0.08826526770282384
3,photo,metadata_distance_ridge,0.1,resnet18_art_painting-cartoon_seed387_to_photo,resnet18_art_painting-cartoon_seed387,resnet18,art_painting|cartoon,photo,387,0.6437125748502994,0.6466425111021907,1.0,1.0,0.0702445706094715,0.03499578334183299,0,0.6437125748502994,0.6466425111021907,0.0029299362518913075,58,0.6586826347305389,0.6936330262755742,0.03495039154503532,117,0.6976047904191617,0.7009752292142921,0.003370438795130437,292,0.781437125748503,0.7103427953317252,0.07109433041677782,585,0.7964071856287425,0.7172845421965461,0.07912264343219633,1169,0.8323353293413174,0.7240434337683475,0.10829189557296992
3,photo,metadata_distance_ridge,0.1,resnet18_art_painting-sketch_seed42_to_photo,resnet18_art_painting-sketch_seed42,resnet18,art_painting|sketch,photo,42,0.6467065868263473,0.6095218170371592,0.9999999999999608,1.0,0.07041290055522,0.04485659546005639,0,0.6467065868263473,0.6095218170371592,0.037184769789188055,58,0.6856287425149701,0.6747911307132919,0.010837611801678193,117,0.7035928143712575,0.6847470198919086,0.018845794479348976,292,0.7664670658682635,0.6973494337346774,0.06911763213358613,585,0.8143712574850299,0.7066147268498129,0.10775653063521706,1169,0.8143712574850299,0.7155745841511761,0.09879667333385378
3,photo,metadata_distance_ridge,0.1,resnet18_art_painting-sketch_seed387_to_photo,resnet18_art_painting-sketch_seed387,resnet18,art_painting|sketch,photo,387,0.6077844311377245,0.6189451502714609,0.9999999999935943,1.0,0.0800378313555579,0.044265882644543626,0,0.6077844311377245,0.6189451502714609,0.011160719133736396,58,0.625748502994012,0.6818739991670797,0.056125496173067724,117,0.6586826347305389,0.6914867594385172,0.03280412470797833,292,0.7544910179640718,0.7036605839625548,0.05083043400151699,585,0.8173652694610778,0.7126150226374428,0.10475024682363498,1169,0.8502994011976048,0.7212778149362177,0.12902158626138716
3,photo,metadata_distance_ridge,0.1,resnet18_cartoon-sketch_seed42_to_photo,resnet18_cartoon-sketch_seed42,resnet18,cartoon|sketch,photo,42,0.4251497005988024,0.4410097430063576,0.999999999999994,1.0,0.105341920870941,0.04934965507248535,0,0.4251497005988024,0.4410097430063576,0.015860042407555175,58,0.5329341317365269,0.5428978096107986,0.00996367787427166,117,0.6107784431137725,0.5582693076855841,0.05250913542818836,292,0.6377245508982036,0.5776571247846103,0.06006742611359328,585,0.7574850299401198,0.5918597316190801,0.16562529832103967,1169,0.8293413173652695,0.6055514859215607,0.2237898314437088
3,photo,metadata_distance_ridge,0.1,resnet18_cartoon-sketch_seed387_to_photo,resnet18_cartoon-sketch_seed387,resnet18,cartoon|sketch,photo,387,0.5,0.5737905669043601,1.0,1.0,0.0965206986556669,0.03381968766042496,0,0.5,0.5737905669043601,0.07379056690436014,58,0.5718562874251497,0.6286927787069734,0.056836491281823665,117,0.6407185628742516,0.6372957410678803,0.0034228218063712124,292,0.7245508982035929,0.6482821861298186,0.07626871207377428,585,0.7455089820359282,0.6564312738417372,0.08907770819419103,1169,0.8263473053892215,0.6643721661496685,0.16197513923955298
4,sketch,mean_curve,,cnn3_art_painting_seed42_to_sketch,cnn3_art_painting_seed42,cnn3,art_painting,sketch,42,0.2290076335877862,0.34390383689085147,0.99999999999958,0.9999999999854265,0.0884748114359949,0.07851163737916637,0,0.2290076335877862,0.34390383689085147,0.11489620330306527,138,0.4847328244274809,0.5546351917131352,0.06990236728565435,275,0.5368956743002544,0.5779851539528152,0.04108947965256082,688,0.5572519083969466,0.6072336619160003,0.04998175351905365,1375,0.594147582697201,0.6279944445091581,0.03384686181195706,2750,0.6348600508905853,0.6476879803886,0.0128279294980147
4,sketch,mean_curve,,cnn3_art_painting_seed387_to_sketch,cnn3_art_painting_seed387,cnn3,art_painting,sketch,387,0.2557251908396946,0.34390383689085147,1.0,0.9999999999854265,0.0769142338211798,0.07851163737916637,0,0.2557251908396946,0.34390383689085147,0.08817864605115688,138,0.4821882951653944,0.5546351917131352,0.07244689654774084,275,0.5,0.5779851539528152,0.07798515395281524,688,0.544529262086514,0.6072336619160003,0.06270439982948628,1375,0.583969465648855,0.6279944445091581,0.0440249788603031,2750,0.6106870229007634,0.6476879803886,0.037000957487836605
4,sketch,mean_curve,,cnn3_cartoon_seed42_to_sketch,cnn3_cartoon_seed42,cnn3,cartoon,sketch,42,0.232824427480916,0.34390383689085147,0.9999999999270944,0.9999999999854265,0.099497776037387,0.07851163737916637,0,0.232824427480916,0.34390383689085147,0.11107940940993546,138,0.5203562340966921,0.5546351917131352,0.03427895761644317,275,0.5699745547073791,0.5779851539528152,0.008010599245436123,688,0.5687022900763359,0.6072336619160003,0.038531371839664375,1375,0.6450381679389313,0.6279944445091581,0.017043723429773228,2750,0.6628498727735369,0.6476879803886,0.015161892384936926
4,sketch,mean_curve,,cnn3_cartoon_seed387_to_sketch,cnn3_cartoon_seed387,cnn3,cartoon,sketch,387,0.1590330788804071,0.34390383689085147,0.9067738977496588,0.9999999999854265,0.136260062452075,0.07851163737916637,0,0.1590330788804071,0.34390383689085147,0.18487075801044436,138,0.5279898218829516,0.5546351917131352,0.02664536983018362,275,0.5610687022900763,0.5779851539528152,0.01691645166273892,688,0.5954198473282443,0.6072336619160003,0.011813814587755989,1375,0.6195928753180662,0.6279944445091581,0.008401569191091918,2750,0.6603053435114504,0.6476879803886,0.012617363122850445
4,sketch,mean_curve,,cnn3_photo_seed42_to_sketch,cnn3_photo_seed42,cnn3,photo,sketch,42,0.1564885496183206,0.34390383689085147,0.9999999999999992,0.9999999999854265,0.0914318998957702,0.07851163737916637,0,0.1564885496183206,0.34390383689085147,0.18741528727253087,138,0.4529262086513995,0.5546351917131352,0.10170898306173576,275,0.4936386768447837,0.5779851539528152,0.08434647710803156,688,0.5063613231552163,0.6072336619160003,0.10087233876078394,1375,0.5852417302798982,0.6279944445091581,0.04275271422925986,2750,0.6081424936386769,0.6476879803886,0.03954548674992309
4,sketch,mean_curve,,cnn3_photo_seed387_to_sketch,cnn3_photo_seed387,cnn3,photo,sketch,387,0.1552162849872773,0.34390383689085147,0.9999999999999996,0.9999999999854265,0.0867547474106302,0.07851163737916637,0,0.1552162849872773,0.34390383689085147,0.18868755190357417,138,0.4274809160305343,0.5546351917131352,0.12715427568260096,275,0.4643765903307888,0.5779851539528152,0.11360856362202643,688,0.5165394402035624,0.6072336619160003,0.0906942217124379,1375,0.5585241730279898,0.6279944445091581,0.06947027148116824,2750,0.6017811704834606,0.6476879803886,0.0459068099051394
4,sketch,mean_curve,,cnn3_art_painting-cartoon_seed42_to_sketch,cnn3_art_painting-cartoon_seed42,cnn3,art_painting|cartoon,sketch,42,0.1984732824427481,0.34390383689085147,0.9999987204352938,0.9999999999854265,0.1058900166569212,0.07851163737916637,0,0.1984732824427481,0.34390383689085147,0.14543055444810338,138,0.5381679389312977,0.5546351917131352,0.016467252781837582,275,0.5623409669211196,0.5779851539528152,0.015644187031695678,688,0.5776081424936387,0.6072336619160003,0.02962551942236158,1375,0.6068702290076335,0.6279944445091581,0.021124215501524546,2750,0.678117048346056,0.6476879803886,0.030429067957456035
4,sketch,mean_curve,,cnn3_art_painting-cartoon_seed387_to_sketch,cnn3_art_painting-cartoon_seed387,cnn3,art_painting|cartoon,sketch,387,0.1450381679389313,0.34390383689085147,1.0,0.9999999999854265,0.115851783667619,0.07851163737916637,0,0.1450381679389313,0.34390383689085147,0.19886566895192018,138,0.5050890585241731,0.5546351917131352,0.04954613318896217,275,0.5419847328244275,0.5779851539528152,0.03600042112838775,688,0.6055979643765903,0.6072336619160003,0.0016356975394099527,1375,0.6374045801526718,0.6279944445091581,0.009410135643513673,2750,0.6666666666666666,0.6476879803886,0.018978686278066648
4,sketch,mean_curve,,cnn3_art_painting-photo_seed42_to_sketch,cnn3_art_painting-photo_seed42,cnn3,art_painting|photo,sketch,42,0.1577608142493638,0.34390383689085147,0.9999999999997722,0.9999999999854265,0.1031158722527271,0.07851163737916637,0,0.1577608142493638,0.34390383689085147,0.18614302264148766,138,0.4910941475826972,0.5546351917131352,0.06354104413043804,275,0.5139949109414759,0.5779851539528152,0.06399024301133938,688,0.5597964376590331,0.6072336619160003,0.04743722425696717,1375,0.5903307888040712,0.6279944445091581,0.037663655705086896,2750,0.6628498727735369,0.6476879803886,0.015161892384936926
4,sketch,mean_curve,,cnn3_art_painting-photo_seed387_to_sketch,cnn3_art_painting-photo_seed387,cnn3,art_painting|photo,sketch,387,0.2073791348600508,0.34390383689085147,0.9999999999979444,0.9999999999854265,0.0959832005178996,0.07851163737916637,0,0.2073791348600508,0.34390383689085147,0.13652470203080067,138,0.5050890585241731,0.5546351917131352,0.04954613318896217,275,0.5432569974554707,0.5779851539528152,0.03472815649734451,688,0.5623409669211196,0.6072336619160003,0.04489269499488069,1375,0.5992366412213741,0.6279944445091581,0.02875780328778399,2750,0.6437659033078881,0.6476879803886,0.003922077080711905
4,sketch,mean_curve,,cnn3_cartoon-photo_seed42_to_sketch,cnn3_cartoon-photo_seed42,cnn3,cartoon|photo,sketch,42,0.3702290076335878,0.34390383689085147,0.999999999999997,0.9999999999854265,0.066221920516156,0.07851163737916637,0,0.3702290076335878,0.34390383689085147,0.026325170742736326,138,0.5330788804071247,0.5546351917131352,0.021556311306010545,275,0.5534351145038168,0.5779851539528152,0.024550039448998473,688,0.5877862595419847,0.6072336619160003,0.019447402374015543,1375,0.6208651399491094,0.6279944445091581,0.007129304560048677,2750,0.6399491094147582,0.6476879803886,0.007738870973841738
4,sketch,mean_curve,,cnn3_cartoon-photo_seed387_to_sketch,cnn3_cartoon-photo_seed387,cnn3,cartoon|photo,sketch,387,0.2111959287531806,0.34390383689085147,0.9999999999997192,0.9999999999854265,0.1027438468064149,0.07851163737916637,0,0.2111959287531806,0.34390383689085147,0.13270790813767086,138,0.5356234096692112,0.5546351917131352,0.019011782043924064,275,0.5483460559796438,0.5779851539528152,0.029639097973171435,688,0.5801526717557252,0.6072336619160003,0.027080990160275098,1375,0.6348600508905853,0.6279944445091581,0.006865606381427192,2750,0.6552162849872774,0.6476879803886,0.007528304598677371
4,sketch,mean_curve,,resnet18_art_painting_seed42_to_sketch,resnet18_art_painting_seed42,resnet18,art_painting,sketch,42,0.4300254452926209,0.34390383689085147,0.999999999999996,0.9999999999854265,0.1468700032038195,0.07851163737916637,0,0.4300254452926209,0.34390383689085147,0.08612160840176941,138,0.6603053435114504,0.5546351917131352,0.10567015179831518,275,0.7137404580152672,0.5779851539528152,0.13575530406245195,688,0.7748091603053435,0.6072336619160003,0.16757549838934327,1375,0.8498727735368957,0.6279944445091581,0.22187832902773763,2750,0.8791348600508906,0.6476879803886,0.2314468796622906
4,sketch,mean_curve,,resnet18_art_painting_seed387_to_sketch,resnet18_art_painting_seed387,resnet18,art_painting,sketch,387,0.4465648854961832,0.34390383689085147,0.999999999999996,0.9999999999854265,0.1405087829488756,0.07851163737916637,0,0.4465648854961832,0.34390383689085147,0.1026610486053317,138,0.6704834605597965,0.5546351917131352,0.11584826884666122,275,0.7150127226463104,0.5779851539528152,0.1370275686934952,688,0.7798982188295165,0.6072336619160003,0.17266455691351623,1375,0.8384223918575063,0.6279944445091581,0.21042794734834824,2750,0.861323155216285,0.6476879803886,0.21363517482768501
4,sketch,mean_curve,,resnet18_cartoon_seed42_to_sketch,resnet18_cartoon_seed42,resnet18,cartoon,sketch,42,0.2964376590330789,0.34390383689085147,0.9999999999311148,0.9999999999854265,0.166800395010574,0.07851163737916637,0,0.2964376590330789,0.34390383689085147,0.047466177857772573,138,0.6208651399491094,0.5546351917131352,0.06622994823597417,275,0.6946564885496184,0.5779851539528152,0.11667133459680312,688,0.7697201017811705,0.6072336619160003,0.1624864398651702,1375,0.8231552162849872,0.6279944445091581,0.19516077177582913,2750,0.8740458015267175,0.6476879803886,0.22635782113811753
4,sketch,mean_curve,,resnet18_cartoon_seed387_to_sketch,resnet18_cartoon_seed387,resnet18,cartoon,sketch,387,0.3384223918575064,0.34390383689085147,0.9999999999999998,0.9999999999854265,0.1638280188002036,0.07851163737916637,0,0.3384223918575064,0.34390383689085147,0.005481445033345078,138,0.6615776081424937,0.5546351917131352,0.10694241642935842,275,0.6984732824427481,0.5779851539528152,0.12048812848993284,688,0.7709923664122137,0.6072336619160003,0.16375870449621344,1375,0.8206106870229007,0.6279944445091581,0.19261624251374265,2750,0.8816793893129771,0.6476879803886,0.2339914089243771
4,sketch,mean_curve,,resnet18_photo_seed42_to_sketch,resnet18_photo_seed42,resnet18,photo,sketch,42,0.1768447837150127,0.34390383689085147,1.0,0.9999999999854265,0.1842480442627502,0.07851163737916637,0,0.1768447837150127,0.34390383689085147,0.16705905317583877,138,0.5852417302798982,0.5546351917131352,0.030606538566762986,275,0.6793893129770993,0.5779851539528152,0.10140415902428401,688,0.7633587786259542,0.6072336619160003,0.156125116709954,1375,0.8142493638676844,0.6279944445091581,0.18625491935852634,2750,0.8854961832061069,0.6476879803886,0.23780820281750692
4,sketch,mean_curve,,resnet18_photo_seed387_to_sketch,resnet18_photo_seed387,resnet18,photo,sketch,387,0.2315521628498727,0.34390383689085147,1.0,0.9999999999854265,0.1732439151507683,0.07851163737916637,0,0.2315521628498727,0.34390383689085147,0.11235167404097876,138,0.6068702290076335,0.5546351917131352,0.0522350372944983,275,0.6577608142493638,0.5779851539528152,0.07977566029654859,688,0.7608142493638677,0.6072336619160003,0.1535805874478674,1375,0.8142493638676844,0.6279944445091581,0.18625491935852634,2750,0.8854961832061069,0.6476879803886,0.23780820281750692
4,sketch,mean_curve,,resnet18_art_painting-cartoon_seed42_to_sketch,resnet18_art_painting-cartoon_seed42,resnet18,art_painting|cartoon,sketch,42,0.3969465648854962,0.34390383689085147,0.999999999998308,0.9999999999854265,0.174315295474169,0.07851163737916637,0,0.3969465648854962,0.34390383689085147,0.05304272799464471,138,0.6984732824427481,0.5546351917131352,0.14383809072961284,275,0.7417302798982188,0.5779851539528152,0.16374512594540358,688,0.821882951653944,0.6072336619160003,0.21464928973794373,1375,0.8625954198473282,0.6279944445091581,0.23460097533817015,2750,0.8804071246819338,0.6476879803886,0.23271914429333385
4,sketch,mean_curve,,resnet18_art_painting-cartoon_seed387_to_sketch,resnet18_art_painting-cartoon_seed387,resnet18,art_painting|cartoon,sketch,387,0.3358778625954198,0.34390383689085147,0.999999999999999,0.9999999999854265,0.173174742999072,0.07851163737916637,0,0.3358778625954198,0.34390383689085147,0.00802597429543167,138,0.6628498727735369,0.5546351917131352,0.10821468106040166,275,0.7162849872773537,0.5779851539528152,0.13829983332453843,688,0.7938931297709924,0.6072336619160003,0.1866594678549921,1375,0.8384223918575063,0.6279944445091581,0.21042794734834824,2750,0.8854961832061069,0.6476879803886,0.23780820281750692
4,sketch,mean_curve,,resnet18_art_painting-photo_seed42_to_sketch,resnet18_art_painting-photo_seed42,resnet18,art_painting|photo,sketch,42,0.3511450381679389,0.34390383689085147,1.0,0.9999999999854265,0.1682529080028945,0.07851163737916637,0,0.3511450381679389,0.34390383689085147,0.007241201277087439,138,0.6539440203562341,0.5546351917131352,0.09930882864309887,275,0.7086513994910941,0.5779851539528152,0.13066624553827888,688,0.7824427480916031,0.6072336619160003,0.17520908617560282,1375,0.8536895674300254,0.6279944445091581,0.22569512292086735,2750,0.8893129770992366,0.6476879803886,0.24162499671063664
4,sketch,mean_curve,,resnet18_art_painting-photo_seed387_to_sketch,resnet18_art_painting-photo_seed387,resnet18,art_painting|photo,sketch,387,0.2760814249363867,0.34390383689085147,0.9999999999999996,0.9999999999854265,0.1731730868079062,0.07851163737916637,0,0.2760814249363867,0.34390383689085147,0.06782241195446476,138,0.6208651399491094,0.5546351917131352,0.06622994823597417,275,0.6908396946564885,0.5779851539528152,0.11285454070367329,688,0.7798982188295165,0.6072336619160003,0.17266455691351623,1375,0.8307888040712468,0.6279944445091581,0.2027943595620887,2750,0.8753180661577609,0.6476879803886,0.22763008576916088
4,sketch,mean_curve,,resnet18_cartoon-photo_seed42_to_sketch,resnet18_cartoon-photo_seed42,resnet18,cartoon|photo,sketch,42,0.3167938931297709,0.34390383689085147,1.0,0.9999999999854265,0.1543136635849651,0.07851163737916637,0,0.3167938931297709,0.34390383689085147,0.027109943761080557,138,0.6361323155216285,0.5546351917131352,0.08149712380849328,275,0.688295165394402,0.5779851539528152,0.11031001144158681,688,0.7430025445292621,0.6072336619160003,0.1357688826132618,1375,0.811704834605598,0.6279944445091581,0.18371039009643986,2750,0.8396946564885496,0.6476879803886,0.1920066760999496
4,sketch,mean_curve,,resnet18_cartoon-photo_seed387_to_sketch,resnet18_cartoon-photo_seed387,resnet18,cartoon|photo,sketch,387,0.3142493638676845,0.34390383689085147,0.999999999999164,0.9999999999854265,0.1670567675953629,0.07851163737916637,0,0.3142493638676845,0.34390383689085147,0.029654473023166983,138,0.6208651399491094,0.5546351917131352,0.06622994823597417,275,0.6908396946564885,0.5779851539528152,0.11285454070367329,688,0.7938931297709924,0.6072336619160003,0.1866594678549921,1375,0.8180661577608143,0.6279944445091581,0.19007171325165617,2750,0.8918575063613231,0.6476879803886,0.24416952597272312
4,sketch,metadata_ridge,0.1,cnn3_art_painting_seed42_to_sketch,cnn3_art_painting_seed42,cnn3,art_painting,sketch,42,0.2290076335877862,0.2995625577530695,0.99999999999958,0.9999999999507825,0.0884748114359949,0.10971350983456934,0,0.2290076335877862,0.2995625577530695,0.0705549241652833,138,0.4847328244274809,0.5923835727081483,0.10765074828066745,275,0.5368956743002544,0.6219331046587304,0.085037430358476,688,0.5572519083969466,0.6580375964175043,0.10078568802055765,1375,0.594147582697201,0.6830282853998073,0.08888070270260628,2750,0.6348600508905853,0.706227750496859,0.07136769960627376
4,sketch,metadata_ridge,0.1,cnn3_art_painting_seed387_to_sketch,cnn3_art_painting_seed387,cnn3,art_painting,sketch,387,0.2557251908396946,0.35391461508068534,1.0,0.9999999999471967,0.0769142338211798,0.10956389812445418,0,0.2557251908396946,0.35391461508068534,0.09818942424099075,138,0.4821882951653944,0.6237358322147682,0.14154753704937384,275,0.5,0.6509767139979512,0.1509767139979512,688,0.544529262086514,0.6842643979144055,0.13973513582789154,1375,0.583969465648855,0.7073081385377715,0.12333867288891653,2750,0.6106870229007634,0.7287024196504703,0.11801539674970696
4,sketch,metadata_ridge,0.1,cnn3_cartoon_seed42_to_sketch,cnn3_cartoon_seed42,cnn3,cartoon,sketch,42,0.232824427480916,0.29090980054410853,0.9999999999270944,0.999999999948849,0.099497776037387,0.08583674526716364,0,0.232824427480916,0.29090980054410853,0.05808537306319253,138,0.5203562340966921,0.5357498343132728,0.01539360021658076,275,0.5699745547073791,0.5622947136246842,0.007679841082694927,688,0.5687022900763359,0.5953514555296693,0.0266491654533334,1375,0.6450381679389313,0.6186772714677109,0.02636089647122042,2750,0.6628498727735369,0.6406920675182728,0.022157805255264118
4,sketch,metadata_ridge,0.1,cnn3_cartoon_seed387_to_sketch,cnn3_cartoon_seed387,cnn3,cartoon,sketch,387,0.1590330788804071,0.22623059820436076,0.9067738977496588,0.9999999999565777,0.136260062452075,0.08654167543925903,0,0.1590330788804071,0.22623059820436076,0.06719751932395365,138,0.5279898218829516,0.49516267071869985,0.03282715116425178,275,0.5610687022900763,0.5242583326870862,0.03681036960299011,688,0.5954198473282443,0.5604712326289243,0.03494861469931998,1375,0.6195928753180662,0.58600961562052,0.033583259697546164,2750,0.6603053435114504,0.6101008633741452,0.050204480137305274
4,sketch,metadata_ridge,0.1,cnn3_photo_seed42_to_sketch,cnn3_photo_seed42,cnn3,photo,sketch,42,0.1564885496183206,0.19653266467379732,0.9999999999999992,0.9999999999465505,0.0914318998957702,0.09605456654472103,0,0.1564885496183206,0.19653266467379732,0.040044115055476726,138,0.4529262086513995,0.4998251303223089,0.04689892167090942,275,0.4936386768447837,0.5317176797427667,0.03807900289798305,688,0.5063613231552163,0.5711115920030096,0.06475026884779334,1375,0.5852417302798982,0.598681119411463,0.013439389131564727,2750,0.6081424936386769,0.6245177188839064,0.016375225245229497
4,sketch,metadata_ridge,0.1,cnn3_photo_seed387_to_sketch,cnn3_photo_seed387,cnn3,photo,sketch,387,0.1552162849872773,0.18943153242644498,0.9999999999999996,0.9999999999361409,0.0867547474106302,0.0920807655258091,0,0.1552162849872773,0.18943153242644498,0.03421524743916768,138,0.4274809160305343,0.4854124653656672,0.05793154933513289,275,0.4643765903307888,0.5169090205779103,0.05253243024712151,688,0.5165394402035624,0.5559372886378605,0.039397848434298166,1375,0.5585241730279898,0.5833385538055146,0.024814380777524736,2750,0.6017811704834606,0.609088201568388,0.007307031084927473
4,sketch,metadata_ridge,0.1,cnn3_art_painting-cartoon_seed42_to_sketch,cnn3_art_painting-cartoon_seed42,cnn3,art_painting|cartoon,sketch,42,0.1984732824427481,0.27599354028250805,0.9999987204352938,0.9999999999561288,0.1058900166569212,0.09664102649211813,0,0.1984732824427481,0.27599354028250805,0.07752025783975997,138,0.5381679389312977,0.5505935605924536,0.012425621661155906,275,0.5623409669211196,0.579418193743516,0.01707722682239643,688,0.5776081424936387,0.6150059460600945,0.037397803566455834,1375,0.6068702290076335,0.639899989631282,0.033029760623648485,2750,0.678117048346056,0.6632198082813674,0.014897240064688622
4,sketch,metadata_ridge,0.1,cnn3_art_painting-cartoon_seed387_to_sketch,cnn3_art_painting-cartoon_seed387,cnn3,art_painting|cartoon,sketch,387,0.1450381679389313,0.24084524149553838,1.0,0.9999999999593249,0.115851783667619,0.09928240007854422,0,0.1450381679389313,0.24084524149553838,0.09580707355660709,138,0.5050890585241731,0.5348782313656528,0.02978917284147975,275,0.5419847328244275,0.5654987736255905,0.02351404080116304,688,0.6055979643765903,0.603224267280549,0.002373697096041294,1375,0.6374045801526718,0.6295575502228439,0.007847029929827887,2750,0.6666666666666666,0.654180532464713,0.012486134201953658
4,sketch,metadata_ridge,0.1,cnn3_art_painting-photo_seed42_to_sketch,cnn3_art_painting-photo_seed42,cnn3,art_painting|photo,sketch,42,0.1577608142493638,0.2235151198722664,0.9999999999997722,0.9999999999551392,0.1031158722527271,0.10542255522061232,0,0.1577608142493638,0.2235151198722664,0.0657543056229026,138,0.4910941475826972,0.5384583403744934,0.047364192791796156,275,0.5139949109414759,0.5706552754450778,0.0566603645036019,688,0.5597964376590331,0.6101292254697106,0.050332787810677515,1375,0.5903307888040712,0.6375468918301764,0.04721610302610524,2750,0.6628498727735369,0.6630750932721915,0.00022522049865458804
4,sketch,metadata_ridge,0.1,cnn3_art_painting-photo_seed387_to_sketch,cnn3_art_painting-photo_seed387,cnn3,art_painting|photo,sketch,387,0.2073791348600508,0.2917011357188556,0.9999999999979444,0.9999999999533167,0.0959832005178996,0.1007428537502479,0,0.2073791348600508,0.2917011357188556,0.08432200085880479,138,0.5050890585241731,0.569152954805738,0.06406389628156495,275,0.5432569974554707,0.5979200670921717,0.05466306963670098,688,0.5623409669211196,0.6333208284411844,0.07097986152006486,1375,0.5992366412213741,0.6580023139814227,0.058765672760048626,2750,0.6437659033078881,0.6810574604435669,0.03729155713567878
4,sketch,metadata_ridge,0.1,cnn3_cartoon-photo_seed42_to_sketch,cnn3_cartoon-photo_seed42,cnn3,cartoon|photo,sketch,42,0.3702290076335878,0.39410955416629345,0.999999999999997,0.999999999944697,0.066221920516156,0.08574979624084961,0,0.3702290076335878,0.39410955416629345,0.02388054653270566,138,0.5330788804071247,0.6031457626261783,0.07006688221905355,275,0.5534351145038168,0.6258147639706989,0.07237964946688213,688,0.5877862595419847,0.6540467743391648,0.06626051479718009,1375,0.6208651399491094,0.6739695126995895,0.05310437275048008,2750,0.6399491094147582,0.6927736317987647,0.05282452238400648
4,sketch,metadata_ridge,0.1,cnn3_cartoon-photo_seed387_to_sketch,cnn3_cartoon-photo_seed387,cnn3,cartoon|photo,sketch,387,0.2111959287531806,0.25769970686852994,0.9999999999997192,0.9999999999606878,0.1027438468064149,0.08814207181022168,0,0.2111959287531806,0.25769970686852994,0.04650377811534934,138,0.5356234096692112,0.519503899300065,0.01611951036914616,275,0.5483460559796438,0.5476934796588293,0.0006525763208145019,688,0.5801526717557252,0.5827338933750905,0.002581221619365359,1375,0.6348600508905853,0.6074135547856665,0.027446496104918783,2750,0.6552162849872774,0.630668962971147,0.024547322016130302
4,sketch,metadata_ridge,0.1,resnet18_art_painting_seed42_to_sketch,resnet18_art_painting_seed42,resnet18,art_painting,sketch,42,0.4300254452926209,0.5014313816716593,0.999999999999996,0.999999999941428,0.1468700032038195,0.13480260538598465,0,0.4300254452926209,0.5014313816716593,0.07140593637903847,138,0.6603053435114504,0.7436454910149151,0.08334014750346463,275,0.7137404580152672,0.7662863729972837,0.05254591498201655,688,0.7748091603053435,0.7934022472056488,0.018593086900305256,1375,0.8498727735368957,0.8117950694104045,0.03807770412649125,2750,0.8791348600508906,0.8285755967484448,0.050559263302445756
4,sketch,metadata_ridge,0.1,resnet18_art_painting_seed387_to_sketch,resnet18_art_painting_seed387,resnet18,art_painting,sketch,387,0.4465648854961832,0.5314396926987027,0.999999999999996,0.9999999999382996,0.1405087829488756,0.13480278767647347,0,0.4465648854961832,0.5314396926987027,0.08487480720251955,138,0.6704834605597965,0.7590754109918231,0.08859195043202661,275,0.7150127226463104,0.7803535708665464,0.065340848220236,688,0.7798982188295165,0.8058373759253975,0.025939157095881016,1375,0.8384223918575063,0.8231231555749409,0.015299236282565465,2750,0.861323155216285,0.8388936805187182,0.022429474697566842
4,sketch,metadata_ridge,0.1,resnet18_cartoon_seed42_to_sketch,resnet18_cartoon_seed42,resnet18,cartoon,sketch,42,0.2964376590330789,0.32260021048140486,0.9999999999311148,0.9999999999521676,0.166800395010574,0.11231629767083227,0,0.2964376590330789,0.32260021048140486,0.026162551448325966,138,0.6208651399491094,0.610820846440705,0.010044293508404412,275,0.6946564885496184,0.6396776623977976,0.054978826151820814,688,0.7697201017811705,0.6748627093840227,0.09485739239714774,1375,0.8231552162849872,0.6991659052227197,0.12398931106226752,2750,0.8740458015267175,0.7216865413381806,0.15235926018853696
4,sketch,metadata_ridge,0.1,resnet18_cartoon_seed387_to_sketch,resnet18_cartoon_seed387,resnet18,cartoon,sketch,387,0.3384223918575064,0.39080133322033506,0.9999999999999998,0.9999999999395364,0.1638280188002036,0.10985986925768239,0,0.3384223918575064,0.39080133322033506,0.05237894136282867,138,0.6615776081424937,0.6457355133965194,0.01584209474597431,275,0.6984732824427481,0.6714503630479357,0.027022919394812384,688,0.7709923664122137,0.7028658616718624,0.06812650474035131,1375,0.8206106870229007,0.7246083719661514,0.09600231505674939,2750,0.8816793893129771,0.7447904288722664,0.13688896044071064
4,sketch,metadata_ridge,0.1,resnet18_photo_seed42_to_sketch,resnet18_photo_seed42,resnet18,photo,sketch,42,0.1768447837150127,0.2391189896661292,1.0,0.9999999999482367,0.1842480442627502,0.1225125796280514,0,0.1768447837150127,0.2391189896661292,0.06227420595111652,138,0.5852417302798982,0.5843091414895555,0.0009325887903427477,275,0.6793893129770993,0.617814085461201,0.06157522751589828,688,0.7633587786259542,0.6583360268184352,0.10502275180751908,1375,0.8142493638676844,0.68609624955097,0.1281531143167144,2750,0.8854961832061069,0.7116394265219264,0.17385675668418055
4,sketch,metadata_ridge,0.1,resnet18_photo_seed387_to_sketch,resnet18_photo_seed387,resnet18,photo,sketch,387,0.2315521628498727,0.26375372863942964,1.0,0.9999999999468377,0.1732439151507683,0.120228531582771,0,0.2315521628498727,0.26375372863942964,0.032201565789556935,138,0.6068702290076335,0.5932087658933891,0.013661463114244432,275,0.6577608142493638,0.6254099875812745,0.032350826668089305,688,0.7608142493638677,0.6644260970779684,0.09638815228589925,1375,0.8142493638676844,0.6912040306813387,0.1230453331863457,2750,0.8854961832061069,0.7158823555810521,0.16961382762505484
4,sketch,metadata_ridge,0.1,resnet18_art_painting-cartoon_seed42_to_sketch,resnet18_art_painting-cartoon_seed42,resnet18,art_painting|cartoon,sketch,42,0.3969465648854962,0.48957252255180006,0.999999999998308,0.9999999999462094,0.174315295474169,0.1176871789169439,0,0.3969465648854962,0.48957252255180006,0.09262595766630388,138,0.6984732824427481,0.7144194148006359,0.015946132357887777,275,0.7417302798982188,0.7365669005967611,0.005163379301457716,688,0.821882951653944,0.7634559479690584,0.058427003684885626,1375,0.8625954198473282,0.781948591538521,0.0806468283088072,2750,0.8804071246819338,0.7990212684264468,0.081385856255487
4,sketch,metadata_ridge,0.1,resnet18_art_painting-cartoon_seed387_to_sketch,resnet18_art_painting-cartoon_seed387,resnet18,art_painting|cartoon,sketch,387,0.3358778625954198,0.4238260974729887,0.999999999999999,0.999999999950278,0.173174742999072,0.11978010323190297,0,0.3358778625954198,0.4238260974729887,0.08794823487756892,138,0.6628498727735369,0.6809468407869754,0.01809696801343852,275,0.7162849872773537,0.7061124140749491,0.010172573202404611,688,0.7938931297709924,0.7366147852952918,0.05727834447570057,1375,0.8384223918575063,0.7575570592022709,0.08086533265523543,2750,0.8854961832061069,0.7768632797593322,0.10863290344677468
4,sketch,metadata_ridge,0.1,resnet18_art_painting-photo_seed42_to_sketch,resnet18_art_painting-photo_seed42,resnet18,art_painting|photo,sketch,42,0.3511450381679389,0.45811829282858196,1.0,0.9999999999491069,0.1682529080028945,0.12586470864662036,0,0.3511450381679389,0.45811829282858196,0.10697325466064306,138,0.6539440203562341,0.7088112735873401,0.05486725323110597,275,0.7086513994910941,0.7328961303052002,0.024244730814106052,688,0.7824427480916031,0.76194744067839,0.020495307413213038,1375,0.8536895674300254,0.7817957547614514,0.07189381266857409,2750,0.8893129770992366,0.8000165716116696,0.08929640548756701
4,sketch,metadata_ridge,0.1,resnet18_art_painting-photo_seed387_to_sketch,resnet18_art_painting-photo_seed387,resnet18,art_painting|photo,sketch,387,0.2760814249363867,0.3917085471760239,0.9999999999999996,0.9999999999374596,0.1731730868079062,0.13188893502272017,0,0.2760814249363867,0.3917085471760239,0.11562712223963717,138,0.6208651399491094,0.6826987562219162,0.06183361627280681,275,0.6908396946564885,0.7101436527799403,0.01930395812345176,688,0.7798982188295165,0.7430894116534597,0.036808807176056835,1375,0.8307888040712468,0.7654892953872012,0.06529950868404555,2750,0.8753180661577609,0.7859668893861226,0.08935117677163829
4,sketch,metadata_ridge,0.1,resnet18_cartoon-photo_seed42_to_sketch,resnet18_cartoon-photo_seed42,resnet18,cartoon|photo,sketch,42,0.3167938931297709,0.3895770999179278,1.0,0.9999999999598314,0.1543136635849651,0.11169081176932955,0,0.3167938931297709,0.3895770999179278,0.07278320678815692,138,0.6361323155216285,0.6482162653493455,0.012083949827716989,275,0.688295165394402,0.6741605222103155,0.014134643184086526,688,0.7430025445292621,0.7058100658751678,0.03719247865409425,1375,0.811704834605598,0.7276822330230557,0.08402260158254227,2750,0.8396946564885496,0.747958925873771,0.09173573061477858
4,sketch,metadata_ridge,0.1,resnet18_cartoon-photo_seed387_to_sketch,resnet18_cartoon-photo_seed387,resnet18,cartoon|photo,sketch,387,0.3142493638676845,0.38373771296161147,0.999999999999164,0.9999999999515367,0.1670567675953629,0.11596983375763695,0,0.3142493638676845,0.38373771296161147,0.06948834909392698,138,0.6208651399491094,0.6522713125591585,0.03140617261004908,275,0.6908396946564885,0.6788604674319763,0.011979227224512279,688,0.7938931297709924,0.7111863068408042,0.08270682293018816,1375,0.8180661577608143,0.7334488666936814,0.0846172910671329,2750,0.8918575063613231,0.7540264328390162,0.13783107352230695
4,sketch,distance_ridge,0.001,cnn3_art_painting_seed42_to_sketch,cnn3_art_painting_seed42,cnn3,art_painting,sketch,42,0.2290076335877862,0.2536102725310909,0.99999999999958,0.9999999999792123,0.0884748114359949,0.08101664521113314,0,0.2290076335877862,0.2536102725310909,0.024602638943304722,138,0.4847328244274809,0.49956718061718264,0.014834356189701747,275,0.5368956743002544,0.5266183833163689,0.010277290983885523,688,0.5572519083969466,0.5604354563824405,0.0031835479854939175,1375,0.594147582697201,0.5843906422067,0.00975694049050102,2750,0.6348600508905853,0.6070749973716278,0.027785053518957437
4,sketch,distance_ridge,0.001,cnn3_art_painting_seed387_to_sketch,cnn3_art_painting_seed387,cnn3,art_painting,sketch,387,0.2557251908396946,0.24233071734046074,1.0,0.9999999999635459,0.0769142338211798,0.08604906957371304,0,0.2557251908396946,0.24233071734046074,0.013394473499233839,138,0.4821882951653944,0.5044639543597871,0.022275659194392672,275,0.5,0.5328657344964567,0.03286573449645669,688,0.544529262086514,0.5682289127831845,0.02369965069667057,1375,0.583969465648855,0.5931779494260295,0.009208483777174536,2750,0.6106870229007634,0.6167212730107537,0.006034250109990369
4,sketch,distance_ridge,0.001,cnn3_cartoon_seed42_to_sketch,cnn3_cartoon_seed42,cnn3,cartoon,sketch,42,0.232824427480916,0.2833616186382053,0.9999999999270944,0.9999999999624796,0.099497776037387,0.07713358841210512,0,0.232824427480916,0.2833616186382053,0.0505371911572893,138,0.5203562340966921,0.5102193281428322,0.010136905953859854,275,0.5699745547073791,0.5354590671557623,0.03451548755161682,688,0.5687022900763359,0.567109524118748,0.0015927659575878383,1375,0.6450381679389313,0.589600179895153,0.05543798804377831,2750,0.6628498727735369,0.6109550228325245,0.051894849941012455
4,sketch,distance_ridge,0.001,cnn3_cartoon_seed387_to_sketch,cnn3_cartoon_seed387,cnn3,cartoon,sketch,387,0.1590330788804071,0.26447575943772217,0.9067738977496588,0.9999999999638003,0.136260062452075,0.08268319276458654,0,0.1590330788804071,0.26447575943772217,0.10544268055731507,138,0.5279898218829516,0.510890965990383,0.017098855892568654,275,0.5610687022900763,0.5378586441766329,0.023210058113443455,688,0.5954198473282443,0.571526503765853,0.023893343562391256,1375,0.6195928753180662,0.595343987819815,0.02424888749825116,2750,0.6603053435114504,0.617871942362858,0.0424334011485924
4,sketch,distance_ridge,0.001,cnn3_photo_seed42_to_sketch,cnn3_photo_seed42,cnn3,photo,sketch,42,0.1564885496183206,0.19617448545414257,0.9999999999999992,0.9999999999415782,0.0914318998957702,0.07605714277500857,0,0.1564885496183206,0.19617448545414257,0.03968593583582197,138,0.4529262086513995,0.44770615336563885,0.005220055285760639,275,0.4936386768447837,0.47578044594260294,0.01785823090218075,688,0.5063613231552163,0.5110156692304602,0.004654346075243843,1375,0.5852417302798982,0.5360753627169907,0.04916636756290749,2750,0.6081424936386769,0.5598872397468262,0.0482552538918507
4,sketch,distance_ridge,0.001,cnn3_photo_seed387_to_sketch,cnn3_photo_seed387,cnn3,photo,sketch,387,0.1552162849872773,0.18445475043494913,0.9999999999999996,0.999999999920748,0.0867547474106302,0.08066347499545337,0,0.1552162849872773,0.18445475043494913,0.029238465447671835,138,0.4274809160305343,0.4522466508980798,0.02476573486754552,275,0.4643765903307888,0.48173025872328973,0.01735366839250091,688,0.5165394402035624,0.5185985022254499,0.0020590620218875477,1375,0.5585241730279898,0.5447224947545799,0.013801678273409945,2750,0.6017811704834606,0.5694666492800284,0.032314521203432145
4,sketch,distance_ridge,0.001,cnn3_art_painting-cartoon_seed42_to_sketch,cnn3_art_painting-cartoon_seed42,cnn3,art_painting|cartoon,sketch,42,0.1984732824427481,0.2814210485336968,0.9999987204352938,0.9999999999883057,0.1058900166569212,0.08496583449311834,0,0.1984732824427481,0.2814210485336968,0.08294776609094873,138,0.5381679389312977,0.5275112733456591,0.010656665585638603,275,0.5623409669211196,0.5542610202541174,0.00807994666700218,688,0.5776081424936387,0.5875960397512918,0.009987897257653144,1375,0.6068702290076335,0.6111347301617516,0.004264501154118028,2750,0.678117048346056,0.6333638333488332,0.044753214997222845
4,sketch,distance_ridge,0.001,cnn3_art_painting-cartoon_seed387_to_sketch,cnn3_art_painting-cartoon_seed387,cnn3,art_painting|cartoon,sketch,387,0.1450381679389313,0.2831138747719915,1.0,0.9999999999985827,0.115851783667619,0.07955078461440561,0,0.1450381679389313,0.2831138747719915,0.13807570683306022,138,0.5050890585241731,0.5158592192275538,0.010770160703380771,275,0.5419847328244275,0.5415690373755815,0.0004156954488460096,688,0.6055979643765903,0.5737468425517182,0.03185112182487215,1375,0.6374045801526718,0.5965677466071714,0.040836833545500384,2750,0.6666666666666666,0.6181999333269662,0.04846673333970042
4,sketch,distance_ridge,0.001,cnn3_art_painting-photo_seed42_to_sketch,cnn3_art_painting-photo_seed42,cnn3,art_painting|photo,sketch,42,0.1577608142493638,0.19063104796644384,0.9999999999997722,0.9999999999224317,0.1031158722527271,0.09313302223723015,0,0.1577608142493638,0.19063104796644384,0.03287023371708003,138,0.4910941475826972,0.48883501655361405,0.00225913102908315,275,0.5139949109414759,0.5204683234702677,0.006473412528791855,688,0.5597964376590331,0.5596331621565501,0.0001632755024829624,1375,0.5903307888040712,0.5871069999369206,0.0032237888671505788,2750,0.6628498727735369,0.6129060470806548,0.04994382569288214
4,sketch,distance_ridge,0.001,cnn3_art_painting-photo_seed387_to_sketch,cnn3_art_painting-photo_seed387,cnn3,art_painting|photo,sketch,387,0.2073791348600508,0.23196685836843783,0.9999999999979444,0.999999999954552,0.0959832005178996,0.09308008982648838,0,0.2073791348600508,0.23196685836843783,0.024587723508387033,138,0.5050890585241731,0.5148143464701762,0.009725287946003136,275,0.5432569974554707,0.5448234034292316,0.0015664059737608982,688,0.5623409669211196,0.5819788451686458,0.019637878247526275,1375,0.5992366412213741,0.6080442182899317,0.008807577068557615,2750,0.6437659033078881,0.6325215569005194,0.01124434640736871
4,sketch,distance_ridge,0.001,cnn3_cartoon-photo_seed42_to_sketch,cnn3_cartoon-photo_seed42,cnn3,cartoon|photo,sketch,42,0.3702290076335878,0.26986221586515535,0.999999999999997,0.999999999964988,0.066221920516156,0.08416049433527134,0,0.3702290076335878,0.26986221586515535,0.10036679176843244,138,0.5330788804071247,0.5179993337792547,0.015079546627870033,275,0.5534351145038168,0.5450363405000631,0.008398774003753662,688,0.5877862595419847,0.5787509924123211,0.009035267129663627,1375,0.6208651399491094,0.6025732048789256,0.018291935070183785,2750,0.6399491094147582,0.6250826012559021,0.014866508158856151
4,sketch,distance_ridge,0.001,cnn3_cartoon-photo_seed387_to_sketch,cnn3_cartoon-photo_seed387,cnn3,cartoon|photo,sketch,387,0.2111959287531806,0.2526242164276636,0.9999999999997192,0.9999999999642943,0.1027438468064149,0.08412818472625136,0,0.2111959287531806,0.2526242164276636,0.04142828767448298,138,0.5356234096692112,0.5065409971859174,0.029082412483293796,275,0.5483460559796438,0.5342104170602632,0.014135638919380633,688,0.5801526717557252,0.5687145659903147,0.011438105765410489,1375,0.6348600508905853,0.5930952586527775,0.041764792237807824,2750,0.6552162849872774,0.6161328732376599,0.03908341174961749
4,sketch,distance_ridge,0.001,resnet18_art_painting_seed42_to_sketch,resnet18_art_painting_seed42,resnet18,art_painting,sketch,42,0.4300254452926209,0.3517623969493329,0.999999999999996,0.9999999999888596,0.1468700032038195,0.09556394238362598,0,0.4300254452926209,0.3517623969493329,0.07826304834328796,138,0.6603053435114504,0.5954806719652431,0.0648246715462073,275,0.7137404580152672,0.6211464813575323,0.09259397665773494,688,0.7748091603053435,0.6528614845565988,0.12194767574874477,1375,0.8498727735368957,0.6750657665442128,0.17480700699268292,2750,0.8791348600508906,0.6958814301966658,0.18325342985422477
4,sketch,distance_ridge,0.001,resnet18_art_painting_seed387_to_sketch,resnet18_art_painting_seed387,resnet18,art_painting,sketch,387,0.4465648854961832,0.3625447336717928,0.999999999999996,0.9999999999931245,0.1405087829488756,0.0942207392092185,0,0.4465648854961832,0.3625447336717928,0.08402015182439038,138,0.6704834605597965,0.5995638522255354,0.07091960833426103,275,0.7150127226463104,0.6246249048090184,0.090387817837292,688,0.7798982188295165,0.6556258055812166,0.12427241324829985,1375,0.8384223918575063,0.6773536440357989,0.16106874782170744,2750,0.861323155216285,0.6977416080882065,0.16358154712807849
4,sketch,distance_ridge,0.001,resnet18_cartoon_seed42_to_sketch,resnet18_cartoon_seed42,resnet18,cartoon,sketch,42,0.2964376590330789,0.33916643192422935,0.9999999999311148,0.9999999999957753,0.166800395010574,0.10069723357568304,0,0.2964376590330789,0.33916643192422935,0.04272877289115046,138,0.6208651399491094,0.5979348477144066,0.022930292234702776,275,0.6946564885496184,0.6247684878156534,0.06988800073396495,688,0.7697201017811705,0.6577911225769959,0.11192897920417455,1375,0.8231552162849872,0.6808154201146862,0.14233979617030101,2750,0.8740458015267175,0.70232325499026,0.17172254653645747
4,sketch,distance_ridge,0.001,resnet18_cartoon_seed387_to_sketch,resnet18_cartoon_seed387,resnet18,cartoon,sketch,387,0.3384223918575064,0.3293704667115255,0.9999999999999998,0.9999999999929665,0.1638280188002036,0.10193082923017266,0,0.3384223918575064,0.3293704667115255,0.00905192514598091,138,0.6615776081424937,0.594450939727061,0.06712666841543269,275,0.6984732824427481,0.6218372145262823,0.07663606791646582,688,0.7709923664122137,0.6555068138873101,0.11548555252490356,1375,0.8206106870229007,0.6789588551523447,0.14165183187055608,2750,0.8816793893129771,0.7008475616681039,0.18083182764487316
4,sketch,distance_ridge,0.001,resnet18_photo_seed42_to_sketch,resnet18_photo_seed42,resnet18,photo,sketch,42,0.1768447837150127,0.304619421097699,1.0,0.9999999999962195,0.1842480442627502,0.1063595788412476,0,0.1768447837150127,0.304619421097699,0.12777463738268632,138,0.5852417302798982,0.5885733631739154,0.003331632894017167,275,0.6793893129770993,0.6175202073339816,0.06186910564311765,688,0.7633587786259542,0.6529829958617666,0.11037578276418769,1375,0.8142493638676844,0.6775959991955228,0.1366533646721616,2750,0.8854961832061069,0.7004979587894351,0.1849982244166718
4,sketch,distance_ridge,0.001,resnet18_photo_seed387_to_sketch,resnet18_photo_seed387,resnet18,photo,sketch,387,0.2315521628498727,0.27877083315492207,1.0,0.9999999999824644,0.1732439151507683,0.10906226212877784,0,0.2315521628498727,0.27877083315492207,0.047218670305049365,138,0.6068702290076335,0.5789329675120385,0.027937261495595056,275,0.6577608142493638,0.6092830830704584,0.048477731178905414,688,0.7608142493638677,0.6463850051670592,0.11442924419680844,1375,0.8142493638676844,0.6720795848493422,0.14216977901834227,2750,0.8854961832061069,0.6959432443809733,0.18955293882513358
4,sketch,distance_ridge,0.001,resnet18_art_painting-cartoon_seed42_to_sketch,resnet18_art_painting-cartoon_seed42,resnet18,art_painting|cartoon,sketch,42,0.3969465648854962,0.3497198637703213,0.999999999998308,0.999999999998271,0.174315295474169,0.09925227115431852,0,0.3969465648854962,0.3497198637703213,0.04722670111517485,138,0.6984732824427481,0.6015247039164529,0.09694857852629524,275,0.7417302798982188,0.6277499901064805,0.11398028979173835,688,0.821882951653944,0.6600611630267236,0.1618217886272204,1375,0.8625954198473282,0.6826156704611717,0.17997974938615657,2750,0.8804071246819338,0.7037057419106456,0.17670138277128822
4,sketch,distance_ridge,0.001,resnet18_art_painting-cartoon_seed387_to_sketch,resnet18_art_painting-cartoon_seed387,resnet18,art_painting|cartoon,sketch,387,0.3358778625954198,0.34956535659868426,0.999999999999999,0.9999999999952534,0.173174742999072,0.09839759868655293,0,0.3358778625954198,0.34956535659868426,0.013687494003264467,138,0.6628498727735369,0.5997455636430215,0.06310430913051546,275,0.7162849872773537,0.6258686747770064,0.09041631250034732,688,0.7938931297709924,0.6580759030530872,0.1358172267179052,1375,0.8384223918575063,0.6805733495183497,0.15784904233915664,2750,0.8854961832061069,0.7016225144717569,0.18387366873434996
4,sketch,distance_ridge,0.001,resnet18_art_painting-photo_seed42_to_sketch,resnet18_art_painting-photo_seed42,resnet18,art_painting|photo,sketch,42,0.3511450381679389,0.3233337675828208,1.0,0.9999999999940884,0.1682529080028945,0.10533405297584565,0,0.3511450381679389,0.3233337675828208,0.02781127058511812,138,0.6539440203562341,0.5976147339444217,0.05632928641181245,275,0.7086513994910941,0.6256622221726458,0.08298917731844835,688,0.7824427480916031,0.6600513110470083,0.12239143704459476,1375,0.8536895674300254,0.6839388586346407,0.16975070879538479,2750,0.8893129770992366,0.7061815790321744,0.18313139806706225
4,sketch,distance_ridge,0.001,resnet18_art_painting-photo_seed387_to_sketch,resnet18_art_painting-photo_seed387,resnet18,art_painting|photo,sketch,387,0.2760814249363867,0.31928837434126284,0.9999999999999996,0.9999999999973617,0.1731730868079062,0.10738946571474828,0,0.2760814249363867,0.31928837434126284,0.04320694940487613,138,0.6208651399491094,0.5992939003450743,0.021571239604035064,275,0.6908396946564885,0.6277495377952215,0.06309015686126707,688,0.7798982188295165,0.6625819416107532,0.11731627721876325,1375,0.8307888040712468,0.6867373545528961,0.1440514495183507,2750,0.8753180661577609,0.7091975165884132,0.16612054956934763
4,sketch,distance_ridge,0.001,resnet18_cartoon-photo_seed42_to_sketch,resnet18_cartoon-photo_seed42,resnet18,cartoon|photo,sketch,42,0.3167938931297709,0.338752575399838,1.0,0.999999999994132,0.1543136635849651,0.10090548067502075,0,0.3167938931297709,0.338752575399838,0.021958682270067087,138,0.6361323155216285,0.5980962531210706,0.0380360624005579,275,0.688295165394402,0.6249726946877272,0.06332247070667485,688,0.7430025445292621,0.6580425115188169,0.08496003301044519,1375,0.811704834605598,0.6810958346093601,0.13060899999623787,2750,0.8396946564885496,0.7026276791818824,0.13706697730666717
4,sketch,distance_ridge,0.001,resnet18_cartoon-photo_seed387_to_sketch,resnet18_cartoon-photo_seed387,resnet18,cartoon|photo,sketch,387,0.3142493638676845,0.3581350180381697,0.999999999999164,0.9999999999970561,0.1670567675953629,0.0971082665279345,0,0.3142493638676845,0.3581350180381697,0.04388565417048523,138,0.6208651399491094,0.6024980804137268,0.018367059535382646,275,0.6908396946564885,0.6281127980073002,0.06272689664918829,688,0.7938931297709924,0.6597257119507373,0.1341674178202551,1375,0.8180661577608143,0.6818309822180124,0.13623517554280185,2750,0.8918575063613231,0.7025316848143106,0.1893258215470125
4,sketch,metadata_distance_ridge,1.0,cnn3_art_painting_seed42_to_sketch,cnn3_art_painting_seed42,cnn3,art_painting,sketch,42,0.2290076335877862,0.33704665183485505,0.99999999999958,0.9999999999572016,0.0884748114359949,0.1509598277157358,0,0.2290076335877862,0.33704665183485505,0.10803901824706885,138,0.4847328244274809,0.6852441407843681,0.20051131635688724,275,0.5368956743002544,0.716205644178149,0.1793099698778946,688,0.5572519083969466,0.752812853788014,0.1955609453910674,1375,0.594147582697201,0.7773218162820941,0.18317423358489304,2750,0.6348600508905853,0.7994336544651307,0.16457360357454542
4,sketch,metadata_distance_ridge,1.0,cnn3_art_painting_seed387_to_sketch,cnn3_art_painting_seed387,cnn3,art_painting,sketch,387,0.2557251908396946,0.3863446097175729,1.0,0.9999999999425191,0.0769142338211798,0.1496387339523246,0,0.2557251908396946,0.3863446097175729,0.1306194188778783,138,0.4821882951653944,0.7067442529861885,0.22455595782079407,275,0.5,0.735351151504793,0.23535115150479302,688,0.544529262086514,0.7692099812776986,0.2246807191911846,1375,0.583969465648855,0.7919030741148018,0.20793360846594677,2750,0.6106870229007634,0.812395377041494,0.20170835414073063
4,sketch,metadata_distance_ridge,1.0,cnn3_cartoon_seed42_to_sketch,cnn3_cartoon_seed42,cnn3,cartoon,sketch,42,0.232824427480916,0.3134129348554369,0.9999999999270944,0.9999999999344233,0.099497776037387,0.11406970902927545,0,0.232824427480916,0.3134129348554369,0.08058850737452092,138,0.5203562340966921,0.6089407683311414,0.08858453423444934,275,0.5699745547073791,0.6383721839217602,0.06839762921438108,688,0.5687022900763359,0.6742077293288504,0.10550543925251454,1375,0.6450381679389313,0.6989252559070089,0.05388708796807762,2750,0.6628498727735369,0.7218020492754708,0.05895217650193385
4,sketch,metadata_distance_ridge,1.0,cnn3_cartoon_seed387_to_sketch,cnn3_cartoon_seed387,cnn3,cartoon,sketch,387,0.1590330788804071,0.2522473619743443,0.9067738977496588,0.9999999999417013,0.136260062452075,0.11733579204407024,0,0.1590330788804071,0.2522473619743443,0.09321428309393717,138,0.5279898218829516,0.5809116242811102,0.05292180239815858,275,0.5610687022900763,0.6133197831700856,0.05225108088000929,688,0.5954198473282443,0.6526772319808338,0.05725738465258956,1375,0.6195928753180662,0.6797525546238259,0.06015967930575972,2750,0.6603053435114504,0.7047549661866207,0.044449622675170275
4,sketch,metadata_distance_ridge,1.0,cnn3_photo_seed42_to_sketch,cnn3_photo_seed42,cnn3,photo,sketch,42,0.1564885496183206,0.23989775251912454,0.9999999999999992,0.9999999999299973,0.0914318998957702,0.13327416304699993,0,0.1564885496183206,0.23989775251912454,0.08340920290080395,138,0.4529262086513995,0.6062110613890671,0.15328485273766762,275,0.4936386768447837,0.640613382090222,0.14697470524543832,688,0.5063613231552163,0.6818655316609732,0.17550420850575688,1375,0.5852417302798982,0.7098816012301451,0.12463987095024687,2750,0.6081424936386769,0.735468870073019,0.12732637643434208
4,sketch,metadata_distance_ridge,1.0,cnn3_photo_seed387_to_sketch,cnn3_photo_seed387,cnn3,photo,sketch,387,0.1552162849872773,0.22515057643969885,0.9999999999999996,0.999999999908383,0.0867547474106302,0.12512183960063583,0,0.1552162849872773,0.22515057643969885,0.06993429145242155,138,0.4274809160305343,0.5820932746944146,0.15461235866388034,275,0.4643765903307888,0.6164638718322326,0.1520872815014438,688,0.5165394402035624,0.6579464484164531,0.14140700821289076,1375,0.5585241730279898,0.6863049959579828,0.12778082292999293,2750,0.6017811704834606,0.712351625339155,0.11057045485569439
4,sketch,metadata_distance_ridge,1.0,cnn3_art_painting-cartoon_seed42_to_sketch,cnn3_art_painting-cartoon_seed42,cnn3,art_painting|cartoon,sketch,42,0.1984732824427481,0.2982073467682784,0.9999987204352938,0.9999999999581265,0.1058900166569212,0.12907437543689093,0,0.1984732824427481,0.2982073467682784,0.09973406432553034,138,0.5381679389312977,0.6288063650073732,0.09063842607607553,275,0.5623409669211196,0.6602574029988317,0.09791643607771217,688,0.5776081424936387,0.6980969892538078,0.12048884676016913,1375,0.6068702290076335,0.7238827092824187,0.11701248027478517,2750,0.678117048346056,0.7475015492735899,0.0693845009275339
4,sketch,metadata_distance_ridge,1.0,cnn3_art_painting-cartoon_seed387_to_sketch,cnn3_art_painting-cartoon_seed387,cnn3,art_painting|cartoon,sketch,387,0.1450381679389313,0.26818164617475376,1.0,0.9999999999692907,0.115851783667619,0.13186111291757996,0,0.1450381679389313,0.26818164617475376,0.12314347823582247,138,0.5050890585241731,0.6182113786477796,0.11312232012360657,275,0.5419847328244275,0.6512274398991402,0.10924270707471273,688,0.6055979643765903,0.6908618867352145,0.08526392235862423,1375,0.6374045801526718,0.7178100272569127,0.08040544710424091,2750,0.6666666666666666,0.7424460349744205,0.07577936830775389
4,sketch,metadata_distance_ridge,1.0,cnn3_art_painting-photo_seed42_to_sketch,cnn3_art_painting-photo_seed42,cnn3,art_painting|photo,sketch,42,0.1577608142493638,0.2560845774687366,0.9999999999997722,0.9999999999211553,0.1031158722527271,0.14217600756300397,0,0.1577608142493638,0.2560845774687366,0.09832376321937278,138,0.4910941475826972,0.6311597786301919,0.1400656310474947,275,0.5139949109414759,0.6654316501361263,0.1514367391946504,688,0.5597964376590331,0.7062371418968737,0.1464407042378406,1375,0.5903307888040712,0.7337514052314422,0.14342061642737103,2750,0.6628498727735369,0.7587260011011834,0.09587612832764647
4,sketch,metadata_distance_ridge,1.0,cnn3_art_painting-photo_seed387_to_sketch,cnn3_art_painting-photo_seed387,cnn3,art_painting|photo,sketch,387,0.2073791348600508,0.32041076999162366,0.9999999999979444,0.9999999999373057,0.0959832005178996,0.14056101976614294,0,0.2073791348600508,0.32041076999162366,0.11303163513157286,138,0.5050890585241731,0.6603574115807854,0.15526835305661235,275,0.5432569974554707,0.6915748263255506,0.14831782887007983,688,0.5623409669211196,0.7287913733356705,0.1664504064145509,1375,0.5992366412213741,0.7539184350669093,0.15468179384553515,2750,0.6437659033078881,0.7767516885000101,0.132985785192122
4,sketch,metadata_distance_ridge,1.0,cnn3_cartoon-photo_seed42_to_sketch,cnn3_cartoon-photo_seed42,cnn3,cartoon|photo,sketch,42,0.3702290076335878,0.4153832377504703,0.999999999999997,0.9999999999308015,0.066221920516156,0.12153856295607304,0,0.3702290076335878,0.4153832377504703,0.04515423011688252,138,0.5330788804071247,0.6790685160816792,0.14598963567455447,275,0.5534351145038168,0.7047385954911088,0.15130348098729207,688,0.5877862595419847,0.7358089032064479,0.14802264366446316,1375,0.6208651399491094,0.7571108643862311,0.13624572443712168,2750,0.6399491094147582,0.7767247831655768,0.13677567375081856
4,sketch,metadata_distance_ridge,1.0,cnn3_cartoon-photo_seed387_to_sketch,cnn3_cartoon-photo_seed387,cnn3,cartoon|photo,sketch,387,0.2111959287531806,0.2839976481875023,0.9999999999997192,0.9999999999433871,0.1027438468064149,0.1205156793630238,0,0.2111959287531806,0.2839976481875023,0.07280171943432168,138,0.5356234096692112,0.6049540950059629,0.06933068533675169,275,0.5483460559796438,0.6362972100215787,0.08795115404193488,688,0.5801526717557252,0.6742649209230641,0.09411224916733896,1375,0.6348600508905853,0.7003172701899157,0.06545721929933046,2750,0.6552162849872774,0.7243221305560703,0.06910584556879296
4,sketch,metadata_distance_ridge,1.0,resnet18_art_painting_seed42_to_sketch,resnet18_art_painting_seed42,resnet18,art_painting,sketch,42,0.4300254452926209,0.5219065215255261,0.999999999999996,0.9999999999489896,0.1468700032038195,0.16594337879221532,0,0.4300254452926209,0.5219065215255261,0.0918810762329052,138,0.6603053435114504,0.789188789046734,0.12888344553528353,275,0.7137404580152672,0.8118691059756218,0.09812864796035459,688,0.7748091603053435,0.8383673354934761,0.06355817518813256,1375,0.8498727735368957,0.8558947271329781,0.0060219535960823745,2750,0.8791348600508906,0.8715446697856195,0.0075901902652710795
4,sketch,metadata_distance_ridge,1.0,resnet18_art_painting_seed387_to_sketch,resnet18_art_painting_seed387,resnet18,art_painting,sketch,387,0.4465648854961832,0.5505768033831526,0.999999999999996,0.9999999999492222,0.1405087829488756,0.16609379675723773,0,0.4465648854961832,0.5505768033831526,0.10401191788696945,138,0.6704834605597965,0.8019777367818691,0.13149427622207266,275,0.7150127226463104,0.8233003751260775,0.10828765247976702,688,0.7798982188295165,0.8482093999069816,0.06831118107746514,1375,0.8384223918575063,0.8646836008990737,0.026261209041567368,2750,0.861323155216285,0.8793916340558299,0.018068478839544877
4,sketch,metadata_distance_ridge,1.0,resnet18_cartoon_seed42_to_sketch,resnet18_cartoon_seed42,resnet18,cartoon,sketch,42,0.2964376590330789,0.34575363662848774,0.9999999999311148,0.9999999999568372,0.166800395010574,0.14512520201141255,0,0.2964376590330789,0.34575363662848774,0.049315977595408844,138,0.6208651399491094,0.6803049871010507,0.05943984715194128,275,0.6946564885496184,0.7105964236337499,0.015939935084131496,688,0.7697201017811705,0.7465780785597435,0.023142023221427,1375,0.8231552162849872,0.7707820188756058,0.0523731974093814,2750,0.8740458015267175,0.792707041146617,0.08133876038010046
4,sketch,metadata_distance_ridge,1.0,resnet18_cartoon_seed387_to_sketch,resnet18_cartoon_seed387,resnet18,cartoon,sketch,387,0.3384223918575064,0.4141991710038878,0.9999999999999998,0.9999999999464203,0.1638280188002036,0.14742472056992273,0,0.3384223918575064,0.4141991710038878,0.07577677914638142,138,0.6615776081424937,0.716980327633097,0.05540271949060338,275,0.6984732824427481,0.7442005286360656,0.04572724619331747,688,0.7709923664122137,0.776474895650594,0.005482529238380329,1375,0.8206106870229007,0.7981447560068085,0.02246593101609229,2750,0.8816793893129771,0.8177430732544415,0.06393631605853556
4,sketch,metadata_distance_ridge,1.0,resnet18_photo_seed42_to_sketch,resnet18_photo_seed42,resnet18,photo,sketch,42,0.1768447837150127,0.2685550133592465,1.0,0.9999999999620396,0.1842480442627502,0.15936539998068477,0,0.1768447837150127,0.2685550133592465,0.09171022964423378,138,0.5852417302798982,0.66683508773728,0.08159335745738172,275,0.6793893129770993,0.7013343920597234,0.021945079082624108,688,0.7633587786259542,0.7418526173583685,0.021506161267585755,1375,0.8142493638676844,0.7687964567192422,0.04545290714844219,2750,0.8854961832061069,0.7929639973275046,0.09253218587860235
4,sketch,metadata_distance_ridge,1.0,resnet18_photo_seed387_to_sketch,resnet18_photo_seed387,resnet18,photo,sketch,387,0.2315521628498727,0.29636859837878665,1.0,0.9999999999517336,0.1732439151507683,0.16092042645210428,0,0.2315521628498727,0.29636859837878665,0.06481643552891395,138,0.6068702290076335,0.6819536928179317,0.07508346381029818,275,0.6577608142493638,0.7151914108091157,0.05743059655975191,688,0.7608142493638677,0.7541796880928088,0.006634561271058881,1375,0.8142493638676844,0.7800735843876714,0.03417577948001305,2750,0.8854961832061069,0.8032743810534699,0.08222180215263697
4,sketch,metadata_distance_ridge,1.0,resnet18_art_painting-cartoon_seed42_to_sketch,resnet18_art_painting-cartoon_seed42,resnet18,art_painting|cartoon,sketch,42,0.3969465648854962,0.5074953300226319,0.999999999998308,0.9999999999513612,0.174315295474169,0.15176581756867463,0,0.3969465648854962,0.5074953300226319,0.11054876513713574,138,0.6984732824427481,0.7670976022258819,0.06862431978313377,275,0.7417302798982188,0.790123510923035,0.048393231024816186,688,0.821882951653944,0.8173306462616206,0.00455230539232343,1375,0.8625954198473282,0.8355342914867917,0.027061128360536535,2750,0.8804071246819338,0.8519483501208076,0.02845877456112622
4,sketch,metadata_distance_ridge,1.0,resnet18_art_painting-cartoon_seed387_to_sketch,resnet18_art_painting-cartoon_seed387,resnet18,art_painting|cartoon,sketch,387,0.3358778625954198,0.44071299401179376,0.999999999999999,0.9999999999533944,0.173174742999072,0.1492329474372661,0,0.3358778625954198,0.44071299401179376,0.10483513141637396,138,0.6628498727735369,0.7321902929673108,0.06934042019377384,275,0.7162849872773537,0.7582476676499017,0.04196268037254802,688,0.7938931297709924,0.7890988686259672,0.004794261145025125,1375,0.8384223918575063,0.8097829466653949,0.02863944519211148,2750,0.8854961832061069,0.8284663175731161,0.05702986563299084
4,sketch,metadata_distance_ridge,1.0,resnet18_art_painting-photo_seed42_to_sketch,resnet18_art_painting-photo_seed42,resnet18,art_painting|photo,sketch,42,0.3511450381679389,0.4816455914369133,1.0,0.9999999999548317,0.1682529080028945,0.16461063442607732,0,0.3511450381679389,0.4816455914369133,0.13050055326897442,138,0.6539440203562341,0.7699279984516345,0.1159839780954004,275,0.7086513994910941,0.794492723385856,0.08584132389476185,688,0.7824427480916031,0.8232230120381749,0.04078026394657186,1375,0.8536895674300254,0.8422472913236029,0.011442276106422566,2750,0.8893129770992366,0.8592494604173274,0.030063516681909208
4,sketch,metadata_distance_ridge,1.0,resnet18_art_painting-photo_seed387_to_sketch,resnet18_art_painting-photo_seed387,resnet18,art_painting|photo,sketch,387,0.2760814249363867,0.41151535715009946,0.9999999999999996,0.999999999953921,0.1731730868079062,0.16743695977620515,0,0.2760814249363867,0.41151535715009946,0.13543393221371275,138,0.6208651399491094,0.7424181541428223,0.1215530141937129,275,0.6908396946564885,0.7703657105955481,0.07952601593905961,688,0.7798982188295165,0.8029790828986996,0.023080864069183082,1375,0.8307888040712468,0.8245253416351477,0.006263462436099099,2750,0.8753180661577609,0.8437437899548865,0.03157427620287434
4,sketch,metadata_distance_ridge,1.0,resnet18_cartoon-photo_seed42_to_sketch,resnet18_cartoon-photo_seed42,resnet18,cartoon|photo,sketch,42,0.3167938931297709,0.41170906540390184,1.0,0.9999999999570174,0.1543136635849651,0.14543644520793064,0,0.3167938931297709,0.41170906540390184,0.09491517227413093,138,0.6361323155216285,0.7129750159151963,0.07684270039356778,275,0.688295165394402,0.7402263980896224,0.051931232695220375,688,0.7430025445292621,0.7725889089705469,0.029586364441284818,1375,0.811704834605598,0.7943528722020217,0.017351962403576282,2750,0.8396946564885496,0.8140634059584821,0.02563125053006743
4,sketch,metadata_distance_ridge,1.0,resnet18_cartoon-photo_seed387_to_sketch,resnet18_cartoon-photo_seed387,resnet18,cartoon|photo,sketch,387,0.3142493638676845,0.4001263277870744,0.999999999999164,0.9999999999550094,0.1670567675953629,0.14366112998038183,0,0.3142493638676845,0.4001263277870744,0.08587696391938993,138,0.6208651399491094,0.7047486623243334,0.083883522375224,275,0.6908396946564885,0.732455489331095,0.04161579467460652,688,0.7938931297709924,0.7654053945777552,0.028487735193237107,1375,0.8180661577608143,0.7875961761724035,0.030469981588410744,2750,0.8918575063613231,0.8077179706878591,0.084139535673464
