fold,held_out_target,prediction_model,selected_alpha,case_id,source_id,model,sources,target,seed,observed_zero_shot_val_accuracy,observed_best_val_accuracy_5,observed_best_val_accuracy_10,actual_curve_a0,predicted_curve_a0,actual_curve_a,predicted_curve_a,actual_curve_c,predicted_curve_c,n_25,actual_25,predicted_25,absolute_error_25,n_50,actual_50,predicted_50,absolute_error_50,n_100,actual_100,predicted_100,absolute_error_100
1,art_painting,mean_remaining_curve,,cnn3_cartoon_seed42_to_art_painting,cnn3_cartoon_seed42,cnn3,cartoon,art_painting,42,0.3024390243902439,0.3414634146341463,0.375609756097561,0.2634146341463415,0.34741394260259567,0.9999999999998976,0.9987051752500489,0.0337362711979295,0.10668588616849471,358,0.4048780487804878,0.6510227675539739,0.24614471877348615,716,0.4073170731707317,0.6757578883442584,0.26844081517352675,1433,0.4682926829268293,0.6987778817549846,0.23048519882815527
1,art_painting,mean_remaining_curve,,cnn3_cartoon_seed387_to_art_painting,cnn3_cartoon_seed387,cnn3,cartoon,art_painting,387,0.2975609756097561,0.3512195121951219,0.3902439024390244,0.2829268292682926,0.34741394260259567,0.9999999999999968,0.9987051752500489,0.0324657595163511,0.10668588616849471,358,0.4048780487804878,0.6510227675539739,0.24614471877348615,716,0.4195121951219512,0.6757578883442584,0.2562456932223072,1433,0.4682926829268293,0.6987778817549846,0.23048519882815527
1,art_painting,mean_remaining_curve,,cnn3_photo_seed42_to_art_painting,cnn3_photo_seed42,cnn3,photo,art_painting,42,0.2780487804878049,0.3804878048780488,0.4195121951219512,0.2292682926829268,0.34741394260259567,1.0,0.9987051752500489,0.0433191027721557,0.10668588616849471,358,0.375609756097561,0.6510227675539739,0.27541301145641295,716,0.4365853658536585,0.6757578883442584,0.23917252249059995,1433,0.473170731707317,0.6987778817549846,0.22560715004766757
1,art_painting,mean_remaining_curve,,cnn3_photo_seed387_to_art_painting,cnn3_photo_seed387,cnn3,photo,art_painting,387,0.2585365853658536,0.2975609756097561,0.3707317073170731,0.2341463414634146,0.34741394260259567,0.9999999999999994,0.9987051752500489,0.0457586615943139,0.10668588616849471,358,0.3902439024390244,0.6510227675539739,0.2607788651149495,716,0.4585365853658537,0.6757578883442584,0.21722130297840475,1433,0.5097560975609756,0.6987778817549846,0.18902178419400895
1,art_painting,mean_remaining_curve,,cnn3_sketch_seed42_to_art_painting,cnn3_sketch_seed42,cnn3,sketch,art_painting,42,0.1317073170731707,0.2926829268292683,0.3073170731707317,0.1341463414634146,0.34741394260259567,1.0,0.9987051752500489,0.0470925598889062,0.10668588616849471,358,0.3341463414634146,0.6510227675539739,0.3168764260905593,716,0.3634146341463414,0.6757578883442584,0.31234325419791703,1433,0.4463414634146341,0.6987778817549846,0.25243641834035047
1,art_painting,mean_remaining_curve,,cnn3_sketch_seed387_to_art_painting,cnn3_sketch_seed387,cnn3,sketch,art_painting,387,0.1170731707317073,0.2926829268292683,0.4,0.1390243902439024,0.34741394260259567,0.9999999992122746,0.9987051752500489,0.0459772377102066,0.10668588616849471,358,0.3048780487804878,0.6510227675539739,0.3461447187734861,716,0.4073170731707317,0.6757578883442584,0.26844081517352675,1433,0.4097560975609756,0.6987778817549846,0.289021784194009
1,art_painting,mean_remaining_curve,,cnn3_cartoon-photo_seed42_to_art_painting,cnn3_cartoon-photo_seed42,cnn3,cartoon|photo,art_painting,42,0.2878048780487804,0.3560975609756097,0.4,0.2853658536585365,0.34741394260259567,0.9999999999999958,0.9987051752500489,0.0443472132930882,0.10668588616849471,358,0.4585365853658537,0.6510227675539739,0.19248618218812025,716,0.4634146341463415,0.6757578883442584,0.21234325419791694,1433,0.4951219512195122,0.6987778817549846,0.20365593053547237
1,art_painting,mean_remaining_curve,,cnn3_cartoon-photo_seed387_to_art_painting,cnn3_cartoon-photo_seed387,cnn3,cartoon|photo,art_painting,387,0.2926829268292683,0.3804878048780488,0.4146341463414634,0.2926829268292683,0.34741394260259567,0.999999999999874,0.9987051752500489,0.0380318885160118,0.10668588616849471,358,0.4414634146341463,0.6510227675539739,0.20955935291982764,716,0.4585365853658537,0.6757578883442584,0.21722130297840475,1433,0.4902439024390244,0.6987778817549846,0.20853397931596018
1,art_painting,mean_remaining_curve,,cnn3_cartoon-sketch_seed42_to_art_painting,cnn3_cartoon-sketch_seed42,cnn3,cartoon|sketch,art_painting,42,0.224390243902439,0.3414634146341463,0.375609756097561,0.2585365853658536,0.34741394260259567,1.0,0.9987051752500489,0.0364097818422564,0.10668588616849471,358,0.3804878048780488,0.6510227675539739,0.27053496267592514,716,0.4317073170731707,0.6757578883442584,0.2440505712710877,1433,0.4804878048780487,0.6987778817549846,0.21829007687693586
1,art_painting,mean_remaining_curve,,cnn3_cartoon-sketch_seed387_to_art_painting,cnn3_cartoon-sketch_seed387,cnn3,cartoon|sketch,art_painting,387,0.2634146341463415,0.3219512195121951,0.3463414634146341,0.2682926829268293,0.34741394260259567,0.9999999999999968,0.9987051752500489,0.0312946709773587,0.10668588616849471,358,0.3926829268292683,0.6510227675539739,0.2583398407247056,716,0.3829268292682927,0.6757578883442584,0.29283105907596574,1433,0.4804878048780487,0.6987778817549846,0.21829007687693586
1,art_painting,mean_remaining_curve,,cnn3_photo-sketch_seed42_to_art_painting,cnn3_photo-sketch_seed42,cnn3,photo|sketch,art_painting,42,0.224390243902439,0.4048780487804878,0.4439024390243902,0.2268292682926829,0.34741394260259567,1.0,0.9987051752500489,0.0520414099235113,0.10668588616849471,358,0.4560975609756098,0.6510227675539739,0.19492520657836415,716,0.4634146341463415,0.6757578883442584,0.21234325419791694,1433,0.4926829268292683,0.6987778817549846,0.20609495492571628
1,art_painting,mean_remaining_curve,,cnn3_photo-sketch_seed387_to_art_painting,cnn3_photo-sketch_seed387,cnn3,photo|sketch,art_painting,387,0.3073170731707317,0.4048780487804878,0.4292682926829268,0.2609756097560975,0.34741394260259567,0.9999999999952618,0.9987051752500489,0.0367350228407601,0.10668588616849471,358,0.3560975609756097,0.6510227675539739,0.29492520657836424,716,0.4585365853658537,0.6757578883442584,0.21722130297840475,1433,0.4878048780487805,0.6987778817549846,0.2109730037062041
1,art_painting,mean_remaining_curve,,resnet18_cartoon_seed42_to_art_painting,resnet18_cartoon_seed42,resnet18,cartoon,art_painting,42,0.3219512195121951,0.3609756097560975,0.3902439024390244,0.3195121951219512,0.34741394260259567,0.999999999920286,0.9987051752500489,0.0331602284235848,0.10668588616849471,358,0.424390243902439,0.6510227675539739,0.2266325236515349,716,0.4585365853658537,0.6757578883442584,0.21722130297840475,1433,0.5439024390243903,0.6987778817549846,0.15487544273059428
1,art_painting,mean_remaining_curve,,resnet18_cartoon_seed387_to_art_painting,resnet18_cartoon_seed387,resnet18,cartoon,art_painting,387,0.2975609756097561,0.375609756097561,0.4097560975609756,0.2853658536585365,0.34741394260259567,0.9999999999999948,0.9987051752500489,0.0413608211274859,0.10668588616849471,358,0.4414634146341463,0.6510227675539739,0.20955935291982764,716,0.4707317073170731,0.6757578883442584,0.20502618102718534,1433,0.5365853658536586,0.6987778817549846,0.162192515901326
1,art_painting,mean_remaining_curve,,resnet18_photo_seed42_to_art_painting,resnet18_photo_seed42,resnet18,photo,art_painting,42,0.3121951219512195,0.3951219512195122,0.4097560975609756,0.2585365853658536,0.34741394260259567,1.0,0.9987051752500489,0.0637017075039449,0.10668588616849471,358,0.4682926829268293,0.6510227675539739,0.18273008462714463,716,0.5292682926829269,0.6757578883442584,0.14648959566133157,1433,0.5975609756097561,0.6987778817549846,0.10121690614522849
1,art_painting,mean_remaining_curve,,resnet18_photo_seed387_to_art_painting,resnet18_photo_seed387,resnet18,photo,art_painting,387,0.3219512195121951,0.448780487804878,0.4682926829268293,0.2682926829268293,0.34741394260259567,1.0,0.9987051752500489,0.0575386417317112,0.10668588616849471,358,0.4804878048780487,0.6510227675539739,0.17053496267592522,716,0.5121951219512195,0.6757578883442584,0.1635627663930389,1433,0.6048780487804878,0.6987778817549846,0.09389983297449678
1,art_painting,mean_remaining_curve,,resnet18_sketch_seed42_to_art_painting,resnet18_sketch_seed42,resnet18,sketch,art_painting,42,0.1560975609756097,0.3658536585365853,0.4341463414634146,0.1512195121951219,0.34741394260259567,1.0,0.9987051752500489,0.0708463847142912,0.10668588616849471,358,0.3975609756097561,0.6510227675539739,0.2534617919442178,716,0.5146341463414634,0.6757578883442584,0.161123742002795,1433,0.5756097560975609,0.6987778817549846,0.12316812565742363
1,art_painting,mean_remaining_curve,,resnet18_sketch_seed387_to_art_painting,resnet18_sketch_seed387,resnet18,sketch,art_painting,387,0.1560975609756097,0.3512195121951219,0.4195121951219512,0.173170731707317,0.34741394260259567,0.9999999999999998,0.9987051752500489,0.067545679923523,0.10668588616849471,358,0.448780487804878,0.6510227675539739,0.20224227974909592,716,0.4902439024390244,0.6757578883442584,0.18551398590523405,1433,0.551219512195122,0.6987778817549846,0.14755836955986257
1,art_painting,mean_remaining_curve,,resnet18_cartoon-photo_seed42_to_art_painting,resnet18_cartoon-photo_seed42,resnet18,cartoon|photo,art_painting,42,0.3463414634146341,0.4048780487804878,0.4634146341463415,0.3024390243902439,0.34741394260259567,0.9999999999999866,0.9987051752500489,0.051618168195195,0.10668588616849471,358,0.4829268292682926,0.6510227675539739,0.1680959382856813,716,0.5024390243902439,0.6757578883442584,0.17331886395401452,1433,0.573170731707317,0.6987778817549846,0.12560715004766754
1,art_painting,mean_remaining_curve,,resnet18_cartoon-photo_seed387_to_art_painting,resnet18_cartoon-photo_seed387,resnet18,cartoon|photo,art_painting,387,0.3658536585365853,0.4536585365853658,0.526829268292683,0.3365853658536585,0.34741394260259567,0.9999999998573303,0.9987051752500489,0.0439128362813676,0.10668588616849471,358,0.473170731707317,0.6510227675539739,0.17785203584665693,716,0.526829268292683,0.6757578883442584,0.14892862005157548,1433,0.5658536585365853,0.6987778817549846,0.13292422321839925
1,art_painting,mean_remaining_curve,,resnet18_cartoon-sketch_seed42_to_art_painting,resnet18_cartoon-sketch_seed42,resnet18,cartoon|sketch,art_painting,42,0.3170731707317073,0.4536585365853658,0.4585365853658537,0.2975609756097561,0.34741394260259567,1.0,0.9987051752500489,0.0459601952638361,0.10668588616849471,358,0.4365853658536585,0.6510227675539739,0.21443740170031544,716,0.4902439024390244,0.6757578883442584,0.18551398590523405,1433,0.5975609756097561,0.6987778817549846,0.10121690614522849
1,art_painting,mean_remaining_curve,,resnet18_cartoon-sketch_seed387_to_art_painting,resnet18_cartoon-sketch_seed387,resnet18,cartoon|sketch,art_painting,387,0.3121951219512195,0.4048780487804878,0.4341463414634146,0.2731707317073171,0.34741394260259567,0.9999999999999478,0.9987051752500489,0.0534184815683137,0.10668588616849471,358,0.448780487804878,0.6510227675539739,0.20224227974909592,716,0.4853658536585366,0.6757578883442584,0.19039203468572186,1433,0.5853658536585366,0.6987778817549846,0.11341202809644801
1,art_painting,mean_remaining_curve,,resnet18_photo-sketch_seed42_to_art_painting,resnet18_photo-sketch_seed42,resnet18,photo|sketch,art_painting,42,0.3317073170731707,0.4195121951219512,0.4341463414634146,0.3121951219512195,0.34741394260259567,1.0,0.9987051752500489,0.0565770370176416,0.10668588616849471,358,0.5,0.6510227675539739,0.15102276755397392,716,0.551219512195122,0.6757578883442584,0.12453837614913643,1433,0.5902439024390244,0.6987778817549846,0.1085339793159602
1,art_painting,mean_remaining_curve,,resnet18_photo-sketch_seed387_to_art_painting,resnet18_photo-sketch_seed387,resnet18,photo|sketch,art_painting,387,0.3024390243902439,0.3951219512195122,0.4390243902439024,0.2829268292682926,0.34741394260259567,1.0,0.9987051752500489,0.0535301206567496,0.10668588616849471,358,0.4707317073170731,0.6510227675539739,0.18029106023690084,716,0.4926829268292683,0.6757578883442584,0.18307496151499014,1433,0.5682926829268292,0.6987778817549846,0.13048519882815535
1,art_painting,three_point_log_curve,,cnn3_cartoon_seed42_to_art_painting,cnn3_cartoon_seed42,cnn3,cartoon,art_painting,42,0.3024390243902439,0.3414634146341463,0.375609756097561,,,,,,,358,0.4048780487804878,0.3755504899023989,0.029327558878088855,716,0.4073170731707317,0.38436991884470073,0.02294715432603095,1433,0.4682926829268293,0.39320711696326005,0.07508556596356925
1,art_painting,three_point_log_curve,,cnn3_cartoon_seed387_to_art_painting,cnn3_cartoon_seed387,cnn3,cartoon,art_painting,387,0.2975609756097561,0.3512195121951219,0.3902439024390244,,,,,,,358,0.4048780487804878,0.392554300190161,0.012323748590326755,716,0.4195121951219512,0.4039666650323273,0.015545530089623893,1433,0.4682926829268293,0.415402023236504,0.0528906596903253
1,art_painting,three_point_log_curve,,cnn3_photo_seed42_to_art_painting,cnn3_photo_seed42,cnn3,photo,art_painting,42,0.2780487804878049,0.3804878048780488,0.4195121951219512,,,,,,,358,0.375609756097561,0.4346279111955901,0.0590181550980291,716,0.4365853658536585,0.45321806246602514,0.01663269661236666,1433,0.473170731707317,0.4718456687323266,0.0013250629749904097
1,art_painting,three_point_log_curve,,cnn3_photo_seed387_to_art_painting,cnn3_photo_seed387,cnn3,photo,art_painting,387,0.2585365853658536,0.2975609756097561,0.3707317073170731,,,,,,,358,0.3902439024390244,0.35889698871829506,0.03134691372072934,716,0.4585365853658537,0.3712332174316675,0.0873033679341862,1433,0.5097560975609756,0.3835943008860662,0.1261617966749094
1,art_painting,three_point_log_curve,,cnn3_sketch_seed42_to_art_painting,cnn3_sketch_seed42,cnn3,sketch,art_painting,42,0.1317073170731707,0.2926829268292683,0.3073170731707317,,,,,,,358,0.3341463414634146,0.3451588289836332,0.011012487520218606,716,0.3634146341463414,0.3701643241110716,0.006749689964730188,1433,0.4463414634146341,0.3952201997170232,0.051121263697610886
1,art_painting,three_point_log_curve,,cnn3_sketch_seed387_to_art_painting,cnn3_sketch_seed387,cnn3,sketch,art_painting,387,0.1170731707317073,0.2926829268292683,0.4,,,,,,,358,0.3048780487804878,0.41371665185106427,0.10883860307057647,716,0.4073170731707317,0.449227882363276,0.04191080919254431,1433,0.4097560975609756,0.4848106600604837,0.07505456249950809
1,art_painting,three_point_log_curve,,cnn3_cartoon-photo_seed42_to_art_painting,cnn3_cartoon-photo_seed42,cnn3,cartoon|photo,art_painting,42,0.2878048780487804,0.3560975609756097,0.4,,,,,,,358,0.4585365853658537,0.4046800616974354,0.053856523668418255,716,0.4634146341463415,0.4186853624394661,0.044729271706875406,1433,0.4951219512195122,0.4327188807292602,0.06240307049025201
1,art_painting,three_point_log_curve,,cnn3_cartoon-photo_seed387_to_art_painting,cnn3_cartoon-photo_seed387,cnn3,cartoon|photo,art_painting,387,0.2926829268292683,0.3804878048780488,0.4146341463414634,,,,,,,358,0.4414634146341463,0.42738019846880365,0.014083216165342638,716,0.4585365853658537,0.44337741383937423,0.015159171526479442,1433,0.4902439024390244,0.45940686002005837,0.03083704241896601
1,art_painting,three_point_log_curve,,cnn3_cartoon-sketch_seed42_to_art_painting,cnn3_cartoon-sketch_seed42,cnn3,cartoon|sketch,art_painting,42,0.224390243902439,0.3414634146341463,0.375609756097561,,,,,,,358,0.3804878048780488,0.39603899921840247,0.01555119434035368,716,0.4317073170731707,0.4163428864459343,0.015364430627236414,1433,0.4804878048780487,0.43668768146389336,0.043800123414155345
1,art_painting,three_point_log_curve,,cnn3_cartoon-sketch_seed387_to_art_painting,cnn3_cartoon-sketch_seed387,cnn3,cartoon|sketch,art_painting,387,0.2634146341463415,0.3219512195121951,0.3463414634146341,,,,,,,358,0.3926829268292683,0.35434818764937687,0.03833473917989144,716,0.3829268292682927,0.3651595312202185,0.017767298048074198,1433,0.4804878048780487,0.3759926572296679,0.1044951476483808
1,art_painting,three_point_log_curve,,cnn3_photo-sketch_seed42_to_art_painting,cnn3_photo-sketch_seed42,cnn3,photo|sketch,art_painting,42,0.224390243902439,0.4048780487804878,0.4439024390243902,,,,,,,358,0.4560975609756098,0.47950666441403267,0.023409103438422896,716,0.4634146341463415,0.5095812739696978,0.04616663982335628,1433,0.4926829268292683,0.5397164771353988,0.047033550306130545
1,art_painting,three_point_log_curve,,cnn3_photo-sketch_seed387_to_art_painting,cnn3_photo-sketch_seed387,cnn3,photo|sketch,art_painting,387,0.3073170731707317,0.4048780487804878,0.4292682926829268,,,,,,,358,0.3560975609756097,0.4475192715756714,0.09142171060006171,716,0.4585365853658537,0.46407284428912804,0.005536258923274362,1433,0.4878048780487805,0.48065976874827726,0.007145109300503216
1,art_painting,three_point_log_curve,,resnet18_cartoon_seed42_to_art_painting,resnet18_cartoon_seed42,resnet18,cartoon,art_painting,42,0.3219512195121951,0.3609756097560975,0.3902439024390244,,,,,,,358,0.424390243902439,0.39165656779431435,0.032733676108124665,716,0.4585365853658537,0.40003639676523234,0.05850018860062134,1433,0.5439024390243903,0.40843310921681175,0.13546932980757853
1,art_painting,three_point_log_curve,,resnet18_cartoon_seed387_to_art_painting,resnet18_cartoon_seed387,resnet18,cartoon,art_painting,387,0.2975609756097561,0.375609756097561,0.4097560975609756,,,,,,,358,0.4414634146341463,0.4199410860238154,0.021522328610330876,716,0.4707317073170731,0.43450274410873224,0.03622896320834085,1433,0.5365853658536586,0.44909374067699137,0.0874916251766672
1,art_painting,three_point_log_curve,,resnet18_photo_seed42_to_art_painting,resnet18_photo_seed42,resnet18,photo,art_painting,42,0.3121951219512195,0.3951219512195122,0.4097560975609756,,,,,,,358,0.4682926829268293,0.4271093440578736,0.0411833388689557,716,0.5292682926829269,0.440630380900082,0.08863791178284486,1433,0.5975609756097561,0.4541786596066339,0.14338231600312218
1,art_painting,three_point_log_curve,,resnet18_photo_seed387_to_art_painting,resnet18_photo_seed387,resnet18,photo,art_painting,387,0.3219512195121951,0.448780487804878,0.4682926829268293,,,,,,,358,0.4804878048780487,0.4956987843635273,0.015210979485478615,716,0.5121951219512195,0.5161194289625614,0.003924307011341832,1433,0.6048780487804878,0.5365812165920055,0.06829683218848226
1,art_painting,three_point_log_curve,,resnet18_sketch_seed42_to_art_painting,resnet18_sketch_seed42,resnet18,sketch,art_painting,42,0.1560975609756097,0.3658536585365853,0.4341463414634146,,,,,,,358,0.3975609756097561,0.4686021685438465,0.07104119293409039,716,0.5146341463414634,0.5056210497847757,0.009013096556687694,1433,0.5756097560975609,0.5427145157896314,0.03289524030792956
1,art_painting,three_point_log_curve,,resnet18_sketch_seed387_to_art_painting,resnet18_sketch_seed387,resnet18,sketch,art_painting,387,0.1560975609756097,0.3512195121951219,0.4195121951219512,,,,,,,358,0.448780487804878,0.4501264267056324,0.0013459389007544065,716,0.4902439024390244,0.484991972018081,0.005251930420943407,1433,0.551219512195122,0.5199277636042992,0.03129174859082284
1,art_painting,three_point_log_curve,,resnet18_cartoon-photo_seed42_to_art_painting,resnet18_cartoon-photo_seed42,resnet18,cartoon|photo,art_painting,42,0.3463414634146341,0.4048780487804878,0.4634146341463415,,,,,,,358,0.4829268292682926,0.46111783752792035,0.021808991740372263,716,0.5024390243902439,0.47500638089844877,0.02743264349179514,1433,0.573170731707317,0.48892290657675763,0.0842478251305594
1,art_painting,three_point_log_curve,,resnet18_cartoon-photo_seed387_to_art_painting,resnet18_cartoon-photo_seed387,resnet18,cartoon|photo,art_painting,387,0.3658536585365853,0.4536585365853658,0.526829268292683,,,,,,,358,0.473170731707317,0.5277998680164072,0.05462913630909022,716,0.526829268292683,0.5473138831580484,0.020484614865365458,1433,0.5658536585365853,0.566867214674572,0.0010135561379867042
1,art_painting,three_point_log_curve,,resnet18_cartoon-sketch_seed42_to_art_painting,resnet18_cartoon-sketch_seed42,resnet18,cartoon|sketch,art_painting,42,0.3170731707317073,0.4536585365853658,0.4585365853658537,,,,,,,358,0.4365853658536585,0.49291954511840796,0.056334179264749484,716,0.4902439024390244,0.5134569470889443,0.02321304464991991,1433,0.5975609756097561,0.5340357273298737,0.06352524827988237
1,art_painting,three_point_log_curve,,resnet18_cartoon-sketch_seed387_to_art_painting,resnet18_cartoon-sketch_seed387,resnet18,cartoon|sketch,art_painting,387,0.3121951219512195,0.4048780487804878,0.4341463414634146,,,,,,,358,0.448780487804878,0.449644856973457,0.0008643691685790156,716,0.4853658536585366,0.46592025101547063,0.01944560264306594,1433,0.5853658536585366,0.48222843633538726,0.1031374173231493
1,art_painting,three_point_log_curve,,resnet18_photo-sketch_seed42_to_art_painting,resnet18_photo-sketch_seed42,resnet18,photo|sketch,art_painting,42,0.3317073170731707,0.4195121951219512,0.4341463414634146,,,,,,,358,0.5,0.4527801197925628,0.047219880207437226,716,0.551219512195122,0.467018935277598,0.08420057691752397,1433,0.5902439024390244,0.4812864387903624,0.10895746364866193
1,art_painting,three_point_log_curve,,resnet18_photo-sketch_seed387_to_art_painting,resnet18_photo-sketch_seed387,resnet18,photo|sketch,art_painting,387,0.3024390243902439,0.3951219512195122,0.4390243902439024,,,,,,,358,0.4707317073170731,0.45010711110258894,0.020624596214484148,716,0.4926829268292683,0.46770130505875407,0.024981621770514217,1433,0.5682926829268292,0.4853309473796105,0.0829617355472187
1,art_painting,observation_ridge,1.0,cnn3_cartoon_seed42_to_art_painting,cnn3_cartoon_seed42,cnn3,cartoon,art_painting,42,0.3024390243902439,0.3414634146341463,0.375609756097561,0.2634146341463415,0.057989228138163984,0.9999999999998976,1.0,0.0337362711979295,0.08843137940368095,358,0.4048780487804878,0.4401066073616023,0.03522855858111451,716,0.4073170731707317,0.4733302544375685,0.0660131812668368,1433,0.4682926829268293,0.5046434917444517,0.03635080881762237
1,art_painting,observation_ridge,1.0,cnn3_cartoon_seed387_to_art_painting,cnn3_cartoon_seed387,cnn3,cartoon,art_painting,387,0.2975609756097561,0.3512195121951219,0.3902439024390244,0.2829268292682926,0.12017846842329802,0.9999999999999968,1.0,0.0324657595163511,0.08857464195629858,358,0.4048780487804878,0.47750996713308147,0.0726319183525937,716,0.4195121951219512,0.508562832354301,0.0890506372323498,1433,0.4682926829268293,0.5378272078593247,0.0695345249324954
1,art_painting,observation_ridge,1.0,cnn3_photo_seed42_to_art_painting,cnn3_photo_seed42,cnn3,photo,art_painting,42,0.2780487804878049,0.3804878048780488,0.4195121951219512,0.2292682926829268,0.1266147430841347,1.0,0.9987768467557476,0.0433191027721557,0.08437102256898123,358,0.375609756097561,0.4678663880668327,0.0922566319692717,716,0.4365853658536585,0.497965521830945,0.06138015597728652,1433,0.473170731707317,0.5264137811056819,0.05324304939836494
1,art_painting,observation_ridge,1.0,cnn3_photo_seed387_to_art_painting,cnn3_photo_seed387,cnn3,photo,art_painting,387,0.2585365853658536,0.2975609756097561,0.3707317073170731,0.2341463414634146,0.03337995184555764,0.9999999999999994,1.0,0.0457586615943139,0.08772079895529784,358,0.3902439024390244,0.4230729898305737,0.03282908739154927,716,0.4585365853658537,0.4570405745752601,0.0014960107905935827,1433,0.5097560975609756,0.48907072798472906,0.02068536957624656
1,art_painting,observation_ridge,1.0,cnn3_sketch_seed42_to_art_painting,cnn3_sketch_seed42,cnn3,sketch,art_painting,42,0.1317073170731707,0.2926829268292683,0.3073170731707317,0.1341463414634146,0.021942184842598744,1.0,0.9985834928480378,0.0470925598889062,0.069936391499858,358,0.3341463414634146,0.3513797747504448,0.017233433287030198,716,0.3634146341463414,0.3819453519217629,0.01853071777542148,1433,0.4463414634146341,0.4111246682390398,0.035216795175594284
1,art_painting,observation_ridge,1.0,cnn3_sketch_seed387_to_art_painting,cnn3_sketch_seed387,cnn3,sketch,art_painting,387,0.1170731707317073,0.2926829268292683,0.4,0.1390243902439024,0.025519976061226357,0.9999999992122746,1.0,0.0459772377102066,0.07960096773093167,358,0.3048780487804878,0.38992258169971344,0.08504453291922565,716,0.4073170731707317,0.42260787977451986,0.015290806603788176,1433,0.4097560975609756,0.45360266340267325,0.04384656584169766
1,art_painting,observation_ridge,1.0,cnn3_cartoon-photo_seed42_to_art_painting,cnn3_cartoon-photo_seed42,cnn3,cartoon|photo,art_painting,42,0.2878048780487804,0.3560975609756097,0.4,0.2853658536585365,0.06405619196853313,0.9999999999999958,1.0,0.0443472132930882,0.11248249883127724,358,0.4585365853658537,0.5171120511240463,0.05857546575819267,716,0.4634146341463415,0.5532610230066969,0.0898463888603554,1433,0.4951219512195122,0.5867686717269536,0.09164672050744138
1,art_painting,observation_ridge,1.0,cnn3_cartoon-photo_seed387_to_art_painting,cnn3_cartoon-photo_seed387,cnn3,cartoon|photo,art_painting,387,0.2926829268292683,0.3804878048780488,0.4146341463414634,0.2926829268292683,0.1134085756592467,0.999999999999874,1.0,0.0380318885160118,0.09405428939590886,358,0.4414634146341463,0.4901928366160747,0.04872942198192842,716,0.4585365853658537,0.5223060937731631,0.06376950840730938,1433,0.4902439024390244,0.55245517588686,0.06221127344783561
1,art_painting,observation_ridge,1.0,cnn3_cartoon-sketch_seed42_to_art_painting,cnn3_cartoon-sketch_seed42,cnn3,cartoon|sketch,art_painting,42,0.224390243902439,0.3414634146341463,0.375609756097561,0.2585365853658536,0.10096306500565527,1.0,1.0,0.0364097818422564,0.09080207992358796,358,0.3804878048780488,0.473049714896752,0.09256191001870323,716,0.4317073170731707,0.5051307648881812,0.07342344781501048,1433,0.4804878048780487,0.5353175121687886,0.05482970729073994
1,art_painting,observation_ridge,1.0,cnn3_cartoon-sketch_seed387_to_art_painting,cnn3_cartoon-sketch_seed387,cnn3,cartoon|sketch,art_painting,387,0.2634146341463415,0.3219512195121951,0.3463414634146341,0.2682926829268293,0.036877009480678236,0.9999999999999968,0.9999664815762921,0.0312946709773587,0.09785643126220996,358,0.3926829268292683,0.4584219046012599,0.06573897777199161,716,0.3829268292682927,0.4938671992360072,0.1109403699677145,1433,0.4804878048780487,0.5270570229517944,0.046569218073745644
1,art_painting,observation_ridge,1.0,cnn3_photo-sketch_seed42_to_art_painting,cnn3_photo-sketch_seed42,cnn3,photo|sketch,art_painting,42,0.224390243902439,0.4048780487804878,0.4439024390243902,0.2268292682926829,0.16916120215671662,1.0,0.9988018685281119,0.0520414099235113,0.08403327136966708,358,0.4560975609756098,0.4927709110823947,0.03667335010678491,716,0.4634146341463415,0.5213480010813284,0.05793336693498691,1433,0.4926829268292683,0.5483640150386709,0.05568108820940265
1,art_painting,observation_ridge,1.0,cnn3_photo-sketch_seed387_to_art_painting,cnn3_photo-sketch_seed387,cnn3,photo|sketch,art_painting,387,0.3073170731707317,0.4048780487804878,0.4292682926829268,0.2609756097560975,0.20329518475342914,0.9999999999952618,1.0,0.0367350228407601,0.06780191773272982,358,0.3560975609756097,0.46536530543334953,0.10926774445773985,716,0.4585365853658537,0.48986189196517693,0.031325306599323255,1433,0.4878048780487805,0.5132820578755505,0.025477179826770002
1,art_painting,observation_ridge,1.0,resnet18_cartoon_seed42_to_art_painting,resnet18_cartoon_seed42,resnet18,cartoon,art_painting,42,0.3219512195121951,0.3609756097560975,0.3902439024390244,0.3195121951219512,0.15013550599441572,0.999999999920286,1.0,0.0331602284235848,0.12823741360572638,358,0.424390243902439,0.6003397259141461,0.17594948201170707,716,0.4585365853658537,0.6342660348604925,0.1757294494946388,1433,0.5439024390243903,0.66537222448317,0.12146978545877973
1,art_painting,observation_ridge,1.0,resnet18_cartoon_seed387_to_art_painting,resnet18_cartoon_seed387,resnet18,cartoon,art_painting,387,0.2975609756097561,0.375609756097561,0.4097560975609756,0.2853658536585365,0.0660484181022647,0.9999999999999948,1.0,0.0413608211274859,0.15804412841725662,358,0.4414634146341463,0.6314412834485588,0.18997786881441248,716,0.4707317073170731,0.6696104321414722,0.1988787248243991,1433,0.5365853658536586,0.7038918897850643,0.16730652393140577
1,art_painting,observation_ridge,1.0,resnet18_photo_seed42_to_art_painting,resnet18_photo_seed42,resnet18,photo,art_painting,42,0.3121951219512195,0.3951219512195122,0.4097560975609756,0.2585365853658536,0.08721926201219637,1.0,1.0,0.0637017075039449,0.15334366377005243,358,0.4682926829268293,0.6296955570777691,0.16140287415093985,716,0.5292682926829269,0.6669643713350533,0.1376960786521264,1433,0.5975609756097561,0.7005463196364137,0.1029853440266576
1,art_painting,observation_ridge,1.0,resnet18_photo_seed387_to_art_painting,resnet18_photo_seed387,resnet18,photo,art_painting,387,0.3219512195121951,0.448780487804878,0.4682926829268293,0.2682926829268293,0.22224879722692698,1.0,1.0,0.0575386417317112,0.1314724389829346,358,0.4804878048780487,0.6411473213036636,0.16065951642561488,716,0.5121951219512195,0.6723436240303649,0.16014850207914533,1433,0.6048780487804878,0.7008827387536076,0.09600468997311984
1,art_painting,observation_ridge,1.0,resnet18_sketch_seed42_to_art_painting,resnet18_sketch_seed42,resnet18,sketch,art_painting,42,0.1560975609756097,0.3658536585365853,0.4341463414634146,0.1512195121951219,0.045784111792154025,1.0,1.0,0.0708463847142912,0.16315468297427954,358,0.3975609756097561,0.6345979169636277,0.23703694135387154,716,0.5146341463414634,0.6735961137397407,0.15896196739827728,1433,0.5756097560975609,0.7084984506254691,0.1328886945279082
1,art_painting,observation_ridge,1.0,resnet18_sketch_seed387_to_art_painting,resnet18_sketch_seed387,resnet18,sketch,art_painting,387,0.1560975609756097,0.3512195121951219,0.4195121951219512,0.173170731707317,0.04913615940845828,0.9999999999999998,1.0,0.067545679923523,0.1536167937801617,358,0.448780487804878,0.6148650643012337,0.16608457649635566,716,0.4902439024390244,0.6536919115809057,0.1634480091418813,1433,0.551219512195122,0.6886711464839158,0.1374516342887938
1,art_painting,observation_ridge,1.0,resnet18_cartoon-photo_seed42_to_art_painting,resnet18_cartoon-photo_seed42,resnet18,cartoon|photo,art_painting,42,0.3463414634146341,0.4048780487804878,0.4634146341463415,0.3024390243902439,0.12232126172161273,0.9999999999999866,1.0,0.051618168195195,0.1531443496613925,358,0.4829268292682926,0.643518250886846,0.1605914216185534,716,0.5024390243902439,0.6793516911787156,0.17691266678847173,1433,0.573170731707317,0.7116447182121407,0.13847398650482368
1,art_painting,observation_ridge,1.0,resnet18_cartoon-photo_seed387_to_art_painting,resnet18_cartoon-photo_seed387,resnet18,cartoon|photo,art_painting,387,0.3658536585365853,0.4536585365853658,0.526829268292683,0.3365853658536585,0.25709440096674413,0.9999999998573303,1.0,0.0439128362813676,0.13025877766039665,358,0.473170731707317,0.6547687093988517,0.18159797769153468,716,0.526829268292683,0.6845161030710665,0.15768683477838352,1433,0.5658536585365853,0.711752600808599,0.14589894227201372
1,art_painting,observation_ridge,1.0,resnet18_cartoon-sketch_seed42_to_art_painting,resnet18_cartoon-sketch_seed42,resnet18,cartoon|sketch,art_painting,42,0.3170731707317073,0.4536585365853658,0.4585365853658537,0.2975609756097561,0.18227657487893734,1.0,1.0,0.0459601952638361,0.13792570021704234,358,0.4365853658536585,0.6367603503539352,0.2001749845002767,716,0.4902439024390244,0.6698152887148803,0.1795713862758559,1433,0.5975609756097561,0.6999199060657434,0.10235893045598732
1,art_painting,observation_ridge,1.0,resnet18_cartoon-sketch_seed387_to_art_painting,resnet18_cartoon-sketch_seed387,resnet18,cartoon|sketch,art_painting,387,0.3121951219512195,0.4048780487804878,0.4341463414634146,0.2731707317073171,0.11062175105061361,0.9999999999999478,1.0,0.0534184815683137,0.14666578554794665,358,0.448780487804878,0.6247319681833461,0.17595148037846808,716,0.4853658536585366,0.660937668669995,0.17557181501145847,1433,0.5853658536585366,0.6937128737840232,0.10834702012548669
1,art_painting,observation_ridge,1.0,resnet18_photo-sketch_seed42_to_art_painting,resnet18_photo-sketch_seed42,resnet18,photo|sketch,art_painting,42,0.3317073170731707,0.4195121951219512,0.4341463414634146,0.3121951219512195,0.12591299100124476,1.0,1.0,0.0565770370176416,0.14056867566719405,358,0.5,0.6177139743558628,0.11771397435586284,716,0.551219512195122,0.6531368852929047,0.1019173730977827,1433,0.5902439024390244,0.6853391353193727,0.09509523288034838
1,art_painting,observation_ridge,1.0,resnet18_photo-sketch_seed387_to_art_painting,resnet18_photo-sketch_seed387,resnet18,photo|sketch,art_painting,387,0.3024390243902439,0.3951219512195122,0.4390243902439024,0.2829268292682926,0.09456994847536387,1.0,1.0,0.0535301206567496,0.15367040234404306,358,0.4707317073170731,0.6333830729829721,0.16265136566589905,716,0.4926829268292683,0.6703552775031074,0.17767235067383913,1433,0.5682926829268292,0.7036624222386056,0.13536973931177643
1,art_painting,metadata_observation_ridge,1.0,cnn3_cartoon_seed42_to_art_painting,cnn3_cartoon_seed42,cnn3,cartoon,art_painting,42,0.3024390243902439,0.3414634146341463,0.375609756097561,0.2634146341463415,0.2788227869597796,0.9999999999998976,1.0,0.0337362711979295,0.03127773293222576,358,0.4048780487804878,0.40003704687796077,0.004841001902527009,716,0.4073170731707317,0.4128787080137962,0.005561634843064545,1433,0.4682926829268293,0.42547055089339025,0.04282213203343904
1,art_painting,metadata_observation_ridge,1.0,cnn3_cartoon_seed387_to_art_painting,cnn3_cartoon_seed387,cnn3,cartoon,art_painting,387,0.2975609756097561,0.3512195121951219,0.3902439024390244,0.2829268292682926,0.265000372165819,0.9999999999999968,1.0,0.0324657595163511,0.040483328588791695,358,0.4048780487804878,0.4207735424976279,0.015895493717140108,716,0.4195121951219512,0.4367694555575201,0.01725726043556891,1433,0.4682926829268293,0.4523545261592148,0.01593815676761451
1,art_painting,metadata_observation_ridge,1.0,cnn3_photo_seed42_to_art_painting,cnn3_photo_seed42,cnn3,photo,art_painting,42,0.2780487804878049,0.3804878048780488,0.4195121951219512,0.2292682926829268,0.26560565033845207,1.0,0.9994875849321739,0.0433191027721557,0.044113722011677,358,0.375609756097561,0.4333637095966455,0.05775395349908452,716,0.4365853658536585,0.4503785129007287,0.013793147047070242,1433,0.473170731707317,0.46691468273366277,0.006256048973654227
1,art_painting,metadata_observation_ridge,1.0,cnn3_photo_seed387_to_art_painting,cnn3_photo_seed387,cnn3,photo,art_painting,387,0.2585365853658536,0.2975609756097561,0.3707317073170731,0.2341463414634146,0.22940438467835653,0.9999999999999994,1.0,0.0457586615943139,0.025483088825542413,358,0.3902439024390244,0.33669261167541664,0.05355129076360776,716,0.4585365853658537,0.348282946610614,0.11025363875523969,1433,0.5097560975609756,0.3596934991001496,0.15006259846082604
1,art_painting,metadata_observation_ridge,1.0,cnn3_sketch_seed42_to_art_painting,cnn3_sketch_seed42,cnn3,sketch,art_painting,42,0.1317073170731707,0.2926829268292683,0.3073170731707317,0.1341463414634146,0.11988819968843906,1.0,1.0,0.0470925598889062,0.06613229287699754,358,0.3341463414634146,0.40356435626065557,0.06941801479724097,716,0.3634146341463414,0.43023493794323403,0.06682030379689263,1433,0.4463414634146341,0.45576306643341047,0.00942160301877637
1,art_painting,metadata_observation_ridge,1.0,cnn3_sketch_seed387_to_art_painting,cnn3_sketch_seed387,cnn3,sketch,art_painting,387,0.1170731707317073,0.2926829268292683,0.4,0.1390243902439024,0.10850515086919665,0.9999999992122746,1.0,0.0459772377102066,0.07922621946665115,358,0.3048780487804878,0.44064391787781765,0.13576586909732985,716,0.4073170731707317,0.4704745341800778,0.0631574610093461,1433,0.4097560975609756,0.49876962420342114,0.08901352664244555
1,art_painting,metadata_observation_ridge,1.0,cnn3_cartoon-photo_seed42_to_art_painting,cnn3_cartoon-photo_seed42,cnn3,cartoon|photo,art_painting,42,0.2878048780487804,0.3560975609756097,0.4,0.2853658536585365,0.27057700185153577,0.9999999999999958,1.0,0.0443472132930882,0.04940827768901511,358,0.4585365853658537,0.4545729958194922,0.003963589546361501,716,0.4634146341463415,0.4728998148371739,0.009485180690832429,1433,0.4951219512195122,0.4906459130944293,0.004476038125082904
1,art_painting,metadata_observation_ridge,1.0,cnn3_cartoon-photo_seed387_to_art_painting,cnn3_cartoon-photo_seed387,cnn3,cartoon|photo,art_painting,387,0.2926829268292683,0.3804878048780488,0.4146341463414634,0.2926829268292683,0.2835059292205687,0.999999999999874,1.0,0.0380318885160118,0.04550060780037023,358,0.4414634146341463,0.4517807887903441,0.010317374156197823,716,0.4585365853658537,0.46876736911593736,0.010230783750083683,1433,0.4902439024390244,0.4852602635086446,0.004983638930379786
1,art_painting,metadata_observation_ridge,1.0,cnn3_cartoon-sketch_seed42_to_art_painting,cnn3_cartoon-sketch_seed42,cnn3,cartoon|sketch,art_painting,42,0.224390243902439,0.3414634146341463,0.375609756097561,0.2585365853658536,0.22741340701460103,1.0,1.0,0.0364097818422564,0.049904427998847894,358,0.3804878048780488,0.42398122339396727,0.04349341851591848,716,0.4317073170731707,0.4435269743595457,0.011819657286374963,1433,0.4804878048780487,0.4624468791911977,0.018040925686851006
1,art_painting,metadata_observation_ridge,1.0,cnn3_cartoon-sketch_seed387_to_art_painting,cnn3_cartoon-sketch_seed387,cnn3,cartoon|sketch,art_painting,387,0.2634146341463415,0.3219512195121951,0.3463414634146341,0.2682926829268293,0.26228048702458095,0.9999999999999968,1.0,0.0312946709773587,0.03716805065170628,358,0.3926829268292683,0.4071792574930969,0.014496330663828605,716,0.3829268292682927,0.42222707003275606,0.03930024076446337,1433,0.4804878048780487,0.43692208717553,0.043565717702518714
1,art_painting,metadata_observation_ridge,1.0,cnn3_photo-sketch_seed42_to_art_painting,cnn3_photo-sketch_seed42,cnn3,photo|sketch,art_painting,42,0.224390243902439,0.4048780487804878,0.4439024390243902,0.2268292682926829,0.24407247668816517,1.0,1.0,0.0520414099235113,0.06225033602461849,358,0.4560975609756098,0.47588731583196353,0.01978975485635376,716,0.4634146341463415,0.4979775586966766,0.034562924550335106,1433,0.4926829268292683,0.5191784623899811,0.026495535560712824
1,art_painting,metadata_observation_ridge,1.0,cnn3_photo-sketch_seed387_to_art_painting,cnn3_photo-sketch_seed387,cnn3,photo|sketch,art_painting,387,0.3073170731707317,0.4048780487804878,0.4292682926829268,0.2609756097560975,0.30788760031964857,0.9999999999952618,1.0,0.0367350228407601,0.04216049437430559,358,0.3560975609756097,0.45992685221298174,0.10382929123737206,716,0.4585365853658537,0.4754504356145677,0.016913850248714002,1433,0.4878048780487805,0.4905577530076435,0.0027528749588630053
1,art_painting,metadata_observation_ridge,1.0,resnet18_cartoon_seed42_to_art_painting,resnet18_cartoon_seed42,resnet18,cartoon,art_painting,42,0.3219512195121951,0.3609756097560975,0.3902439024390244,0.3195121951219512,0.3072774248814857,0.999999999920286,1.0,0.0331602284235848,0.08096386746316492,358,0.424390243902439,0.5697815682901275,0.14539132438768848,716,0.4585365853658537,0.5932144975073106,0.1346779121414569,1433,0.5439024390243903,0.6154144929926358,0.07151205396824556
1,art_painting,metadata_observation_ridge,1.0,resnet18_cartoon_seed387_to_art_painting,resnet18_cartoon_seed387,resnet18,cartoon,art_painting,387,0.2975609756097561,0.375609756097561,0.4097560975609756,0.2853658536585365,0.28107206173508076,0.9999999999999948,1.0,0.0413608211274859,0.0964885455005953,358,0.4414634146341463,0.5924808571985736,0.15101744256442728,716,0.4707317073170731,0.6187933474080021,0.14806164009092898,1433,0.5365853658536586,0.6434548570358589,0.10686949118220035
1,art_painting,metadata_observation_ridge,1.0,resnet18_photo_seed42_to_art_painting,resnet18_photo_seed42,resnet18,photo,art_painting,42,0.3121951219512195,0.3951219512195122,0.4097560975609756,0.2585365853658536,0.2915400660651073,1.0,1.0,0.0637017075039449,0.09728560070685414,358,0.4682926829268293,0.6002933295318489,0.1320006466050196,716,0.5292682926829269,0.6263074860165356,0.09703919333360878,1433,0.5975609756097561,0.6506759280401282,0.05311495243037212
1,art_painting,metadata_observation_ridge,1.0,resnet18_photo_seed387_to_art_painting,resnet18_photo_seed387,resnet18,photo,art_painting,387,0.3219512195121951,0.448780487804878,0.4682926829268293,0.2682926829268293,0.30619291402178794,1.0,1.0,0.0575386417317112,0.1056708097763991,358,0.4804878048780487,0.6274025900694528,0.14691478519140405,716,0.5121951219512195,0.6536671318191971,0.1414720098679776,1433,0.6048780487804878,0.6781276831160759,0.07324963433558807
1,art_painting,metadata_observation_ridge,1.0,resnet18_sketch_seed42_to_art_painting,resnet18_sketch_seed42,resnet18,sketch,art_painting,42,0.1560975609756097,0.3658536585365853,0.4341463414634146,0.1512195121951219,0.13375006814372978,1.0,1.0,0.0708463847142912,0.15789941607953245,358,0.3975609756097561,0.6578667428064974,0.26030576719674126,716,0.5146341463414634,0.6932684804134379,0.1786343340719745,1433,0.5756097560975609,0.7250675858147285,0.1494578297171676
1,art_painting,metadata_observation_ridge,1.0,resnet18_sketch_seed387_to_art_painting,resnet18_sketch_seed387,resnet18,sketch,art_painting,387,0.1560975609756097,0.3512195121951219,0.4195121951219512,0.173170731707317,0.16109748781736544,0.9999999999999998,1.0,0.067545679923523,0.11834913786787134,358,0.448780487804878,0.5818633169626425,0.13308282915776448,716,0.4902439024390244,0.6147317105495393,0.12448780811051496,1433,0.551219512195122,0.645074972838437,0.09385546064331496
1,art_painting,metadata_observation_ridge,1.0,resnet18_cartoon-photo_seed42_to_art_painting,resnet18_cartoon-photo_seed42,resnet18,cartoon|photo,art_painting,42,0.3463414634146341,0.4048780487804878,0.4634146341463415,0.3024390243902439,0.3376959271087904,0.9999999999999866,1.0,0.051618168195195,0.09132080813682814,358,0.4829268292682926,0.6129882632680757,0.13006143399978304,716,0.5024390243902439,0.6366801645365732,0.13424114014632926,1433,0.573170731707317,0.6589651146678202,0.08579438296050312
1,art_painting,metadata_observation_ridge,1.0,resnet18_cartoon-photo_seed387_to_art_painting,resnet18_cartoon-photo_seed387,resnet18,cartoon|photo,art_painting,387,0.3658536585365853,0.4536585365853658,0.526829268292683,0.3365853658536585,0.3712594619689032,0.9999999998573303,1.0,0.0439128362813676,0.09309727055614292,358,0.473170731707317,0.6364207049869031,0.16324997327958607,716,0.526829268292683,0.6590973140927635,0.13226804580008056,1433,0.5658536585365853,0.680401043975462,0.11454738543887666
1,art_painting,metadata_observation_ridge,1.0,resnet18_cartoon-sketch_seed42_to_art_painting,resnet18_cartoon-sketch_seed42,resnet18,cartoon|sketch,art_painting,42,0.3170731707317073,0.4536585365853658,0.4585365853658537,0.2975609756097561,0.33358902108993954,1.0,1.0,0.0459601952638361,0.10205119739076227,358,0.4365853658536585,0.634412199242963,0.1978268333893045,716,0.4902439024390244,0.6593307029989884,0.16908680055996406,1433,0.5975609756097561,0.6825959069840448,0.08503493137428875
1,art_painting,metadata_observation_ridge,1.0,resnet18_cartoon-sketch_seed387_to_art_painting,resnet18_cartoon-sketch_seed387,resnet18,cartoon|sketch,art_painting,387,0.3121951219512195,0.4048780487804878,0.4341463414634146,0.2731707317073171,0.322576696629917,0.9999999999999478,1.0,0.0534184815683137,0.09193200449743477,358,0.448780487804878,0.6055743245205951,0.15679383671571712,716,0.4853658536585366,0.6298766089975734,0.1445107553390368,1433,0.5853658536585366,0.6527260222945614,0.0673601686360249
1,art_painting,metadata_observation_ridge,1.0,resnet18_photo-sketch_seed42_to_art_painting,resnet18_photo-sketch_seed42,resnet18,photo|sketch,art_painting,42,0.3317073170731707,0.4195121951219512,0.4341463414634146,0.3121951219512195,0.3418420910031926,1.0,1.0,0.0565770370176416,0.09058041361918998,358,0.5,0.6137321230883018,0.11373212308830183,716,0.551219512195122,0.6371927155008654,0.08597320330574343,1433,0.5902439024390244,0.6592714094329464,0.06902750699392202
1,art_painting,metadata_observation_ridge,1.0,resnet18_photo-sketch_seed387_to_art_painting,resnet18_photo-sketch_seed387,resnet18,photo|sketch,art_painting,387,0.3024390243902439,0.3951219512195122,0.4390243902439024,0.2829268292682926,0.3075421812768765,1.0,1.0,0.0535301206567496,0.09908598392339396,358,0.4707317073170731,0.6134378964480723,0.14270618913099925,716,0.4926829268292683,0.6390463829043702,0.14636345607510193,1433,0.5682926829268292,0.663004932013999,0.0947122490871698
1,art_painting,metadata_observation_source_ridge,1.0,cnn3_cartoon_seed42_to_art_painting,cnn3_cartoon_seed42,cnn3,cartoon,art_painting,42,0.3024390243902439,0.3414634146341463,0.375609756097561,0.2634146341463415,0.26496090436260544,0.9999999999998976,1.0,0.0337362711979295,0.039990184666582454,358,0.4048780487804878,0.4190593847391834,0.01418133595869564,716,0.4073170731707317,0.43490989738922636,0.027592824218494683,1433,0.4682926829268293,0.45035857650532374,0.017934106421505558
1,art_painting,metadata_observation_source_ridge,1.0,cnn3_cartoon_seed387_to_art_painting,cnn3_cartoon_seed387,cnn3,cartoon,art_painting,387,0.2975609756097561,0.3512195121951219,0.3902439024390244,0.2829268292682926,0.2561694172934609,0.9999999999999968,1.0,0.0324657595163511,0.04633305600785147,358,0.4048780487804878,0.4336450556850525,0.02876700690456474,716,0.4195121951219512,0.4515095105821149,0.03199731546016371,1433,0.4682926829268293,0.46884477030109617,0.0005520873742668742
1,art_painting,metadata_observation_source_ridge,1.0,cnn3_photo_seed42_to_art_painting,cnn3_photo_seed42,cnn3,photo,art_painting,42,0.2780487804878049,0.3804878048780488,0.4195121951219512,0.2292682926829268,0.28441563900663386,1.0,0.9974932088812398,0.0433191027721557,0.04670088722262296,358,0.375609756097561,0.4557273936817159,0.08011763758415491,716,0.4365853658536585,0.4729497234054844,0.03636435755182593,1433,0.473170731707317,0.4896576234178549,0.01648689171053791
1,art_painting,metadata_observation_source_ridge,1.0,cnn3_photo_seed387_to_art_painting,cnn3_photo_seed387,cnn3,photo,art_painting,387,0.2585365853658536,0.2975609756097561,0.3707317073170731,0.2341463414634146,0.24368856979137773,0.9999999999999994,1.0,0.0457586615943139,0.02959533240426597,358,0.3902439024390244,0.36454939948856746,0.025694502950456943,716,0.4585365853658537,0.3774265078879053,0.08111007747794835,1433,0.5097560975609756,0.39006782663853323,0.11968827092244239
1,art_painting,metadata_observation_source_ridge,1.0,cnn3_sketch_seed42_to_art_painting,cnn3_sketch_seed42,cnn3,sketch,art_painting,42,0.1317073170731707,0.2926829268292683,0.3073170731707317,0.1341463414634146,0.11073614314336608,1.0,1.0,0.0470925598889062,0.06987271261596817,358,0.3341463414634146,0.41047902587413754,0.07633268441072294,716,0.3634146341463414,0.43829566974610035,0.07488103559975895,1433,0.4463414634146341,0.4648518978933761,0.01851043447874201
1,art_painting,metadata_observation_source_ridge,1.0,cnn3_sketch_seed387_to_art_painting,cnn3_sketch_seed387,cnn3,sketch,art_painting,387,0.1170731707317073,0.2926829268292683,0.4,0.1390243902439024,0.10447932566685061,0.9999999992122746,1.0,0.0459772377102066,0.08322970210804626,358,0.3048780487804878,0.45119777080336576,0.14631972202287796,716,0.4073170731707317,0.48190236730826985,0.07458529413753817,1433,0.4097560975609756,0.510945824714052,0.10118972715307645
1,art_painting,metadata_observation_source_ridge,1.0,cnn3_cartoon-photo_seed42_to_art_painting,cnn3_cartoon-photo_seed42,cnn3,cartoon|photo,art_painting,42,0.2878048780487804,0.3560975609756097,0.4,0.2853658536585365,0.27374615584376305,0.9999999999999958,1.0,0.0443472132930882,0.05272995450740127,358,0.4585365853658537,0.4674524020486272,0.008915816682773525,716,0.4634146341463415,0.4865276656157721,0.02311303146943061,1433,0.4951219512195122,0.5049560571538881,0.009834105934375947
1,art_painting,metadata_observation_source_ridge,1.0,cnn3_cartoon-photo_seed387_to_art_painting,cnn3_cartoon-photo_seed387,cnn3,cartoon|photo,art_painting,387,0.2926829268292683,0.3804878048780488,0.4146341463414634,0.2926829268292683,0.2793505780229093,0.999999999999874,1.0,0.0380318885160118,0.051170223975542904,358,0.4414634146341463,0.46669053997539567,0.02522712534124938,716,0.4585365853658537,0.4852379901680739,0.02670140480222022,1433,0.4902439024390244,0.5031758301282914,0.012931927689266987
1,art_painting,metadata_observation_source_ridge,1.0,cnn3_cartoon-sketch_seed42_to_art_painting,cnn3_cartoon-sketch_seed42,cnn3,cartoon|sketch,art_painting,42,0.224390243902439,0.3414634146341463,0.375609756097561,0.2585365853658536,0.2143649412499985,1.0,1.0,0.0364097818422564,0.054200835839747614,358,0.3804878048780488,0.42887311990552246,0.048385315027473674,716,0.4317073170731707,0.44989026500798346,0.018182947934812732,1433,0.4804878048780487,0.47017401632399675,0.010313788554051961
1,art_painting,metadata_observation_source_ridge,1.0,cnn3_cartoon-sketch_seed387_to_art_painting,cnn3_cartoon-sketch_seed387,cnn3,cartoon|sketch,art_painting,387,0.2634146341463415,0.3219512195121951,0.3463414634146341,0.2682926829268293,0.2477923103948947,0.9999999999999968,1.0,0.0312946709773587,0.041738502361825844,358,0.3926829268292683,0.41157386582823624,0.018890938998967932,716,0.3829268292682927,0.4283204253144973,0.04539359604620463,1433,0.4804878048780487,0.4446226875176329,0.03586511736041581
1,art_painting,metadata_observation_source_ridge,1.0,cnn3_photo-sketch_seed42_to_art_painting,cnn3_photo-sketch_seed42,cnn3,photo|sketch,art_painting,42,0.224390243902439,0.4048780487804878,0.4439024390243902,0.2268292682926829,0.25294143972046795,1.0,0.9998189597876445,0.0520414099235113,0.06239796152320786,358,0.4560975609756098,0.482430541405948,0.026332980430338215,716,0.4634146341463415,0.5042879770974681,0.0408733429511266,1433,0.4926829268292683,0.5252633020407869,0.032580375211518575
1,art_painting,metadata_observation_source_ridge,1.0,cnn3_photo-sketch_seed387_to_art_painting,cnn3_photo-sketch_seed387,cnn3,photo|sketch,art_painting,387,0.3073170731707317,0.4048780487804878,0.4292682926829268,0.2609756097560975,0.3030202542301671,0.9999999999952618,1.0,0.0367350228407601,0.047402483396143204,358,0.3560975609756097,0.47264588948719577,0.11654832851158609,716,0.4585365853658537,0.489657827191895,0.031121241826041313,1433,0.4878048780487805,0.5061536037335538,0.018348725684773304
1,art_painting,metadata_observation_source_ridge,1.0,resnet18_cartoon_seed42_to_art_painting,resnet18_cartoon_seed42,resnet18,cartoon,art_painting,42,0.3219512195121951,0.3609756097560975,0.3902439024390244,0.3195121951219512,0.3186323698681381,0.999999999920286,1.0,0.0331602284235848,0.08655162196768662,358,0.424390243902439,0.5905188363292916,0.16612859242685257,716,0.4585365853658537,0.6143159462914909,0.1557793609256372,1433,0.5439024390243903,0.636773899101909,0.09287146007751867
1,art_painting,metadata_observation_source_ridge,1.0,resnet18_cartoon_seed387_to_art_painting,resnet18_cartoon_seed387,resnet18,cartoon,art_painting,387,0.2975609756097561,0.375609756097561,0.4097560975609756,0.2853658536585365,0.28028154320855103,0.9999999999999948,1.0,0.0413608211274859,0.0963014572634235,358,0.4414634146341463,0.5915834605063124,0.1501200458721661,716,0.4707317073170731,0.6179044461727103,0.14717273885563725,1433,0.5365853658536586,0.6425771142575161,0.1059917484038575
1,art_painting,metadata_observation_source_ridge,1.0,resnet18_photo_seed42_to_art_painting,resnet18_photo_seed42,resnet18,photo,art_painting,42,0.3121951219512195,0.3951219512195122,0.4097560975609756,0.2585365853658536,0.302375829594294,1.0,1.0,0.0637017075039449,0.09280567848928943,358,0.4682926829268293,0.5958949803116872,0.1276022973848579,716,0.5292682926829269,0.6210227619235436,0.0917544692406167,1433,0.5975609756097561,0.6446340331349001,0.04707305752514401
1,art_painting,metadata_observation_source_ridge,1.0,resnet18_photo_seed387_to_art_painting,resnet18_photo_seed387,resnet18,photo,art_painting,387,0.3219512195121951,0.448780487804878,0.4682926829268293,0.2682926829268293,0.31998191117976593,1.0,1.0,0.0575386417317112,0.10328562279988926,358,0.4804878048780487,0.6296469344019542,0.14915912952390548,716,0.5121951219512195,0.6551848087841099,0.14298968683289037,1433,0.6048780487804878,0.6790079175266994,0.07412986874621164
1,art_painting,metadata_observation_source_ridge,1.0,resnet18_sketch_seed42_to_art_painting,resnet18_sketch_seed42,resnet18,sketch,art_painting,42,0.1560975609756097,0.3658536585365853,0.4341463414634146,0.1512195121951219,0.12470680925358915,1.0,1.0,0.0708463847142912,0.1605738435945116,358,0.3975609756097561,0.6596919569691839,0.2621309813594278,716,0.5146341463414634,0.6954687510418616,0.18083460470039814,1433,0.5756097560975609,0.7275452899165887,0.1519355338190278
1,art_painting,metadata_observation_source_ridge,1.0,resnet18_sketch_seed387_to_art_painting,resnet18_sketch_seed387,resnet18,sketch,art_painting,387,0.1560975609756097,0.3512195121951219,0.4195121951219512,0.173170731707317,0.15727778040026683,0.9999999999999998,1.0,0.067545679923523,0.11969499500396956,358,0.448780487804878,0.5832722438310841,0.1344917560262061,716,0.4902439024390244,0.6163871964907307,0.12614329405170632,1433,0.551219512195122,0.6469295996817795,0.09571008748665755
1,art_painting,metadata_observation_source_ridge,1.0,resnet18_cartoon-photo_seed42_to_art_painting,resnet18_cartoon-photo_seed42,resnet18,cartoon|photo,art_painting,42,0.3463414634146341,0.4048780487804878,0.4634146341463415,0.3024390243902439,0.3503844256745429,0.9999999999999866,1.0,0.051618168195195,0.08691857661287489,358,0.4829268292682926,0.6104427818537213,0.12751595258542864,716,0.5024390243902439,0.6331751336949882,0.13073610930474433,1433,0.573170731707317,0.6546227961319281,0.08145206442461106
1,art_painting,metadata_observation_source_ridge,1.0,resnet18_cartoon-photo_seed387_to_art_painting,resnet18_cartoon-photo_seed387,resnet18,cartoon|photo,art_painting,387,0.3658536585365853,0.4536585365853658,0.526829268292683,0.3365853658536585,0.3860997654018146,0.9999999998573303,1.0,0.0439128362813676,0.09318591585739143,358,0.473170731707317,0.6451874416011112,0.1720167098937942,716,0.526829268292683,0.6673376649924245,0.14050839669974158,1433,0.5658536585365853,0.6881456001637916,0.12229194162720625
1,art_painting,metadata_observation_source_ridge,1.0,resnet18_cartoon-sketch_seed42_to_art_painting,resnet18_cartoon-sketch_seed42,resnet18,cartoon|sketch,art_painting,42,0.3170731707317073,0.4536585365853658,0.4585365853658537,0.2975609756097561,0.323610655267112,1.0,1.0,0.0459601952638361,0.1041732325668467,358,0.4365853658536585,0.633541913759653,0.19695654790599448,716,0.4902439024390244,0.6590206360063458,0.16877673356732137,1433,0.5975609756097561,0.682773960903005,0.08521298529324894
1,art_painting,metadata_observation_source_ridge,1.0,resnet18_cartoon-sketch_seed387_to_art_painting,resnet18_cartoon-sketch_seed387,resnet18,cartoon|sketch,art_painting,387,0.3121951219512195,0.4048780487804878,0.4341463414634146,0.2731707317073171,0.3130837729078789,0.9999999999999478,1.0,0.0534184815683137,0.09422316557297668,358,0.448780487804878,0.6054021736549584,0.1566216858500804,716,0.4853658536585366,0.6303014717451849,0.14493561808664834,1433,0.5853658536585366,0.6536750959621703,0.06830924230363378
1,art_painting,metadata_observation_source_ridge,1.0,resnet18_photo-sketch_seed42_to_art_painting,resnet18_photo-sketch_seed42,resnet18,photo|sketch,art_painting,42,0.3317073170731707,0.4195121951219512,0.4341463414634146,0.3121951219512195,0.34194170163855764,1.0,1.0,0.0565770370176416,0.09144047617846132,358,0.5,0.6157398773381166,0.11573987733811664,716,0.551219512195122,0.6392931924263701,0.08807368023124806,1433,0.5902439024390244,0.6614459506549375,0.07120204821591314
1,art_painting,metadata_observation_source_ridge,1.0,resnet18_photo-sketch_seed387_to_art_painting,resnet18_photo-sketch_seed387,resnet18,photo|sketch,art_painting,387,0.3024390243902439,0.3951219512195122,0.4390243902439024,0.2829268292682926,0.3101992575381717,1.0,1.0,0.0535301206567496,0.09894684187447769,358,0.4707317073170731,0.6146058384593096,0.14387413114223652,716,0.4926829268292683,0.6401023133404071,0.14741938651113884,1433,0.5682926829268292,0.6639583660465503,0.09566568311972112
1,art_painting,metadata_observation_adapted_ridge,1.0,cnn3_cartoon_seed42_to_art_painting,cnn3_cartoon_seed42,cnn3,cartoon,art_painting,42,0.3024390243902439,0.3414634146341463,0.375609756097561,0.2634146341463415,0.27210277560010615,0.9999999999998976,1.0,0.0337362711979295,0.03414812250136384,358,0.4048780487804878,0.4045869006171775,0.00029114816331027304,716,0.4073170731707317,0.4184869767334657,0.011169903562734007,1433,0.4682926829268293,0.4320895812232551,0.036203101703574214
1,art_painting,metadata_observation_adapted_ridge,1.0,cnn3_cartoon_seed387_to_art_painting,cnn3_cartoon_seed387,cnn3,cartoon,art_painting,387,0.2975609756097561,0.3512195121951219,0.3902439024390244,0.2829268292682926,0.2609132562018148,0.9999999999999968,1.0,0.0324657595163511,0.040830600077903886,358,0.4048780487804878,0.4187414244329641,0.013863375652476306,716,0.4195121951219512,0.43492921759040704,0.015417022468455832,1433,0.4682926829268293,0.4506974478212298,0.017595235105599516
1,art_painting,metadata_observation_adapted_ridge,1.0,cnn3_photo_seed42_to_art_painting,cnn3_photo_seed42,cnn3,photo,art_painting,42,0.2780487804878049,0.3804878048780488,0.4195121951219512,0.2292682926829268,0.2812980097610644,1.0,0.9972935647784218,0.0433191027721557,0.03610754771985682,358,0.375609756097561,0.4183288031523754,0.04271904705481444,716,0.4365853658536585,0.43261080056540513,0.003974565288253351,1433,0.473170731707317,0.44656820279546494,0.026602528911852052
1,art_painting,metadata_observation_adapted_ridge,1.0,cnn3_photo_seed387_to_art_painting,cnn3_photo_seed387,cnn3,photo,art_painting,387,0.2585365853658536,0.2975609756097561,0.3707317073170731,0.2341463414634146,0.23985532180558475,0.9999999999999994,1.0,0.0457586615943139,0.019921884028940073,358,0.3902439024390244,0.32392642094209767,0.06631748149692673,716,0.4585365853658537,0.3331795076183267,0.12535707774752697,1433,0.5097560975609756,0.34232421292644577,0.16743188463452985
1,art_painting,metadata_observation_adapted_ridge,1.0,cnn3_sketch_seed42_to_art_painting,cnn3_sketch_seed42,cnn3,sketch,art_painting,42,0.1317073170731707,0.2926829268292683,0.3073170731707317,0.1341463414634146,0.112979689671659,1.0,1.0,0.0470925598889062,0.06773881757369488,358,0.3341463414634146,0.4045374027590473,0.07039106129563272,716,0.3634146341463414,0.4317962796955275,0.06838164554918608,1433,0.4463414634146341,0.4578584951034559,0.011517031688821788
1,art_painting,metadata_observation_adapted_ridge,1.0,cnn3_sketch_seed387_to_art_painting,cnn3_sketch_seed387,cnn3,sketch,art_painting,387,0.1170731707317073,0.2926829268292683,0.4,0.1390243902439024,0.10862723615106012,0.9999999992122746,1.0,0.0459772377102066,0.08121448306421891,358,0.3048780487804878,0.4472246284840386,0.1423465797035508,716,0.4073170731707317,0.4774235336621135,0.0701064604913818,1433,0.4097560975609756,0.5060285459310121,0.09627244837003651
1,art_painting,metadata_observation_adapted_ridge,1.0,cnn3_cartoon-photo_seed42_to_art_painting,cnn3_cartoon-photo_seed42,cnn3,cartoon|photo,art_painting,42,0.2878048780487804,0.3560975609756097,0.4,0.2853658536585365,0.2720228201822783,0.9999999999999958,1.0,0.0443472132930882,0.0484817189103319,358,0.4585365853658537,0.452678643470084,0.005857941895769658,716,0.4634146341463415,0.4707299873199652,0.007315353173623695,1433,0.4951219512195122,0.4882205575255065,0.006901393694005664
1,art_painting,metadata_observation_adapted_ridge,1.0,cnn3_cartoon-photo_seed387_to_art_painting,cnn3_cartoon-photo_seed387,cnn3,cartoon|photo,art_painting,387,0.2926829268292683,0.3804878048780488,0.4146341463414634,0.2926829268292683,0.28158561937287147,0.999999999999874,1.0,0.0380318885160118,0.046922611934872335,358,0.4414634146341463,0.45489105103545346,0.013427636401307175,716,0.4585365853658537,0.47230060060566326,0.01376401523980958,1433,0.4902439024390244,0.4891875353430878,0.0010563670959365945
1,art_painting,metadata_observation_adapted_ridge,1.0,cnn3_cartoon-sketch_seed42_to_art_painting,cnn3_cartoon-sketch_seed42,cnn3,cartoon|sketch,art_painting,42,0.224390243902439,0.3414634146341463,0.375609756097561,0.2585365853658536,0.20935267519048467,1.0,1.0,0.0364097818422564,0.05244520311356717,358,0.3804878048780488,0.41926184768261865,0.038774042804569864,716,0.4317073170731707,0.4399529374403505,0.008245620367179796,1433,0.4804878048780487,0.45994630175380274,0.020541503124245963
1,art_painting,metadata_observation_adapted_ridge,1.0,cnn3_cartoon-sketch_seed387_to_art_painting,cnn3_cartoon-sketch_seed387,cnn3,cartoon|sketch,art_painting,387,0.2634146341463415,0.3219512195121951,0.3463414634146341,0.2682926829268293,0.24565367552213851,0.9999999999999968,1.0,0.0312946709773587,0.03779308408498949,358,0.3926829268292683,0.39604319461704396,0.0033602677877756504,716,0.3829268292682927,0.41162812720017405,0.028701297931881364,1433,0.4804878048780487,0.42684108602103993,0.05364671885700878
1,art_painting,metadata_observation_adapted_ridge,1.0,cnn3_photo-sketch_seed42_to_art_painting,cnn3_photo-sketch_seed42,cnn3,photo|sketch,art_painting,42,0.224390243902439,0.4048780487804878,0.4439024390243902,0.2268292682926829,0.2499631248616474,1.0,0.9995272498421396,0.0520414099235113,0.059911331856900486,358,0.4560975609756098,0.4726254511912243,0.016527890215614516,716,0.4634146341463415,0.4940159862850134,0.030601352138671933,1433,0.4926829268292683,0.5145786287350547,0.02189570190578638
1,art_painting,metadata_observation_adapted_ridge,1.0,cnn3_photo-sketch_seed387_to_art_painting,cnn3_photo-sketch_seed387,cnn3,photo|sketch,art_painting,387,0.3073170731707317,0.4048780487804878,0.4292682926829268,0.2609756097560975,0.30174700615767,0.9999999999952618,1.0,0.0367350228407601,0.043832583446565196,358,0.3560975609756097,0.46046898421479376,0.10437142323918408,716,0.4585365853658537,0.47658275792231497,0.018046172556461293,1433,0.4878048780487805,0.49224629345763427,0.004441415408853788
1,art_painting,metadata_observation_adapted_ridge,1.0,resnet18_cartoon_seed42_to_art_painting,resnet18_cartoon_seed42,resnet18,cartoon,art_painting,42,0.3219512195121951,0.3609756097560975,0.3902439024390244,0.3195121951219512,0.32105703921350914,0.999999999920286,1.0,0.0331602284235848,0.0743901234312922,358,0.424390243902439,0.5617120823588786,0.13732183845643958,716,0.4585365853658537,0.5836957280139916,0.12515914264813793,1433,0.5439024390243903,0.6046177131710644,0.0607152741466741
1,art_painting,metadata_observation_adapted_ridge,1.0,resnet18_cartoon_seed387_to_art_painting,resnet18_cartoon_seed387,resnet18,cartoon,art_painting,387,0.2975609756097561,0.375609756097561,0.4097560975609756,0.2853658536585365,0.2766163106667716,0.9999999999999948,1.0,0.0413608211274859,0.09643893266108929,358,0.4414634146341463,0.5898354419032432,0.14837202726909693,716,0.4707317073170731,0.6163055718410829,0.14557386452400983,1433,0.5365853658536586,0.6411156823757027,0.10453031652204414
1,art_painting,metadata_observation_adapted_ridge,1.0,resnet18_photo_seed42_to_art_painting,resnet18_photo_seed42,resnet18,photo,art_painting,42,0.3121951219512195,0.3951219512195122,0.4097560975609756,0.2585365853658536,0.2959963447500599,1.0,1.0,0.0637017075039449,0.09124161475891539,358,0.4682926829268293,0.5884297537239194,0.12013707079709007,716,0.5292682926829269,0.6136038991180166,0.08433560643508975,1433,0.5975609756097561,0.6372843683473224,0.03972339273756631
1,art_painting,metadata_observation_adapted_ridge,1.0,resnet18_photo_seed387_to_art_painting,resnet18_photo_seed387,resnet18,photo,art_painting,387,0.3219512195121951,0.448780487804878,0.4682926829268293,0.2682926829268293,0.3160927804943471,1.0,1.0,0.0575386417317112,0.09848002194646326,358,0.4804878048780487,0.6168477052803332,0.13635990040228446,716,0.5121951219512195,0.6420803029430886,0.12988518099186908,1433,0.6048780487804878,0.6656970887816227,0.060819040001134916
1,art_painting,metadata_observation_adapted_ridge,1.0,resnet18_sketch_seed42_to_art_painting,resnet18_sketch_seed42,resnet18,sketch,art_painting,42,0.1560975609756097,0.3658536585365853,0.4341463414634146,0.1512195121951219,0.13176285599826965,1.0,1.0,0.0708463847142912,0.15706744746853998,358,0.3975609756097561,0.6553992658519787,0.2578382902422226,716,0.5146341463414634,0.6908784684605241,0.17624432211906071,1433,0.5756097560975609,0.7227655197640968,0.14715576366653582
1,art_painting,metadata_observation_adapted_ridge,1.0,resnet18_sketch_seed387_to_art_painting,resnet18_sketch_seed387,resnet18,sketch,art_painting,387,0.1560975609756097,0.3512195121951219,0.4195121951219512,0.173170731707317,0.15901093053770618,0.9999999999999998,1.0,0.067545679923523,0.12154866885056922,358,0.448780487804878,0.5886400351469174,0.13985954734203943,716,0.4902439024390244,0.6218136941564067,0.13156979171738237,1433,0.551219512195122,0.6523709963342232,0.10115148413910124
1,art_painting,metadata_observation_adapted_ridge,1.0,resnet18_cartoon-photo_seed42_to_art_painting,resnet18_cartoon-photo_seed42,resnet18,cartoon|photo,art_painting,42,0.3463414634146341,0.4048780487804878,0.4634146341463415,0.3024390243902439,0.3414258845779736,0.9999999999999866,1.0,0.051618168195195,0.08720332704858136,358,0.4829268292682926,0.6057316454513366,0.12280481618304401,716,0.5024390243902439,0.6288120352468012,0.12637301085655728,1433,0.573170731707317,0.650583773533548,0.07741304182623099
1,art_painting,metadata_observation_adapted_ridge,1.0,resnet18_cartoon-photo_seed387_to_art_painting,resnet18_cartoon-photo_seed387,resnet18,cartoon|photo,art_painting,387,0.3658536585365853,0.4536585365853658,0.526829268292683,0.3365853658536585,0.3867145841086068,0.9999999998573303,1.0,0.0439128362813676,0.08553282225169172,358,0.473170731707317,0.6292183797952154,0.15604764808789845,716,0.526829268292683,0.6505202432297548,0.12369097493707182,1433,0.5658536585365853,0.6706375537015523,0.104783895164967
1,art_painting,metadata_observation_adapted_ridge,1.0,resnet18_cartoon-sketch_seed42_to_art_painting,resnet18_cartoon-sketch_seed42,resnet18,cartoon|sketch,art_painting,42,0.3170731707317073,0.4536585365853658,0.4585365853658537,0.2975609756097561,0.31765864348025097,1.0,1.0,0.0459601952638361,0.11006456791612447,358,0.4365853658536585,0.6429111184284686,0.20632575257481012,716,0.4902439024390244,0.6690897554947384,0.178845853055714,1433,0.5975609756097561,0.6933962402636993,0.09583526465394321
1,art_painting,metadata_observation_adapted_ridge,1.0,resnet18_cartoon-sketch_seed387_to_art_painting,resnet18_cartoon-sketch_seed387,resnet18,cartoon|sketch,art_painting,387,0.3121951219512195,0.4048780487804878,0.4341463414634146,0.2731707317073171,0.3028944314123436,0.9999999999999478,1.0,0.0534184815683137,0.10052035355263085,358,0.448780487804878,0.6141135272631189,0.16533303945824085,716,0.4853658536585366,0.6400346011420943,0.15466874748355774,1433,0.5853658536585366,0.6642615235849572,0.07889566992642061
1,art_painting,metadata_observation_adapted_ridge,1.0,resnet18_photo-sketch_seed42_to_art_painting,resnet18_photo-sketch_seed42,resnet18,photo|sketch,art_painting,42,0.3317073170731707,0.4195121951219512,0.4341463414634146,0.3121951219512195,0.3249210804727471,1.0,1.0,0.0565770370176416,0.09674296002230069,358,0.5,0.6179087023141272,0.1179087023141272,716,0.551219512195122,0.642642277940555,0.09142276574543295,1433,0.5902439024390244,0.6658198587350248,0.07557595629600045
1,art_painting,metadata_observation_adapted_ridge,1.0,resnet18_photo-sketch_seed387_to_art_painting,resnet18_photo-sketch_seed387,resnet18,photo|sketch,art_painting,387,0.3024390243902439,0.3951219512195122,0.4390243902439024,0.2829268292682926,0.295563849346228,1.0,1.0,0.0535301206567496,0.1033143801584309,358,0.4707317073170731,0.616413215690852,0.14568150837377886,716,0.4926829268292683,0.6428707319776567,0.15018780514838836,1433,0.5682926829268292,0.6675512409095105,0.09925855798268124
1,art_painting,metadata_observation_change_ridge,1.0,cnn3_cartoon_seed42_to_art_painting,cnn3_cartoon_seed42,cnn3,cartoon,art_painting,42,0.3024390243902439,0.3414634146341463,0.375609756097561,0.2634146341463415,0.2767060148453967,0.9999999999998976,1.0,0.0337362711979295,0.029902514726821983,358,0.4048780487804878,0.393387850672683,0.011490198107804772,716,0.4073170731707317,0.40580683753832564,0.0015102356324060429,1433,0.4682926829268293,0.4179958303487947,0.05029685257803462
1,art_painting,metadata_observation_change_ridge,1.0,cnn3_cartoon_seed387_to_art_painting,cnn3_cartoon_seed387,cnn3,cartoon,art_painting,387,0.2975609756097561,0.3512195121951219,0.3902439024390244,0.2829268292682926,0.26561878545574985,0.9999999999999968,1.0,0.0324657595163511,0.037471176399647144,358,0.4048780487804878,0.4109133723639282,0.006035323583440444,716,0.4195121951219512,0.4259867767984724,0.006474581676521207,1433,0.4682926829268293,0.44070369646331126,0.02758898646351804
1,art_painting,metadata_observation_change_ridge,1.0,cnn3_photo_seed42_to_art_painting,cnn3_photo_seed42,cnn3,photo,art_painting,42,0.2780487804878049,0.3804878048780488,0.4195121951219512,0.2292682926829268,0.2726411943076389,1.0,0.9998055941140601,0.0433191027721557,0.042126150877163274,358,0.375609756097561,0.4322658049814335,0.056656048883872545,716,0.4365853658536585,0.4485657795476347,0.011980413693976233,1433,0.473170731707317,0.4644290463590457,0.0087416853482713
1,art_painting,metadata_observation_change_ridge,1.0,cnn3_photo_seed387_to_art_painting,cnn3_photo_seed387,cnn3,photo,art_painting,387,0.2585365853658536,0.2975609756097561,0.3707317073170731,0.2341463414634146,0.23649435102610186,0.9999999999999994,1.0,0.0457586615943139,0.024255432699535215,358,0.3902439024390244,0.33803148579986564,0.052212416639158765,716,0.4585365853658537,0.3490458472323921,0.10949073813346155,1433,0.5097560975609756,0.359898582218254,0.14985751534272163
1,art_painting,metadata_observation_change_ridge,1.0,cnn3_sketch_seed42_to_art_painting,cnn3_sketch_seed42,cnn3,sketch,art_painting,42,0.1317073170731707,0.2926829268292683,0.3073170731707317,0.1341463414634146,0.11450670370101176,1.0,1.0,0.0470925598889062,0.06648333128749581,358,0.3341463414634146,0.40115546996108176,0.06700912849766716,716,0.3634146341463414,0.428072668019603,0.06465803387326158,1433,0.4463414634146341,0.4538305870857081,0.007489123671074016
1,art_painting,metadata_observation_change_ridge,1.0,cnn3_sketch_seed387_to_art_painting,cnn3_sketch_seed387,cnn3,sketch,art_painting,387,0.1170731707317073,0.2926829268292683,0.4,0.1390243902439024,0.10583458990348912,0.9999999992122746,1.0,0.0459772377102066,0.0794811816530551,358,0.3048780487804878,0.4398092419748797,0.1349311931943919,716,0.4073170731707317,0.46977789581191987,0.062460822641188185,1433,0.4097560975609756,0.49819889986940347,0.08844280230842788
1,art_painting,metadata_observation_change_ridge,1.0,cnn3_cartoon-photo_seed42_to_art_painting,cnn3_cartoon-photo_seed42,cnn3,cartoon|photo,art_painting,42,0.2878048780487804,0.3560975609756097,0.4,0.2853658536585365,0.27239489066122274,0.9999999999999958,1.0,0.0443472132930882,0.049892907649422835,358,0.4585365853658537,0.4574813795696372,0.0010552057962164851,716,0.4634146341463415,0.47588621007199927,0.012471575925657785,1433,0.4951219512195122,0.4937018683173904,0.0014200829021218109
1,art_painting,metadata_observation_change_ridge,1.0,cnn3_cartoon-photo_seed387_to_art_painting,cnn3_cartoon-photo_seed387,cnn3,cartoon|photo,art_painting,387,0.2926829268292683,0.3804878048780488,0.4146341463414634,0.2926829268292683,0.2837486757875246,0.999999999999874,1.0,0.0380318885160118,0.04562251305254432,358,0.4414634146341463,0.45235943723729954,0.010896022603153255,716,0.4585365853658537,0.46937283694754617,0.010836251581692491,1433,0.4902439024390244,0.48589037692066406,0.004353525518360324
1,art_painting,metadata_observation_change_ridge,1.0,cnn3_cartoon-sketch_seed42_to_art_painting,cnn3_cartoon-sketch_seed42,cnn3,cartoon|sketch,art_painting,42,0.224390243902439,0.3414634146341463,0.375609756097561,0.2585365853658536,0.23088693398829704,1.0,1.0,0.0364097818422564,0.0505902055084574,358,0.3804878048780488,0.42887991163535893,0.04839210675731015,716,0.4317073170731707,0.44852111547253826,0.01681379839936753,1433,0.4804878048780487,0.46752439075476615,0.012963414123282557
1,art_painting,metadata_observation_change_ridge,1.0,cnn3_cartoon-sketch_seed387_to_art_painting,cnn3_cartoon-sketch_seed387,cnn3,cartoon|sketch,art_painting,387,0.2634146341463415,0.3219512195121951,0.3463414634146341,0.2682926829268293,0.2604893357659027,0.9999999999999968,1.0,0.0312946709773587,0.036700963492574096,358,0.3926829268292683,0.4041046271634241,0.011421700334155793,716,0.3829268292682927,0.4190428020417019,0.03611597277340922,1433,0.4804878048780487,0.4336354709450355,0.04685233393301319
1,art_painting,metadata_observation_change_ridge,1.0,cnn3_photo-sketch_seed42_to_art_painting,cnn3_photo-sketch_seed42,cnn3,photo|sketch,art_painting,42,0.224390243902439,0.4048780487804878,0.4439024390243902,0.2268292682926829,0.24830395158914886,1.0,1.0,0.0520414099235113,0.06277050822904748,358,0.4560975609756098,0.4804137016181066,0.02431614064249682,716,0.4634146341463415,0.502492217774474,0.03907758362813246,1433,0.4926829268292683,0.5236742359825426,0.030991309153274305
1,art_painting,metadata_observation_change_ridge,1.0,cnn3_photo-sketch_seed387_to_art_painting,cnn3_photo-sketch_seed387,cnn3,photo|sketch,art_painting,387,0.3073170731707317,0.4048780487804878,0.4292682926829268,0.2609756097560975,0.3094951297787193,0.9999999999952618,1.0,0.0367350228407601,0.04331548010441143,358,0.3560975609756097,0.4648301933528747,0.10873263237726499,716,0.4585365853658537,0.4806279637338363,0.02209137836798264,1433,0.4878048780487805,0.4959898250110507,0.008184946962270234
1,art_painting,metadata_observation_change_ridge,1.0,resnet18_cartoon_seed42_to_art_painting,resnet18_cartoon_seed42,resnet18,cartoon,art_painting,42,0.3219512195121951,0.3609756097560975,0.3902439024390244,0.3195121951219512,0.31175465594710283,0.999999999920286,1.0,0.0331602284235848,0.07558001900694486,358,0.424390243902439,0.5588064089271145,0.13441616502467552,716,0.4585365853658537,0.5812805931974491,0.12274400783159539,1433,0.5439024390243903,0.6026518116651572,0.05874937264076696
1,art_painting,metadata_observation_change_ridge,1.0,resnet18_cartoon_seed387_to_art_painting,resnet18_cartoon_seed387,resnet18,cartoon,art_painting,387,0.2975609756097561,0.375609756097561,0.4097560975609756,0.2853658536585365,0.28371720537817124,0.9999999999999948,1.0,0.0413608211274859,0.09645766610426107,358,0.4414634146341463,0.5939064681819655,0.15244305354781917,716,0.4707317073170731,0.6201187957326015,0.14938708841552845,1433,0.5365853658536586,0.6446869527305181,0.10810158687685956
1,art_painting,metadata_observation_change_ridge,1.0,resnet18_photo_seed42_to_art_painting,resnet18_photo_seed42,resnet18,photo,art_painting,42,0.3121951219512195,0.3951219512195122,0.4097560975609756,0.2585365853658536,0.2949651741150045,1.0,1.0,0.0637017075039449,0.09519055853803525,358,0.4682926829268293,0.5972925145695279,0.12899983164269863,716,0.5292682926829269,0.6229559371087303,0.09368764442580346,1433,0.5975609756097561,0.6470307329197882,0.049469757310032114
1,art_painting,metadata_observation_change_ridge,1.0,resnet18_photo_seed387_to_art_painting,resnet18_photo_seed387,resnet18,photo,art_painting,387,0.3219512195121951,0.448780487804878,0.4682926829268293,0.2682926829268293,0.3069392552873776,1.0,1.0,0.0575386417317112,0.10313519893030554,358,0.4804878048780487,0.6222094184059394,0.14172161352789064,716,0.5121951219512195,0.6482235476657671,0.13602842571454754,1433,0.6048780487804878,0.6724934604723509,0.06761541169186314
1,art_painting,metadata_observation_change_ridge,1.0,resnet18_sketch_seed42_to_art_painting,resnet18_sketch_seed42,resnet18,sketch,art_painting,42,0.1560975609756097,0.3658536585365853,0.4341463414634146,0.1512195121951219,0.14302536201558405,1.0,1.0,0.0708463847142912,0.15320286937031238,358,0.3975609756097561,0.6520473341459841,0.25448635853622803,716,0.5146341463414634,0.6870361029178141,0.1724019565763507,1433,0.5756097560975609,0.7185666359518716,0.14295687985431071
1,art_painting,metadata_observation_change_ridge,1.0,resnet18_sketch_seed387_to_art_painting,resnet18_sketch_seed387,resnet18,sketch,art_painting,387,0.1560975609756097,0.3512195121951219,0.4195121951219512,0.173170731707317,0.15300696705333824,0.9999999999999998,1.0,0.067545679923523,0.12505919265540402,358,0.448780487804878,0.594172204334684,0.14539171652980598,716,0.4902439024390244,0.627804671612225,0.1375607691732006,1433,0.551219512195122,0.6587093821823821,0.10748986998726007
1,art_painting,metadata_observation_change_ridge,1.0,resnet18_cartoon-photo_seed42_to_art_painting,resnet18_cartoon-photo_seed42,resnet18,cartoon|photo,art_painting,42,0.3463414634146341,0.4048780487804878,0.4634146341463415,0.3024390243902439,0.3428496948695537,0.9999999999999866,1.0,0.051618168195195,0.09102619501356424,358,0.4829268292682926,0.6153336573034393,0.13240682803514664,716,0.5024390243902439,0.6388083761259749,0.13636935173573095,1433,0.573170731707317,0.6608935461893994,0.08772281448208241
1,art_painting,metadata_observation_change_ridge,1.0,resnet18_cartoon-photo_seed387_to_art_painting,resnet18_cartoon-photo_seed387,resnet18,cartoon|photo,art_painting,387,0.3658536585365853,0.4536585365853658,0.526829268292683,0.3365853658536585,0.37347960898320026,0.9999999998573303,1.0,0.0439128362813676,0.08843038973406059,358,0.473170731707317,0.6276192584766351,0.15444852676931814,716,0.526829268292683,0.6497158079814813,0.12288653968879837,1433,0.5658536585365853,0.6705417868658542,0.10468812832926888
1,art_painting,metadata_observation_change_ridge,1.0,resnet18_cartoon-sketch_seed42_to_art_painting,resnet18_cartoon-sketch_seed42,resnet18,cartoon|sketch,art_painting,42,0.3170731707317073,0.4536585365853658,0.4585365853658537,0.2975609756097561,0.3280442174836342,1.0,1.0,0.0459601952638361,0.11159472165995823,358,0.4365853658536585,0.6514977054852858,0.21491233963162737,716,0.4902439024390244,0.677388510552715,0.1871446081136906,1433,0.5975609756097561,0.7014022907257427,0.1038413151159866
1,art_painting,metadata_observation_change_ridge,1.0,resnet18_cartoon-sketch_seed387_to_art_painting,resnet18_cartoon-sketch_seed387,resnet18,cartoon|sketch,art_painting,387,0.3121951219512195,0.4048780487804878,0.4341463414634146,0.2731707317073171,0.3228424840110402,0.9999999999999478,1.0,0.0534184815683137,0.10053950655417153,358,0.448780487804878,0.6251981135209843,0.1764176257161063,716,0.4853658536585366,0.6503792369425826,0.16501338328404602,1433,0.5853658536585366,0.6739142585359483,0.08854840487741178
1,art_painting,metadata_observation_change_ridge,1.0,resnet18_photo-sketch_seed42_to_art_painting,resnet18_photo-sketch_seed42,resnet18,photo|sketch,art_painting,42,0.3317073170731707,0.4195121951219512,0.4341463414634146,0.3121951219512195,0.34629457310522077,1.0,1.0,0.0565770370176416,0.0984445928452205,358,0.5,0.6336916169454336,0.13369161694543363,716,0.551219512195122,0.6578065678211722,0.1065870556260502,1433,0.5902439024390244,0.6803778309831231,0.09013392854409874
1,art_painting,metadata_observation_change_ridge,1.0,resnet18_photo-sketch_seed387_to_art_painting,resnet18_photo-sketch_seed387,resnet18,photo|sketch,art_painting,387,0.3024390243902439,0.3951219512195122,0.4390243902439024,0.2829268292682926,0.3137009672987448,1.0,1.0,0.0535301206567496,0.10418914913257747,358,0.4707317073170731,0.6282078034584294,0.15747609614135633,716,0.4926829268292683,0.6540611991838932,0.16137827235462487,1433,0.5682926829268292,0.6781635593532134,0.10987087642638416
1,art_painting,metadata_observation_adapted_change_ridge,0.1,cnn3_cartoon_seed42_to_art_painting,cnn3_cartoon_seed42,cnn3,cartoon,art_painting,42,0.3024390243902439,0.3414634146341463,0.375609756097561,0.2634146341463415,0.26994612749724567,0.9999999999998976,1.0,0.0337362711979295,0.042074251579165986,358,0.4048780487804878,0.43003101727623216,0.025152968495744388,716,0.4073170731707317,0.446380883864433,0.039063810693701295,1433,0.4682926829268293,0.4622932778330922,0.005999405093737087
1,art_painting,metadata_observation_adapted_change_ridge,0.1,cnn3_cartoon_seed387_to_art_painting,cnn3_cartoon_seed387,cnn3,cartoon,art_painting,387,0.2975609756097561,0.3512195121951219,0.3902439024390244,0.2829268292682926,0.2645138312493769,0.9999999999999968,1.0,0.0324657595163511,0.04398163710639447,358,0.4048780487804878,0.43219753555999263,0.027319486779504853,716,0.4195121951219512,0.44921246544985927,0.029700270327908063,1433,0.4682926829268293,0.46575027080765263,0.0025424121191766624
1,art_painting,metadata_observation_adapted_change_ridge,0.1,cnn3_photo_seed42_to_art_painting,cnn3_photo_seed42,cnn3,photo,art_painting,42,0.2780487804878049,0.3804878048780488,0.4195121951219512,0.2292682926829268,0.2786954826205002,1.0,0.998012578460893,0.0433191027721557,0.05775432362019087,358,0.375609756097561,0.48591510809263383,0.11030535199507285,716,0.4365853658536585,0.5059709980283877,0.06938563217472926,1433,0.473170731707317,0.5252794686305282,0.05210873692321122
1,art_painting,metadata_observation_adapted_change_ridge,0.1,cnn3_photo_seed387_to_art_painting,cnn3_photo_seed387,cnn3,photo,art_painting,387,0.2585365853658536,0.2975609756097561,0.3707317073170731,0.2341463414634146,0.23660846542181752,0.9999999999999994,1.0,0.0457586615943139,0.04001269636054641,358,0.3902439024390244,0.3967308439029517,0.006486941463927309,716,0.4585365853658537,0.41319971145888434,0.04533687390696933,1433,0.5097560975609756,0.42925081907726975,0.08050527848370587
1,art_painting,metadata_observation_adapted_change_ridge,0.1,cnn3_sketch_seed42_to_art_painting,cnn3_sketch_seed42,cnn3,sketch,art_painting,42,0.1317073170731707,0.2926829268292683,0.3073170731707317,0.1341463414634146,0.11872264494278528,1.0,1.0,0.0470925598889062,0.06838073042858847,358,0.3341463414634146,0.4106227254884704,0.0764763840250558,716,0.3634146341463414,0.43785270503396656,0.07443807088762516,1433,0.4463414634146341,0.4638757222121238,0.01753425879748971
1,art_painting,metadata_observation_adapted_change_ridge,0.1,cnn3_sketch_seed387_to_art_painting,cnn3_sketch_seed387,cnn3,sketch,art_painting,387,0.1170731707317073,0.2926829268292683,0.4,0.1390243902439024,0.11010701476320459,0.9999999992122746,1.0,0.0459772377102066,0.08446045500770873,358,0.3048780487804878,0.4585811854163474,0.1537031366358596,716,0.4073170731707317,0.48930766895639377,0.08199059578566209,1433,0.4097560975609756,0.5183470708263225,0.10859097326534689
1,art_painting,metadata_observation_adapted_change_ridge,0.1,cnn3_cartoon-photo_seed42_to_art_painting,cnn3_cartoon-photo_seed42,cnn3,cartoon|photo,art_painting,42,0.2878048780487804,0.3560975609756097,0.4,0.2853658536585365,0.26450510713810893,0.9999999999999958,1.0,0.0443472132930882,0.06064538802473766,358,0.4585365853658537,0.4852160865241594,0.026679501158305696,716,0.4634146341463415,0.506365398405879,0.04295076425953753,1433,0.4951219512195122,0.5266858225722191,0.031563871352706885
1,art_painting,metadata_observation_adapted_change_ridge,0.1,cnn3_cartoon-photo_seed387_to_art_painting,cnn3_cartoon-photo_seed387,cnn3,cartoon|photo,art_painting,387,0.2926829268292683,0.3804878048780488,0.4146341463414634,0.2926829268292683,0.2709549291352375,0.999999999999874,1.0,0.0380318885160118,0.058808094005386835,358,0.4414634146341463,0.4841847908106697,0.042721376176523385,716,0.4585365853658537,0.5047474286575117,0.04621084329165798,1433,0.4902439024390244,0.524529322688764,0.03428542024973957
1,art_painting,metadata_observation_adapted_change_ridge,0.1,cnn3_cartoon-sketch_seed42_to_art_painting,cnn3_cartoon-sketch_seed42,cnn3,cartoon|sketch,art_painting,42,0.224390243902439,0.3414634146341463,0.375609756097561,0.2585365853658536,0.21726058772484572,1.0,1.0,0.0364097818422564,0.058830253121931644,358,0.3804878048780488,0.4462670734409184,0.06577926856286964,716,0.4317073170731707,0.4683494259759666,0.0366421089027959,1433,0.4804878048780487,0.489593006611702,0.009105201733653312
1,art_painting,metadata_observation_adapted_change_ridge,0.1,cnn3_cartoon-sketch_seed387_to_art_painting,cnn3_cartoon-sketch_seed387,cnn3,cartoon|sketch,art_painting,387,0.2634146341463415,0.3219512195121951,0.3463414634146341,0.2682926829268293,0.25555864093900654,0.9999999999999968,1.0,0.0312946709773587,0.04036365918495258,358,0.3926829268292683,0.41291966713601025,0.02023674030674194,716,0.3829268292682927,0.4290852133992204,0.04615838413092771,1433,0.4804878048780487,0.44483686550484836,0.03565093937320035
1,art_painting,metadata_observation_adapted_change_ridge,0.1,cnn3_photo-sketch_seed42_to_art_painting,cnn3_photo-sketch_seed42,cnn3,photo|sketch,art_painting,42,0.224390243902439,0.4048780487804878,0.4439024390243902,0.2268292682926829,0.2590413903514968,1.0,0.998788617124834,0.0520414099235113,0.06744168831397561,358,0.4560975609756098,0.5013225499303962,0.04522498895478638,716,0.4634146341463415,0.5239977976809442,0.060583163534602746,1433,0.4926829268292683,0.5456820656408705,0.05299913881160223
1,art_painting,metadata_observation_adapted_change_ridge,0.1,cnn3_photo-sketch_seed387_to_art_painting,cnn3_photo-sketch_seed387,cnn3,photo|sketch,art_painting,387,0.3073170731707317,0.4048780487804878,0.4292682926829268,0.2609756097560975,0.3066228395423773,0.9999999999952618,1.0,0.0367350228407601,0.0536359997800004,358,0.3560975609756097,0.4942632808987797,0.13816571992317,716,0.4585365853658537,0.5126837346103413,0.05414714924448766,1433,0.4878048780487805,0.5304683606361892,0.04266348258740871
1,art_painting,metadata_observation_adapted_change_ridge,0.1,resnet18_cartoon_seed42_to_art_painting,resnet18_cartoon_seed42,resnet18,cartoon,art_painting,42,0.3219512195121951,0.3609756097560975,0.3902439024390244,0.3195121951219512,0.33452537098677926,0.999999999920286,1.0,0.0331602284235848,0.08951210189246986,358,0.424390243902439,0.606975496103154,0.18258525220071503,716,0.4585365853658537,0.6305735546113204,0.1720369692454667,1433,0.5439024390243903,0.6527980516889302,0.10889561266453995
1,art_painting,metadata_observation_adapted_change_ridge,0.1,resnet18_cartoon_seed387_to_art_painting,resnet18_cartoon_seed387,resnet18,cartoon,art_painting,387,0.2975609756097561,0.375609756097561,0.4097560975609756,0.2853658536585365,0.29212903051780587,0.9999999999999948,1.0,0.0413608211274859,0.09350283345619259,358,0.4414634146341463,0.5916378034950698,0.1501743888609235,716,0.4707317073170731,0.6172149481528244,0.14648324083575132,1433,0.5365853658536586,0.6412368634656471,0.10465149761198855
1,art_painting,metadata_observation_adapted_change_ridge,0.1,resnet18_photo_seed42_to_art_painting,resnet18_photo_seed42,resnet18,photo,art_painting,42,0.3121951219512195,0.3951219512195122,0.4097560975609756,0.2585365853658536,0.3132914741819956,1.0,1.0,0.0637017075039449,0.08494382613965587,358,0.4682926829268293,0.5833868817808073,0.11509419885397804,716,0.5292682926829269,0.6071617961239553,0.07789350344102841,1433,0.5975609756097561,0.6296237953017537,0.032062819691997646
1,art_painting,metadata_observation_adapted_change_ridge,0.1,resnet18_photo_seed387_to_art_painting,resnet18_photo_seed387,resnet18,photo,art_painting,387,0.3219512195121951,0.448780487804878,0.4682926829268293,0.2682926829268293,0.32237539451456004,1.0,1.0,0.0575386417317112,0.09900590547132625,358,0.4804878048780487,0.6215402239912864,0.14105241911323768,716,0.5121951219512195,0.6465923811964087,0.1343972592451892,1433,0.6048780487804878,0.670031744624697,0.06515369584420916
1,art_painting,metadata_observation_adapted_change_ridge,0.1,resnet18_sketch_seed42_to_art_painting,resnet18_sketch_seed42,resnet18,sketch,art_painting,42,0.1560975609756097,0.3658536585365853,0.4341463414634146,0.1512195121951219,0.14633415060878377,1.0,1.0,0.0708463847142912,0.15979909188225502,358,0.3975609756097561,0.6665842315032567,0.2690232558935006,716,0.5146341463414634,0.7014764895297473,0.18684234318828385,1433,0.5756097560975609,0.7327767632459432,0.15716700714838228
1,art_painting,metadata_observation_adapted_change_ridge,0.1,resnet18_sketch_seed387_to_art_painting,resnet18_sketch_seed387,resnet18,sketch,art_painting,387,0.1560975609756097,0.3512195121951219,0.4195121951219512,0.173170731707317,0.16025981167142295,0.9999999999999998,1.0,0.067545679923523,0.1258868962626363,358,0.448780487804878,0.5996018811768036,0.15082139337192557,716,0.4902439024390244,0.6329945661333924,0.14275066369436806,1433,0.551219512195122,0.6636613608919473,0.11244184869682528
1,art_painting,metadata_observation_adapted_change_ridge,0.1,resnet18_cartoon-photo_seed42_to_art_painting,resnet18_cartoon-photo_seed42,resnet18,cartoon|photo,art_painting,42,0.3463414634146341,0.4048780487804878,0.4634146341463415,0.3024390243902439,0.3539678014190617,0.9999999999999866,1.0,0.051618168195195,0.08341606797531285,358,0.4829268292682926,0.6045257311607937,0.12159890189250105,716,0.5024390243902439,0.6267000050909923,0.12426098070074842,1433,0.573170731707317,0.647671929518401,0.074501197811084
1,art_painting,metadata_observation_adapted_change_ridge,0.1,resnet18_cartoon-photo_seed387_to_art_painting,resnet18_cartoon-photo_seed387,resnet18,cartoon|photo,art_painting,387,0.3658536585365853,0.4536585365853658,0.526829268292683,0.3365853658536585,0.3863197554827324,0.9999999998573303,1.0,0.0439128362813676,0.09134651699722435,358,0.473170731707317,0.6414554179340988,0.16828468622678178,716,0.526829268292683,0.663410616429793,0.1365813481371101,1433,0.5658536585365853,0.6840616308109997,0.11820797227441437
1,art_painting,metadata_observation_adapted_change_ridge,0.1,resnet18_cartoon-sketch_seed42_to_art_painting,resnet18_cartoon-sketch_seed42,resnet18,cartoon|sketch,art_painting,42,0.3170731707317073,0.4536585365853658,0.4585365853658537,0.2975609756097561,0.3225557499153074,1.0,1.0,0.0459601952638361,0.115263442009035,358,0.4365853658536585,0.6561535220518345,0.21956815619817605,716,0.4902439024390244,0.6825052163299208,0.1922613138908964,1433,0.5975609756097561,0.7068844619922022,0.10932348638244616
1,art_painting,metadata_observation_adapted_change_ridge,0.1,resnet18_cartoon-sketch_seed387_to_art_painting,resnet18_cartoon-sketch_seed387,resnet18,cartoon|sketch,art_painting,387,0.3121951219512195,0.4048780487804878,0.4341463414634146,0.2731707317073171,0.3119977071895778,0.9999999999999478,1.0,0.0534184815683137,0.10596024935598683,358,0.448780487804878,0.6311485962114411,0.18236810840656315,716,0.4853658536585366,0.6572177195003172,0.17185186584178058,1433,0.5853658536585366,0.6814914093684379,0.09612555570990133
1,art_painting,metadata_observation_adapted_change_ridge,0.1,resnet18_photo-sketch_seed42_to_art_painting,resnet18_photo-sketch_seed42,resnet18,photo|sketch,art_painting,42,0.3317073170731707,0.4195121951219512,0.4341463414634146,0.3121951219512195,0.342328224816021,1.0,1.0,0.0565770370176416,0.10388315637006379,358,0.5,0.6430742113271818,0.1430742113271818,716,0.551219512195122,0.6678235335132225,0.11660402131810055,1433,0.5902439024390244,0.6909014876373059,0.1006575851982815
1,art_painting,metadata_observation_adapted_change_ridge,0.1,resnet18_photo-sketch_seed387_to_art_painting,resnet18_photo-sketch_seed387,resnet18,photo|sketch,art_painting,387,0.3024390243902439,0.3951219512195122,0.4390243902439024,0.2829268292682926,0.3086161687746862,1.0,1.0,0.0535301206567496,0.10799999617535726,358,0.4707317073170731,0.633757256853277,0.1630255495362039,716,0.4926829268292683,0.6601219162776473,0.16743898944837898,1433,0.5682926829268292,0.6846361400441006,0.11634345711727134
2,cartoon,mean_remaining_curve,,cnn3_art_painting_seed42_to_cartoon,cnn3_art_painting_seed42,cnn3,art_painting,cartoon,42,0.3404255319148936,0.5191489361702127,0.5659574468085107,0.3518123667377398,0.31768338516908945,1.0,0.9987051752362915,0.0829366496853975,0.08824985117473431,410,0.6162046908315565,0.5983090591383696,0.017895631693186864,821,0.6396588486140725,0.6220672890318286,0.0175915595822439,1640,0.6844349680170576,0.6443586698127336,0.04007629820432401
2,cartoon,mean_remaining_curve,,cnn3_art_painting_seed387_to_cartoon,cnn3_art_painting_seed387,cnn3,art_painting,cartoon,387,0.3531914893617021,0.5531914893617021,0.5957446808510638,0.3432835820895522,0.31768338516908945,0.9999999999798244,0.9987051752362915,0.0820785502974741,0.08824985117473431,410,0.5884861407249466,0.5983090591383696,0.009822918413422976,821,0.6311300639658849,0.6220672890318286,0.009062774934056272,1640,0.673773987206823,0.6443586698127336,0.029415317394089424
2,cartoon,mean_remaining_curve,,cnn3_photo_seed42_to_cartoon,cnn3_photo_seed42,cnn3,photo,cartoon,42,0.1957446808510638,0.4680851063829787,0.5106382978723404,0.1833688699360341,0.31768338516908945,1.0,0.9987051752362915,0.1020575702927345,0.08824985117473431,410,0.5650319829424307,0.5983090591383696,0.03327707619593889,821,0.5927505330490405,0.6220672890318286,0.029316755982788156,1640,0.6375266524520256,0.6443586698127336,0.0068320173607080426
2,cartoon,mean_remaining_curve,,cnn3_photo_seed387_to_cartoon,cnn3_photo_seed387,cnn3,photo,cartoon,387,0.1787234042553191,0.4468085106382978,0.4468085106382978,0.1577825159914712,0.31768338516908945,1.0,0.9987051752362915,0.1067637080077372,0.08824985117473431,410,0.5692963752665245,0.5983090591383696,0.02901268387184508,821,0.5948827292110874,0.6220672890318286,0.027184559820741194,1640,0.6588486140724946,0.6443586698127336,0.014489944259761023
2,cartoon,mean_remaining_curve,,cnn3_sketch_seed42_to_cartoon,cnn3_sketch_seed42,cnn3,sketch,cartoon,42,0.2340425531914893,0.4340425531914894,0.4553191489361702,0.2814498933901919,0.31768338516908945,0.9999999999999998,0.9987051752362915,0.0713204160609073,0.08824985117473431,410,0.5415778251599147,0.5983090591383696,0.05673123397845492,821,0.6140724946695096,0.6220672890318286,0.00799479436231898,1640,0.6183368869936035,0.6443586698127336,0.026021782819130146
2,cartoon,mean_remaining_curve,,cnn3_sketch_seed387_to_cartoon,cnn3_sketch_seed387,cnn3,sketch,cartoon,387,0.2127659574468085,0.4808510638297872,0.4808510638297872,0.2217484008528784,0.31768338516908945,1.0,0.9987051752362915,0.0883527999861967,0.08824985117473431,410,0.5479744136460555,0.5983090591383696,0.050334645492314145,821,0.6076759061833689,0.6220672890318286,0.014391382848459755,1640,0.6588486140724946,0.6443586698127336,0.014489944259761023
2,cartoon,mean_remaining_curve,,cnn3_art_painting-photo_seed42_to_cartoon,cnn3_art_painting-photo_seed42,cnn3,art_painting|photo,cartoon,42,0.2978723404255319,0.5574468085106383,0.5957446808510638,0.2729211087420042,0.31768338516908945,1.0,0.9987051752362915,0.1046336866219455,0.08824985117473431,410,0.6204690831556503,0.5983090591383696,0.022160024017280677,821,0.652452025586354,0.6220672890318286,0.030384736554525338,1640,0.6993603411513859,0.6443586698127336,0.0550016713386523
2,cartoon,mean_remaining_curve,,cnn3_art_painting-photo_seed387_to_cartoon,cnn3_art_painting-photo_seed387,cnn3,art_painting|photo,cartoon,387,0.2851063829787234,0.5914893617021276,0.5914893617021276,0.326226012793177,0.31768338516908945,1.0,0.9987051752362915,0.0995624296764095,0.08824985117473431,410,0.6460554371002132,0.5983090591383696,0.047746377961843556,821,0.67590618336887,0.6220672890318286,0.053838894337041365,1640,0.6780383795309168,0.6443586698127336,0.03367970971818324
2,cartoon,mean_remaining_curve,,cnn3_art_painting-sketch_seed42_to_cartoon,cnn3_art_painting-sketch_seed42,cnn3,art_painting|sketch,cartoon,42,0.4042553191489361,0.5531914893617021,0.6127659574468085,0.4754797441364605,0.31768338516908945,0.9999999999998992,0.9987051752362915,0.0637905543870421,0.08824985117473431,410,0.6375266524520256,0.5983090591383696,0.03921759331365593,821,0.6886993603411514,0.6220672890318286,0.0666320713093228,1640,0.7100213219616205,0.6443586698127336,0.06566265214888689
2,cartoon,mean_remaining_curve,,cnn3_art_painting-sketch_seed387_to_cartoon,cnn3_art_painting-sketch_seed387,cnn3,art_painting|sketch,cartoon,387,0.3446808510638298,0.5872340425531914,0.6127659574468085,0.4115138592750533,0.31768338516908945,0.9999999999994684,0.9987051752362915,0.0793425382294,0.08824985117473431,410,0.6332622601279317,0.5983090591383696,0.034953200989562117,821,0.6844349680170576,0.6220672890318286,0.06236767898522899,1640,0.7121535181236673,0.6443586698127336,0.06779484831093374
2,cartoon,mean_remaining_curve,,cnn3_photo-sketch_seed42_to_cartoon,cnn3_photo-sketch_seed42,cnn3,photo|sketch,cartoon,42,0.3106382978723404,0.5276595744680851,0.5574468085106383,0.2985074626865671,0.31768338516908945,1.0,0.9987051752362915,0.0909477681814551,0.08824985117473431,410,0.5927505330490405,0.5983090591383696,0.005558526089329163,821,0.650319829424307,0.6220672890318286,0.028252540392478376,1640,0.67590618336887,0.6443586698127336,0.031547513556136386
2,cartoon,mean_remaining_curve,,cnn3_photo-sketch_seed387_to_cartoon,cnn3_photo-sketch_seed387,cnn3,photo|sketch,cartoon,387,0.2723404255319149,0.4978723404255319,0.5404255319148936,0.3070362473347548,0.31768338516908945,0.9999999999995802,0.9987051752362915,0.0842935359281544,0.08824985117473431,410,0.5842217484008528,0.5983090591383696,0.01408731073751679,821,0.6289978678038379,0.6220672890318286,0.00693057877200931,1640,0.6823027718550106,0.6443586698127336,0.03794410204227705
2,cartoon,mean_remaining_curve,,resnet18_art_painting_seed42_to_cartoon,resnet18_art_painting_seed42,resnet18,art_painting,cartoon,42,0.3404255319148936,0.5659574468085107,0.6595744680851063,0.3646055437100213,0.31768338516908945,0.9999999999999976,0.9987051752362915,0.1338443087870703,0.08824985117473431,410,0.7356076759061834,0.5983090591383696,0.13729861676781374,821,0.7697228144989339,0.6220672890318286,0.14765552546710525,1640,0.8187633262260128,0.6443586698127336,0.17440465641327918
2,cartoon,mean_remaining_curve,,resnet18_art_painting_seed387_to_cartoon,resnet18_art_painting_seed387,resnet18,art_painting,cartoon,387,0.3361702127659574,0.5829787234042553,0.6212765957446809,0.3859275053304904,0.31768338516908945,0.9999999999993684,0.9987051752362915,0.1273006732153967,0.08824985117473431,410,0.7164179104477612,0.5983090591383696,0.11810885130939153,821,0.7953091684434968,0.6220672890318286,0.17324187941166813,1640,0.837953091684435,0.6443586698127336,0.1935944218717014
2,cartoon,mean_remaining_curve,,resnet18_photo_seed42_to_cartoon,resnet18_photo_seed42,resnet18,photo,cartoon,42,0.225531914893617,0.5404255319148936,0.6127659574468085,0.2217484008528784,0.31768338516908945,1.0,0.9987051752362915,0.1475774057943583,0.08824985117473431,410,0.673773987206823,0.5983090591383696,0.0754649280684534,821,0.7569296375266524,0.6220672890318286,0.1348623484948238,1640,0.8166311300639659,0.6443586698127336,0.17227246025123233
2,cartoon,mean_remaining_curve,,resnet18_photo_seed387_to_cartoon,resnet18_photo_seed387,resnet18,photo,cartoon,387,0.2893617021276595,0.5617021276595745,0.6297872340425532,0.3070362473347548,0.31768338516908945,0.99999999999996,0.9987051752362915,0.1238768664939801,0.08824985117473431,410,0.6631130063965884,0.5983090591383696,0.06480394725821881,821,0.744136460554371,0.6220672890318286,0.12206917152254237,1640,0.7825159914712153,0.6443586698127336,0.1381573216584817
2,cartoon,mean_remaining_curve,,resnet18_sketch_seed42_to_cartoon,resnet18_sketch_seed42,resnet18,sketch,cartoon,42,0.2765957446808511,0.548936170212766,0.625531914893617,0.3113006396588486,0.31768338516908945,0.9999999999999968,0.9987051752362915,0.1302658754815289,0.08824985117473431,410,0.7036247334754797,0.5983090591383696,0.10531567433711009,821,0.7526652452025586,0.6220672890318286,0.13059795617073,1640,0.8187633262260128,0.6443586698127336,0.17440465641327918
2,cartoon,mean_remaining_curve,,resnet18_sketch_seed387_to_cartoon,resnet18_sketch_seed387,resnet18,sketch,cartoon,387,0.2808510638297872,0.5234042553191489,0.5829787234042553,0.2899786780383795,0.31768338516908945,1.0,0.9987051752362915,0.1260954058137275,0.08824985117473431,410,0.6716417910447762,0.5983090591383696,0.07333273190640655,821,0.744136460554371,0.6220672890318286,0.12206917152254237,1640,0.7931769722814499,0.6443586698127336,0.1488183024687163
2,cartoon,mean_remaining_curve,,resnet18_art_painting-photo_seed42_to_cartoon,resnet18_art_painting-photo_seed42,resnet18,art_painting|photo,cartoon,42,0.3574468085106383,0.6,0.6893617021276596,0.4093816631130064,0.31768338516908945,1.0,0.9987051752362915,0.1213405042653457,0.08824985117473431,410,0.7100213219616205,0.5983090591383696,0.11171226282325086,821,0.7611940298507462,0.6220672890318286,0.13912674081891763,1640,0.8038379530916845,0.6443586698127336,0.1594792832789509
2,cartoon,mean_remaining_curve,,resnet18_art_painting-photo_seed387_to_cartoon,resnet18_art_painting-photo_seed387,resnet18,art_painting|photo,cartoon,387,0.3829787234042553,0.6042553191489362,0.6425531914893617,0.4136460554371002,0.31768338516908945,1.0,0.9987051752362915,0.1193059980670053,0.08824985117473431,410,0.7270788912579957,0.5983090591383696,0.12876983211962612,821,0.7654584221748401,0.6220672890318286,0.14339113314301144,1640,0.8251599147121536,0.6443586698127336,0.18080124489941996
2,cartoon,mean_remaining_curve,,resnet18_art_painting-sketch_seed42_to_cartoon,resnet18_art_painting-sketch_seed42,resnet18,art_painting|sketch,cartoon,42,0.4595744680851064,0.6085106382978723,0.6510638297872341,0.4861407249466951,0.31768338516908945,1.0,0.9987051752362915,0.1047953507554931,0.08824985117473431,410,0.7249466950959488,0.5983090591383696,0.12663763595757915,821,0.7782515991471215,0.6220672890318286,0.15618431011529288,1640,0.8336886993603412,0.6443586698127336,0.18933002954760758
2,cartoon,mean_remaining_curve,,resnet18_art_painting-sketch_seed387_to_cartoon,resnet18_art_painting-sketch_seed387,resnet18,art_painting|sketch,cartoon,387,0.5191489361702127,0.6510638297872341,0.6638297872340425,0.5671641791044776,0.31768338516908945,0.9999999999999368,0.9987051752362915,0.0900557847046071,0.08824985117473431,410,0.7420042643923241,0.5983090591383696,0.14369520525395452,821,0.7718550106609808,0.6220672890318286,0.14978772162915222,1640,0.8443496801705757,0.6443586698127336,0.19999101035784206
2,cartoon,mean_remaining_curve,,resnet18_photo-sketch_seed42_to_cartoon,resnet18_photo-sketch_seed42,resnet18,photo|sketch,cartoon,42,0.4212765957446808,0.5659574468085107,0.5914893617021276,0.4498933901918976,0.31768338516908945,0.999999999999705,0.9987051752362915,0.0850271565224604,0.08824985117473431,410,0.6631130063965884,0.5983090591383696,0.06480394725821881,821,0.7356076759061834,0.6220672890318286,0.11354038687435475,1640,0.7718550106609808,0.6443586698127336,0.12749634084824724
2,cartoon,mean_remaining_curve,,resnet18_photo-sketch_seed387_to_cartoon,resnet18_photo-sketch_seed387,resnet18,photo|sketch,cartoon,387,0.4,0.5617021276595745,0.625531914893617,0.4392324093816631,0.31768338516908945,0.9999999999976272,0.9987051752362915,0.0882088647754134,0.08824985117473431,410,0.6631130063965884,0.5983090591383696,0.06480394725821881,821,0.7164179104477612,0.6220672890318286,0.09435062141593253,1640,0.7867803837953091,0.6443586698127336,0.14242171398257553
2,cartoon,three_point_log_curve,,cnn3_art_painting_seed42_to_cartoon,cnn3_art_painting_seed42,cnn3,art_painting,cartoon,42,0.3404255319148936,0.5191489361702127,0.5659574468085107,,,,,,,410,0.6162046908315565,0.5969920331281997,0.019212657703356784,821,0.6396588486140725,0.6266845424821462,0.012974306131926294,1640,0.6844349680170576,0.6562988102874072,0.02813615772965039
2,cartoon,three_point_log_curve,,cnn3_art_painting_seed387_to_cartoon,cnn3_art_painting_seed387,cnn3,art_painting,cartoon,387,0.3531914893617021,0.5531914893617021,0.5957446808510638,,,,,,,410,0.5884861407249466,0.6335114568207183,0.04502531609577165,821,0.6311300639658849,0.6658821867207849,0.03475212275490003,1640,0.673773987206823,0.6981676177998838,0.024393630593060767
2,cartoon,three_point_log_curve,,cnn3_photo_seed42_to_cartoon,cnn3_photo_seed42,cnn3,photo,cartoon,42,0.1957446808510638,0.4680851063829787,0.5106382978723404,,,,,,,410,0.5650319829424307,0.5668226762335228,0.0017906932910920492,821,0.5927505330490405,0.6095604154237085,0.016809882374668073,1640,0.6375266524520256,0.6521855380996852,0.014658885647659603
2,cartoon,three_point_log_curve,,cnn3_photo_seed387_to_cartoon,cnn3_photo_seed387,cnn3,photo,cartoon,387,0.1787234042553191,0.4468085106382978,0.4468085106382978,,,,,,,410,0.5692963752665245,0.5150619783245489,0.05423439694197563,821,0.5948827292110874,0.5534808951055784,0.04140183410550902,1640,0.6588486140724946,0.5917985757293018,0.06705003834319279
2,cartoon,three_point_log_curve,,cnn3_sketch_seed42_to_cartoon,cnn3_sketch_seed42,cnn3,sketch,cartoon,42,0.2340425531914893,0.4340425531914894,0.4553191489361702,,,,,,,410,0.5415778251599147,0.49966216375634503,0.04191566140356967,821,0.6140724946695096,0.5301783944897783,0.08389410017973131,1640,0.6183368869936035,0.5606142131191294,0.05772267387447405
2,cartoon,three_point_log_curve,,cnn3_sketch_seed387_to_cartoon,cnn3_sketch_seed387,cnn3,sketch,cartoon,387,0.2127659574468085,0.4808510638297872,0.4808510638297872,,,,,,,410,0.5479744136460555,0.5491045315160382,0.0011301178699827386,821,0.6076759061833689,0.5875234482970678,0.020152457886301045,1640,0.6588486140724946,0.6258411289207911,0.033007485151703486
2,cartoon,three_point_log_curve,,cnn3_art_painting-photo_seed42_to_cartoon,cnn3_art_painting-photo_seed42,cnn3,art_painting|photo,cartoon,42,0.2978723404255319,0.5574468085106383,0.5957446808510638,,,,,,,410,0.6204690831556503,0.6499941418544337,0.029525058698783413,821,0.652452025586354,0.6905315089836247,0.03807948339727074,1640,0.6993603411513859,0.7309620577113792,0.03160171655999333
2,cartoon,three_point_log_curve,,cnn3_art_painting-photo_seed387_to_cartoon,cnn3_art_painting-photo_seed387,cnn3,art_painting|photo,cartoon,387,0.2851063829787234,0.5914893617021276,0.5914893617021276,,,,,,,410,0.6460554371002132,0.6694933247721289,0.02343788767191568,821,0.67590618336887,0.7134006582361625,0.037494474867292515,1640,0.6780383795309168,0.7571922932347035,0.07915391370378666
2,cartoon,three_point_log_curve,,cnn3_art_painting-sketch_seed42_to_cartoon,cnn3_art_painting-sketch_seed42,cnn3,art_painting|sketch,cartoon,42,0.4042553191489361,0.5531914893617021,0.6127659574468085,,,,,,,410,0.6375266524520256,0.6322710818243796,0.005255570627645922,821,0.6886993603411514,0.6588075221470808,0.029891838194070597,1640,0.7100213219616205,0.6852740373528878,0.024747284608732656
2,cartoon,three_point_log_curve,,cnn3_art_painting-sketch_seed387_to_cartoon,cnn3_art_painting-sketch_seed387,cnn3,art_painting|sketch,cartoon,387,0.3446808510638298,0.5872340425531914,0.6127659574468085,,,,,,,410,0.6332622601279317,0.6666276082566016,0.03336534812866987,821,0.6844349680170576,0.7036129795822551,0.019178011565197495,1640,0.7121535181236673,0.7405008922291307,0.028347374105463397
2,cartoon,three_point_log_curve,,cnn3_photo-sketch_seed42_to_cartoon,cnn3_photo-sketch_seed42,cnn3,photo|sketch,cartoon,42,0.3106382978723404,0.5276595744680851,0.5574468085106383,,,,,,,410,0.5927505330490405,0.603492881294494,0.010742348245453504,821,0.650319829424307,0.6371902079981381,0.013129621426168914,1640,0.67590618336887,0.6707987402184183,0.0051074431504516404
2,cartoon,three_point_log_curve,,cnn3_photo-sketch_seed387_to_cartoon,cnn3_photo-sketch_seed387,cnn3,photo|sketch,cartoon,387,0.2723404255319149,0.4978723404255319,0.5404255319148936,,,,,,,410,0.5842217484008528,0.5846926381403815,0.0004708897395286904,821,0.6289978678038379,0.6207223124957844,0.008275555308053573,1640,0.6823027718550106,0.6566570464914283,0.02564572536358234
2,cartoon,three_point_log_curve,,resnet18_art_painting_seed42_to_cartoon,resnet18_art_painting_seed42,resnet18,art_painting,cartoon,42,0.3404255319148936,0.5659574468085107,0.6595744680851063,,,,,,,410,0.7356076759061834,0.688058601069345,0.047549074836838345,821,0.7697228144989339,0.7285390734246682,0.0411837410742657,1640,0.8187633262260128,0.7689128772997071,0.049850448926305635
2,cartoon,three_point_log_curve,,resnet18_art_painting_seed387_to_cartoon,resnet18_art_painting_seed387,resnet18,art_painting,cartoon,387,0.3361702127659574,0.5829787234042553,0.6212765957446809,,,,,,,410,0.7164179104477612,0.6722758916201339,0.04414201882762725,821,0.7953091684434968,0.7109837865216568,0.08432538192183991,1640,0.837953091684435,0.7495896837911389,0.08836340789329611
2,cartoon,three_point_log_curve,,resnet18_photo_seed42_to_cartoon,resnet18_photo_seed42,resnet18,photo,cartoon,42,0.225531914893617,0.5404255319148936,0.6127659574468085,,,,,,,410,0.673773987206823,0.6705774851769848,0.003196502029838233,821,0.7569296375266524,0.7220097639593509,0.03491987356730153,1640,0.8166311300639659,0.7733065155925497,0.04332461447141622
2,cartoon,three_point_log_curve,,resnet18_photo_seed387_to_cartoon,resnet18_photo_seed387,resnet18,photo,cartoon,387,0.2893617021276595,0.5617021276595745,0.6297872340425532,,,,,,,410,0.6631130063965884,0.6780801257831112,0.014967119386522731,821,0.744136460554371,0.7230432639732571,0.02109319658111386,1640,0.7825159914712153,0.7678879215889312,0.014628069882284156
2,cartoon,three_point_log_curve,,resnet18_sketch_seed42_to_cartoon,resnet18_sketch_seed42,resnet18,sketch,cartoon,42,0.2765957446808511,0.548936170212766,0.625531914893617,,,,,,,410,0.7036247334754797,0.6711943110939667,0.03243042238151306,821,0.7526652452025586,0.716899248950766,0.035765996251792664,1640,0.8187633262260128,0.7624837515463392,0.056279574679673594
2,cartoon,three_point_log_curve,,resnet18_sketch_seed387_to_cartoon,resnet18_sketch_seed387,resnet18,sketch,cartoon,387,0.2808510638297872,0.5234042553191489,0.5829787234042553,,,,,,,410,0.6716417910447762,0.6263183920532158,0.04532339899156035,821,0.744136460554371,0.6662709620454828,0.07786549850888824,1640,0.7931769722814499,0.7061182546119552,0.08705871766949469
2,cartoon,three_point_log_curve,,resnet18_art_painting-photo_seed42_to_cartoon,resnet18_art_painting-photo_seed42,resnet18,art_painting|photo,cartoon,42,0.3574468085106383,0.6,0.6893617021276596,,,,,,,410,0.7100213219616205,0.7234946363858914,0.01347331442427091,821,0.7611940298507462,0.7660435052114453,0.004849475360699018,1640,0.8038379530916845,0.8084802552075647,0.004642302115880237
2,cartoon,three_point_log_curve,,resnet18_art_painting-photo_seed387_to_cartoon,resnet18_art_painting-photo_seed387,resnet18,art_painting|photo,cartoon,387,0.3829787234042553,0.6042553191489362,0.6425531914893617,,,,,,,410,0.7270788912579957,0.6870521571089814,0.040026734149014365,821,0.7654584221748401,0.7221011075551682,0.04335731461967185,1640,0.8251599147121536,0.7570577019081051,0.06810221280404849
2,cartoon,three_point_log_curve,,resnet18_art_painting-sketch_seed42_to_cartoon,resnet18_art_painting-sketch_seed42,resnet18,art_painting|sketch,cartoon,42,0.4595744680851064,0.6085106382978723,0.6510638297872341,,,,,,,410,0.7249466950959488,0.6758299452452216,0.049116749850727226,821,0.7782515991471215,0.700882786234616,0.07736881291250552,1640,0.8336886993603412,0.7258696114806248,0.10781908787971639
2,cartoon,three_point_log_curve,,resnet18_art_painting-sketch_seed387_to_cartoon,resnet18_art_painting-sketch_seed387,resnet18,art_painting|sketch,cartoon,387,0.5191489361702127,0.6510638297872341,0.6638297872340425,,,,,,,410,0.7420042643923241,0.6934690835788695,0.04853518081345465,821,0.7718550106609808,0.7134863294314197,0.05836868122956118,1640,0.8443496801705757,0.7334508286367513,0.1108988515338244
2,cartoon,three_point_log_curve,,resnet18_photo-sketch_seed42_to_cartoon,resnet18_photo-sketch_seed42,resnet18,photo|sketch,cartoon,42,0.4212765957446808,0.5659574468085107,0.5914893617021276,,,,,,,410,0.6631130063965884,0.6204330798645592,0.04267992653202923,821,0.7356076759061834,0.6433924974447575,0.0922151784614259,1640,0.7718550106609808,0.6662914155782105,0.10556359508277036
2,cartoon,three_point_log_curve,,resnet18_photo-sketch_seed387_to_cartoon,resnet18_photo-sketch_seed387,resnet18,photo|sketch,cartoon,387,0.4,0.5617021276595745,0.625531914893617,,,,,,,410,0.6631130063965884,0.6469719566290006,0.01614104976758779,821,0.7164179104477612,0.6757087690126966,0.040709141435064544,1640,0.7867803837953091,0.7043698581667257,0.08241052562858342
2,cartoon,observation_ridge,0.1,cnn3_art_painting_seed42_to_cartoon,cnn3_art_painting_seed42,cnn3,art_painting,cartoon,42,0.3404255319148936,0.5191489361702127,0.5659574468085107,0.3518123667377398,0.29850815526671903,1.0,0.9988558466654971,0.0829366496853975,0.10572629937591999,410,0.6162046908315565,0.6282076611389844,0.012002970307427918,821,0.6396588486140725,0.654398786282417,0.014739937668344472,1640,0.6844349680170576,0.6786773441882673,0.005757623828790304
2,cartoon,observation_ridge,0.1,cnn3_art_painting_seed387_to_cartoon,cnn3_art_painting_seed387,cnn3,art_painting,cartoon,387,0.3531914893617021,0.5531914893617021,0.5957446808510638,0.3432835820895522,0.3443063608015969,0.9999999999798244,0.9966559792943118,0.0820785502974741,0.10360054282746976,410,0.5884861407249466,0.6469645556715908,0.058478414946644186,821,0.6311300639658849,0.6711956120403848,0.04006554807449991,1640,0.673773987206823,0.6936903103518355,0.01991632314501246
2,cartoon,observation_ridge,0.1,cnn3_photo_seed42_to_cartoon,cnn3_photo_seed42,cnn3,photo,cartoon,42,0.1957446808510638,0.4680851063829787,0.5106382978723404,0.1833688699360341,0.2383929123571404,1.0,0.9979040106524961,0.1020575702927345,0.0968989247108834,410,0.5650319829424307,0.5740115791297992,0.008979596187368433,821,0.5927505330490405,0.6015473328676078,0.008796799818567291,1640,0.6375266524520256,0.627228785518094,0.010297866933931532
2,cartoon,observation_ridge,0.1,cnn3_photo_seed387_to_cartoon,cnn3_photo_seed387,cnn3,photo,cartoon,387,0.1787234042553191,0.4468085106382978,0.4468085106382978,0.1577825159914712,0.22527263368679273,1.0,0.9976153723185128,0.1067637080077372,0.07716611707536532,410,0.5692963752665245,0.5122038917205245,0.05709248354600005,821,0.5948827292110874,0.5374851836172423,0.057397545593845134,1640,0.6588486140724946,0.5613882918232257,0.09746032224926893
2,cartoon,observation_ridge,0.1,cnn3_sketch_seed42_to_cartoon,cnn3_sketch_seed42,cnn3,sketch,cartoon,42,0.2340425531914893,0.4340425531914894,0.4553191489361702,0.2814498933901919,0.2072856890727585,0.9999999999999998,0.9962022409933421,0.0713204160609073,0.08211089561766843,410,0.5415778251599147,0.5149129760855666,0.026664849074348074,821,0.6140724946695096,0.541540581922029,0.07253191274748061,1640,0.6183368869936035,0.5666305802564139,0.05170630673718957
2,cartoon,observation_ridge,0.1,cnn3_sketch_seed387_to_cartoon,cnn3_sketch_seed387,cnn3,sketch,cartoon,387,0.2127659574468085,0.4808510638297872,0.4808510638297872,0.2217484008528784,0.2735997557200803,1.0,0.9937535398732585,0.0883527999861967,0.07100728549570218,410,0.5479744136460555,0.5240504311029559,0.023923982543099576,821,0.6076759061833689,0.5466088148224686,0.06106709136090027,1640,0.6588486140724946,0.5680285790591119,0.09082003501338276
2,cartoon,observation_ridge,0.1,cnn3_art_painting-photo_seed42_to_cartoon,cnn3_art_painting-photo_seed42,cnn3,art_painting|photo,cartoon,42,0.2978723404255319,0.5574468085106383,0.5957446808510638,0.2729211087420042,0.35183538172109136,1.0,0.9981639060352214,0.1046336866219455,0.10692777867015524,410,0.6204690831556503,0.6585691125722359,0.038100029416585635,821,0.652452025586354,0.6828286320569918,0.03037660647063789,1640,0.6993603411513859,0.7052979406719024,0.005937599520516534
2,cartoon,observation_ridge,0.1,cnn3_art_painting-photo_seed387_to_cartoon,cnn3_art_painting-photo_seed387,cnn3,art_painting|photo,cartoon,387,0.2851063829787234,0.5914893617021276,0.5914893617021276,0.326226012793177,0.3960045227586526,1.0,0.9936972962358046,0.0995624296764095,0.0942923547434211,410,0.6460554371002132,0.654843227576569,0.008787790476355806,821,0.67590618336887,0.6762819810507983,0.00037579768192830265,1640,0.6780383795309168,0.69631312683552,0.01827474730460321
2,cartoon,observation_ridge,0.1,cnn3_art_painting-sketch_seed42_to_cartoon,cnn3_art_painting-sketch_seed42,cnn3,art_painting|sketch,cartoon,42,0.4042553191489361,0.5531914893617021,0.6127659574468085,0.4754797441364605,0.3457816100063763,0.9999999999998992,0.9995651812585115,0.0637905543870421,0.11079602659774351,410,0.6375266524520256,0.6639584096503894,0.02643175719836388,821,0.6886993603411514,0.6887674873675887,6.812702643732571e-05,1640,0.7100213219616205,0.7116843505255547,0.001663028563934188
2,cartoon,observation_ridge,0.1,cnn3_art_painting-sketch_seed387_to_cartoon,cnn3_art_painting-sketch_seed387,cnn3,art_painting|sketch,cartoon,387,0.3446808510638298,0.5872340425531914,0.6127659574468085,0.4115138592750533,0.4036023856257786,0.9999999999994684,0.9975948819170101,0.0793425382294,0.0916378071051073,410,0.6332622601279317,0.65541519386667,0.02215293373873828,821,0.6844349680170576,0.6764740373488592,0.007960930668198363,1640,0.7121535181236673,0.6961864075355696,0.015967110588097744
2,cartoon,observation_ridge,0.1,cnn3_photo-sketch_seed42_to_cartoon,cnn3_photo-sketch_seed42,cnn3,photo|sketch,cartoon,42,0.3106382978723404,0.5276595744680851,0.5574468085106383,0.2985074626865671,0.3099843973564867,1.0,0.9968376442173897,0.0909477681814551,0.10262999593470862,410,0.5927505330490405,0.6264935870500808,0.033743054001040385,821,0.650319829424307,0.6519237632534232,0.0016039338291161664,1640,0.67590618336887,0.6755475211066738,0.00035866226219616326
2,cartoon,observation_ridge,0.1,cnn3_photo-sketch_seed387_to_cartoon,cnn3_photo-sketch_seed387,cnn3,photo|sketch,cartoon,387,0.2723404255319149,0.4978723404255319,0.5404255319148936,0.3070362473347548,0.2654319363152778,0.9999999999995802,0.9972086371451455,0.0842935359281544,0.1015593485630208,410,0.5842217484008528,0.6000916132443517,0.015869864843498838,821,0.6289978678038379,0.6270856190688511,0.0019122487349868544,1640,0.6823027718550106,0.6521807134066216,0.030122058448389
2,cartoon,observation_ridge,0.1,resnet18_art_painting_seed42_to_cartoon,resnet18_art_painting_seed42,resnet18,art_painting,cartoon,42,0.3404255319148936,0.5659574468085107,0.6595744680851063,0.3646055437100213,0.34791348408536005,0.9999999999999976,1.0,0.1338443087870703,0.1388218861863151,410,0.7356076759061834,0.7172212516222038,0.01838642428397952,821,0.7697228144989339,0.7431632202181881,0.026559594280745724,1640,0.8187633262260128,0.766666131014065,0.05209719521194778
2,cartoon,observation_ridge,0.1,resnet18_art_painting_seed387_to_cartoon,resnet18_art_painting_seed387,resnet18,art_painting,cartoon,387,0.3361702127659574,0.5829787234042553,0.6212765957446809,0.3859275053304904,0.3804163229524694,0.9999999999993684,0.9994708264719669,0.1273006732153967,0.11498819249464276,410,0.7164179104477612,0.6896090968085467,0.0268088136392145,821,0.7953091684434968,0.7133476448092053,0.08196152363429143,1640,0.837953091684435,0.7352120846239308,0.10274100706050415
2,cartoon,observation_ridge,0.1,resnet18_photo_seed42_to_cartoon,resnet18_photo_seed42,resnet18,photo,cartoon,42,0.225531914893617,0.5404255319148936,0.6127659574468085,0.2217484008528784,0.3035598387631895,1.0,1.0,0.1475774057943583,0.13368907117346274,410,0.673773987206823,0.6885117118154681,0.014737724608645086,821,0.7569296375266524,0.7160791402028017,0.04085049732385071,1640,0.8166311300639659,0.7411435878028054,0.0754875422611605
2,cartoon,observation_ridge,0.1,resnet18_photo_seed387_to_cartoon,resnet18_photo_seed387,resnet18,photo,cartoon,387,0.2893617021276595,0.5617021276595745,0.6297872340425532,0.3070362473347548,0.3426240906164949,0.99999999999996,1.0,0.1238768664939801,0.12899869791359322,410,0.6631130063965884,0.6975653178668654,0.03445231147027694,821,0.744136460554371,0.7234337917239811,0.020702668830389848,1640,0.7825159914712153,0.7470300330587956,0.03548595841241975
2,cartoon,observation_ridge,0.1,resnet18_sketch_seed42_to_cartoon,resnet18_sketch_seed42,resnet18,sketch,cartoon,42,0.2765957446808511,0.548936170212766,0.625531914893617,0.3113006396588486,0.3503608605052915,0.9999999999999968,1.0,0.1302658754815289,0.12233406648409173,410,0.7036247334754797,0.6888926416603192,0.014732091815160553,821,0.7526652452025586,0.7141856303266728,0.038479614875885804,1640,0.8187633262260128,0.7373636249792586,0.08139970124675422
2,cartoon,observation_ridge,0.1,resnet18_sketch_seed387_to_cartoon,resnet18_sketch_seed387,resnet18,sketch,cartoon,387,0.2808510638297872,0.5234042553191489,0.5829787234042553,0.2899786780383795,0.2867947135512192,1.0,1.0,0.1260954058137275,0.12551590492403703,410,0.6716417910447762,0.6649297790720295,0.006712011972746623,821,0.744136460554371,0.6928491088503235,0.051287351704047524,1640,0.7931769722814499,0.7183775381485233,0.07479943413292656
2,cartoon,observation_ridge,0.1,resnet18_art_painting-photo_seed42_to_cartoon,resnet18_art_painting-photo_seed42,resnet18,art_painting|photo,cartoon,42,0.3574468085106383,0.6,0.6893617021276596,0.4093816631130064,0.38401671384203995,1.0,1.0,0.1213405042653457,0.13890848679026094,410,0.7100213219616205,0.733016688080391,0.02299536611877051,821,0.7611940298507462,0.757524147451786,0.003669882398960267,1640,0.8038379530916845,0.7797260901882825,0.02411186290340195
2,cartoon,observation_ridge,0.1,resnet18_art_painting-photo_seed387_to_cartoon,resnet18_art_painting-photo_seed387,resnet18,art_painting|photo,cartoon,387,0.3829787234042553,0.6042553191489362,0.6425531914893617,0.4136460554371002,0.40054170202002926,1.0,0.9987515193261413,0.1193059980670053,0.12040451441153424,410,0.7270788912579957,0.7089269623280019,0.018151928929993844,821,0.7654584221748401,0.7321333081633795,0.033325114011460544,1640,0.8251599147121536,0.7534275694257597,0.07173234528639383
2,cartoon,observation_ridge,0.1,resnet18_art_painting-sketch_seed42_to_cartoon,resnet18_art_painting-sketch_seed42,resnet18,art_painting|sketch,cartoon,42,0.4595744680851064,0.6085106382978723,0.6510638297872341,0.4861407249466951,0.4287404165431527,1.0,0.9990243406989014,0.1047953507554931,0.11326396197850809,410,0.7249466950959488,0.7105965863592423,0.014350108736706502,821,0.7782515991471215,0.7323745797761729,0.04587701937094857,1640,0.8336886993603412,0.7524572032141774,0.08123149614616376
2,cartoon,observation_ridge,0.1,resnet18_art_painting-sketch_seed387_to_cartoon,resnet18_art_painting-sketch_seed387,resnet18,art_painting|sketch,cartoon,387,0.5191489361702127,0.6510638297872341,0.6638297872340425,0.5671641791044776,0.46961849719737603,0.9999999999999368,0.9955360717048896,0.0900557847046071,0.11070742640434099,410,0.7420042643923241,0.7254227630499795,0.016581501342344596,821,0.7718550106609808,0.745375001262684,0.026480009398296867,1640,0.8443496801705757,0.7638065916455016,0.08054308852507408
2,cartoon,observation_ridge,0.1,resnet18_photo-sketch_seed42_to_cartoon,resnet18_photo-sketch_seed42,resnet18,photo|sketch,cartoon,42,0.4212765957446808,0.5659574468085107,0.5914893617021276,0.4498933901918976,0.35039281472201916,0.999999999999705,0.996921272205288,0.0850271565224604,0.11450184213131112,410,0.6631130063965884,0.6723590697309452,0.009246063334356736,821,0.7356076759061834,0.6971227741408234,0.03848490176536001,1640,0.7718550106609808,0.7199391169461814,0.05191589371479943
2,cartoon,observation_ridge,0.1,resnet18_photo-sketch_seed387_to_cartoon,resnet18_photo-sketch_seed387,resnet18,photo|sketch,cartoon,387,0.4,0.5617021276595745,0.625531914893617,0.4392324093816631,0.35583320363420634,0.9999999999976272,1.0,0.0882088647754134,0.12307277390888975,410,0.6631130063965884,0.6928817872772796,0.029768780880691126,821,0.7164179104477612,0.7179948917991155,0.0015769813513543118,1640,0.7867803837953091,0.7409962787802699,0.04578410501503927
2,cartoon,metadata_observation_ridge,10.0,cnn3_art_painting_seed42_to_cartoon,cnn3_art_painting_seed42,cnn3,art_painting,cartoon,42,0.3404255319148936,0.5191489361702127,0.5659574468085107,0.3518123667377398,0.3407306488383449,1.0,0.9992619395078348,0.0829366496853975,0.08264361358053895,410,0.6162046908315565,0.5988019956228594,0.017402695208697083,821,0.6396588486140725,0.6210973365131016,0.0185615121009709,1640,0.6844349680170576,0.6420974902018628,0.04233747781519481
2,cartoon,metadata_observation_ridge,10.0,cnn3_art_painting_seed387_to_cartoon,cnn3_art_painting_seed387,cnn3,art_painting,cartoon,387,0.3531914893617021,0.5531914893617021,0.5957446808510638,0.3432835820895522,0.3573180634302585,0.9999999999798244,0.9985763083691739,0.0820785502974741,0.0900955073128868,410,0.5884861407249466,0.6257233810947614,0.037237240369814795,821,0.6311300639658849,0.6482956906470954,0.017165626681210466,1640,0.673773987206823,0.6694473287234824,0.004326658483340573
2,cartoon,metadata_observation_ridge,10.0,cnn3_photo_seed42_to_cartoon,cnn3_photo_seed42,cnn3,photo,cartoon,42,0.1957446808510638,0.4680851063829787,0.5106382978723404,0.1833688699360341,0.2192324889233912,1.0,0.9959400846706316,0.1020575702927345,0.08881504395978884,410,0.5650319829424307,0.5408377368282672,0.024194246114163542,821,0.5927505330490405,0.5680097398219954,0.024740793227045033,1640,0.6375266524520256,0.5934941521686741,0.04403250028335148
2,cartoon,metadata_observation_ridge,10.0,cnn3_photo_seed387_to_cartoon,cnn3_photo_seed387,cnn3,photo,cartoon,387,0.1787234042553191,0.4468085106382978,0.4468085106382978,0.1577825159914712,0.19832776966198695,1.0,0.9956604038313916,0.1067637080077372,0.07533093668152385,410,0.5692963752665245,0.4889773411666561,0.08031903409986846,821,0.5948827292110874,0.5147551569347724,0.08012757227631506,1640,0.6588486140724946,0.5391587041934499,0.11968990987904471
2,cartoon,metadata_observation_ridge,10.0,cnn3_sketch_seed42_to_cartoon,cnn3_sketch_seed42,cnn3,sketch,cartoon,42,0.2340425531914893,0.4340425531914894,0.4553191489361702,0.2814498933901919,0.22724245342818783,0.9999999999999998,0.9978052656307904,0.0713204160609073,0.07356966424645324,410,0.5415778251599147,0.5029153769252463,0.038662448234668356,821,0.6140724946695096,0.5275194231097377,0.08655307155977199,1640,0.6183368869936035,0.5508401931547566,0.06749669383884682
2,cartoon,metadata_observation_ridge,10.0,cnn3_sketch_seed387_to_cartoon,cnn3_sketch_seed387,cnn3,sketch,cartoon,387,0.2127659574468085,0.4808510638297872,0.4808510638297872,0.2217484008528784,0.22563142659102375,1.0,0.9963738066181291,0.0883527999861967,0.08313911371138075,410,0.5479744136460555,0.5290727669074567,0.018901646738598732,821,0.6076759061833689,0.5552409764135519,0.05243492976981701,1640,0.6588486140724946,0.579880561857228,0.0789680522152666
2,cartoon,metadata_observation_ridge,10.0,cnn3_art_painting-photo_seed42_to_cartoon,cnn3_art_painting-photo_seed42,cnn3,art_painting|photo,cartoon,42,0.2978723404255319,0.5574468085106383,0.5957446808510638,0.2729211087420042,0.3275844323166429,1.0,0.9988896192507689,0.1046336866219455,0.09896311570581996,410,0.6204690831556503,0.6288518346588514,0.008382751503201114,821,0.652452025586354,0.6533839277463276,0.0009319021599736299,1640,0.6993603411513859,0.6762313199733774,0.023129021178008524
2,cartoon,metadata_observation_ridge,10.0,cnn3_art_painting-photo_seed387_to_cartoon,cnn3_art_painting-photo_seed387,cnn3,art_painting|photo,cartoon,387,0.2851063829787234,0.5914893617021276,0.5914893617021276,0.326226012793177,0.32134669643348773,1.0,0.9971091847184275,0.0995624296764095,0.10363755115786416,410,0.6460554371002132,0.6349479894721282,0.011107447628085021,821,0.67590618336887,0.660051756134026,0.015854427234843982,1640,0.6780383795309168,0.6833560306943052,0.005317651163388337
2,cartoon,metadata_observation_ridge,10.0,cnn3_art_painting-sketch_seed42_to_cartoon,cnn3_art_painting-sketch_seed42,cnn3,art_painting|sketch,cartoon,42,0.4042553191489361,0.5531914893617021,0.6127659574468085,0.4754797441364605,0.39662873095132944,0.9999999999998992,0.999395121241351,0.0637905543870421,0.08694019102968124,410,0.6375266524520256,0.6422036166391574,0.004676964187131816,821,0.6886993603411514,0.6630930703515185,0.02560628998963288,1640,0.7100213219616205,0.6827105725937992,0.027310749367821296
2,cartoon,metadata_observation_ridge,10.0,cnn3_art_painting-sketch_seed387_to_cartoon,cnn3_art_painting-sketch_seed387,cnn3,art_painting|sketch,cartoon,387,0.3446808510638298,0.5872340425531914,0.6127659574468085,0.4115138592750533,0.3745709917001148,0.9999999999994684,0.9990040969007595,0.0793425382294,0.0910517116479099,410,0.6332622601279317,0.6380174412970738,0.0047551811691420864,821,0.6844349680170576,0.6600960727599366,0.024338895257120963,1640,0.7121535181236673,0.6807714139269814,0.03138210419668597
2,cartoon,metadata_observation_ridge,10.0,cnn3_photo-sketch_seed42_to_cartoon,cnn3_photo-sketch_seed42,cnn3,photo|sketch,cartoon,42,0.3106382978723404,0.5276595744680851,0.5574468085106383,0.2985074626865671,0.31644267325267894,1.0,0.9986805042509392,0.0909477681814551,0.09285023171443442,410,0.5927505330490405,0.6085229868724944,0.015772453823453936,821,0.650319829424307,0.6328421166437401,0.017477712780566868,1640,0.67590618336887,0.6555872168378174,0.020318966531052585
2,cartoon,metadata_observation_ridge,10.0,cnn3_photo-sketch_seed387_to_cartoon,cnn3_photo-sketch_seed387,cnn3,photo|sketch,cartoon,387,0.2723404255319149,0.4978723404255319,0.5404255319148936,0.3070362473347548,0.2865008890231358,0.9999999999995802,0.9980241449394331,0.0842935359281544,0.08612278146829859,410,0.5842217484008528,0.5743053081059856,0.009916440294867268,821,0.6289978678038379,0.5988593500324595,0.030138517771378437,1640,0.6823027718550106,0.6219313566884704,0.06037141516654021
2,cartoon,metadata_observation_ridge,10.0,resnet18_art_painting_seed42_to_cartoon,resnet18_art_painting_seed42,resnet18,art_painting,cartoon,42,0.3404255319148936,0.5659574468085107,0.6595744680851063,0.3646055437100213,0.3718454084695035,0.9999999999999976,1.0,0.1338443087870703,0.11731085169880223,410,0.7356076759061834,0.6899480063054269,0.045659669600756514,821,0.7697228144989339,0.7141616849670582,0.05556112953187564,1640,0.8187633262260128,0.7364279146502611,0.08233541157575164
2,cartoon,metadata_observation_ridge,10.0,resnet18_art_painting_seed387_to_cartoon,resnet18_art_painting_seed387,resnet18,art_painting,cartoon,387,0.3361702127659574,0.5829787234042553,0.6212765957446809,0.3859275053304904,0.36653182837107334,0.9999999999993684,1.0,0.1273006732153967,0.11212932628648475,410,0.7164179104477612,0.6774207140058568,0.03899719644190436,821,0.7953091684434968,0.7015427138285943,0.0937664546149024,1640,0.837953091684435,0.7238043465746209,0.1141487451098141
2,cartoon,metadata_observation_ridge,10.0,resnet18_photo_seed42_to_cartoon,resnet18_photo_seed42,resnet18,photo,cartoon,42,0.225531914893617,0.5404255319148936,0.6127659574468085,0.2217484008528784,0.27074595659070355,1.0,0.9969527379197503,0.1475774057943583,0.12577336956707844,410,0.673773987206823,0.6563025706001444,0.017471416606678614,821,0.7569296375266524,0.6847425650882994,0.07218707243835298,1640,0.8166311300639659,0.7107424370019697,0.10588869306199622
2,cartoon,metadata_observation_ridge,10.0,resnet18_photo_seed387_to_cartoon,resnet18_photo_seed387,resnet18,photo,cartoon,387,0.2893617021276595,0.5617021276595745,0.6297872340425532,0.3070362473347548,0.31978372238695024,0.99999999999996,0.9971672594353157,0.1238768664939801,0.12267056896248688,410,0.6631130063965884,0.6734296361768395,0.010316629780251052,821,0.744136460554371,0.6998188271201784,0.044317633434192594,1640,0.7825159914712153,0.7239957272670304,0.05852026420418488
2,cartoon,metadata_observation_ridge,10.0,resnet18_sketch_seed42_to_cartoon,resnet18_sketch_seed42,resnet18,sketch,cartoon,42,0.2765957446808511,0.548936170212766,0.625531914893617,0.3113006396588486,0.30362867120874587,0.9999999999999968,0.9987029893321039,0.1302658754815289,0.1284742214334134,410,0.7036247334754797,0.6779136336041665,0.02571109987131326,821,0.7526652452025586,0.705245393668748,0.047419851533810564,1640,0.8187633262260128,0.7301854426734347,0.08857788355257812
2,cartoon,metadata_observation_ridge,10.0,resnet18_sketch_seed387_to_cartoon,resnet18_sketch_seed387,resnet18,sketch,cartoon,387,0.2808510638297872,0.5234042553191489,0.5829787234042553,0.2899786780383795,0.29268654317801723,1.0,0.9973783995609823,0.1260954058137275,0.11584846646100563,410,0.6716417910447762,0.6464732948490226,0.025168496195753565,821,0.744136460554371,0.6735493369400969,0.0705871236142741,1640,0.7931769722814499,0.6984729355266684,0.09470403675478145
2,cartoon,metadata_observation_ridge,10.0,resnet18_art_painting-photo_seed42_to_cartoon,resnet18_art_painting-photo_seed42,resnet18,art_painting|photo,cartoon,42,0.3574468085106383,0.6,0.6893617021276596,0.4093816631130064,0.38759519564628536,1.0,0.9999988384985719,0.1213405042653457,0.12591183988591947,410,0.7100213219616205,0.7129709260098495,0.002949604048228971,821,0.7611940298507462,0.7369593860407593,0.024234643809986967,1640,0.8038379530916845,0.7588875585407497,0.04495039455093475
2,cartoon,metadata_observation_ridge,10.0,resnet18_art_painting-photo_seed387_to_cartoon,resnet18_art_painting-photo_seed387,resnet18,art_painting|photo,cartoon,387,0.3829787234042553,0.6042553191489362,0.6425531914893617,0.4136460554371002,0.4000021575434325,1.0,1.0,0.1193059980670053,0.11427123795154435,410,0.7270788912579957,0.6983781857429529,0.02870070551504289,821,0.7654584221748401,0.7213470291471684,0.04411139302767164,1640,0.8251599147121536,0.7425130333698702,0.08264688134228337
2,cartoon,metadata_observation_ridge,10.0,resnet18_art_painting-sketch_seed42_to_cartoon,resnet18_art_painting-sketch_seed42,resnet18,art_painting|sketch,cartoon,42,0.4595744680851064,0.6085106382978723,0.6510638297872341,0.4861407249466951,0.45555827582691616,1.0,1.0,0.1047953507554931,0.1060469123064619,410,0.7249466950959488,0.7124181016471856,0.012528593448763226,821,0.7782515991471215,0.7327988981791616,0.04545270096795995,1640,0.8336886993603412,0.7516872252589017,0.08200147410143943
2,cartoon,metadata_observation_ridge,10.0,resnet18_art_painting-sketch_seed387_to_cartoon,resnet18_art_painting-sketch_seed387,resnet18,art_painting|sketch,cartoon,387,0.5191489361702127,0.6510638297872341,0.6638297872340425,0.5671641791044776,0.49318118495007857,0.9999999999999368,1.0,0.0900557847046071,0.10894956069929951,410,0.7420042643923241,0.7369272825390272,0.005076981853296969,821,0.7718550106609808,0.7560624120739137,0.015792598587067164,1640,0.8443496801705757,0.7737606930755695,0.07058898709500616
2,cartoon,metadata_observation_ridge,10.0,resnet18_photo-sketch_seed42_to_cartoon,resnet18_photo-sketch_seed42,resnet18,photo|sketch,cartoon,42,0.4212765957446808,0.5659574468085107,0.5914893617021276,0.4498933901918976,0.3994450947873931,0.999999999999705,0.999514743000789,0.0850271565224604,0.10297973113545912,410,0.6631130063965884,0.6766438220562171,0.013530815659628659,821,0.7356076759061834,0.6988870774549936,0.0367205984511898,1640,0.7718550106609808,0.7195452935547388,0.05230971710624199
2,cartoon,metadata_observation_ridge,10.0,resnet18_photo-sketch_seed387_to_cartoon,resnet18_photo-sketch_seed387,resnet18,photo|sketch,cartoon,387,0.4,0.5617021276595745,0.625531914893617,0.4392324093816631,0.39713311348678404,0.9999999999976272,1.0,0.0882088647754134,0.10845735532740786,410,0.6631130063965884,0.6861435494664544,0.02303054306986596,821,0.7164179104477612,0.7088732301844975,0.007544680263263603,1640,0.7867803837953091,0.7299033135012791,0.05687707029403
2,cartoon,metadata_observation_source_ridge,10.0,cnn3_art_painting_seed42_to_cartoon,cnn3_art_painting_seed42,cnn3,art_painting,cartoon,42,0.3404255319148936,0.5191489361702127,0.5659574468085107,0.3518123667377398,0.3402889847489764,1.0,0.9998826831361239,0.0829366496853975,0.08444711009622971,410,0.6162046908315565,0.6031069436464949,0.013097747185061626,821,0.6396588486140725,0.6256652663279301,0.013993582286142447,1640,0.6844349680170576,0.6468866137658036,0.037548354251254024
2,cartoon,metadata_observation_source_ridge,10.0,cnn3_art_painting_seed387_to_cartoon,cnn3_art_painting_seed387,cnn3,art_painting,cartoon,387,0.3531914893617021,0.5531914893617021,0.5957446808510638,0.3432835820895522,0.3594065642805559,0.9999999999798244,0.9986592215953488,0.0820785502974741,0.09038323160542927,410,0.5884861407249466,0.6276155137234487,0.039129372998502054,821,0.6311300639658849,0.6501478065397466,0.019017742573861685,1640,0.673773987206823,0.6712577414276543,0.0025162457791687576
2,cartoon,metadata_observation_source_ridge,10.0,cnn3_photo_seed42_to_cartoon,cnn3_photo_seed42,cnn3,photo,cartoon,42,0.1957446808510638,0.4680851063829787,0.5106382978723404,0.1833688699360341,0.22286510617644942,1.0,0.9943506092675993,0.1020575702927345,0.08413768237756278,410,0.5650319829424307,0.5294017605232704,0.03563022241916036,821,0.5927505330490405,0.555741940896102,0.0370085921529385,1640,0.6375266524520256,0.580526313089294,0.05700033936273152
2,cartoon,metadata_observation_source_ridge,10.0,cnn3_photo_seed387_to_cartoon,cnn3_photo_seed387,cnn3,photo,cartoon,387,0.1787234042553191,0.4468085106382978,0.4468085106382978,0.1577825159914712,0.20842100208362346,1.0,0.9938325246708354,0.1067637080077372,0.06928506382680824,410,0.5692963752665245,0.4762291836477967,0.09306719161872784,821,0.5948827292110874,0.5004995005265758,0.09438322868451166,1640,0.6588486140724946,0.5235722803395317,0.13527633373296288
2,cartoon,metadata_observation_source_ridge,10.0,cnn3_sketch_seed42_to_cartoon,cnn3_sketch_seed42,cnn3,sketch,cartoon,42,0.2340425531914893,0.4340425531914894,0.4553191489361702,0.2814498933901919,0.23248324244823715,0.9999999999999998,0.9960634769822954,0.0713204160609073,0.06868436288762463,410,0.5415778251599147,0.4910248241954556,0.05055300096445908,821,0.6140724946695096,0.5145055188080985,0.09956697586141117,1640,0.6183368869936035,0.5368369218399572,0.08149996515364621
2,cartoon,metadata_observation_source_ridge,10.0,cnn3_sketch_seed387_to_cartoon,cnn3_sketch_seed387,cnn3,sketch,cartoon,387,0.2127659574468085,0.4808510638297872,0.4808510638297872,0.2217484008528784,0.23714781501052354,1.0,0.9952643713059302,0.0883527999861967,0.07959702845595983,410,0.5479744136460555,0.525714269220456,0.022260144425599426,821,0.6076759061833689,0.5509188100637797,0.05675709611958912,1640,0.6588486140724946,0.5747092829213262,0.08413933115116845
2,cartoon,metadata_observation_source_ridge,10.0,cnn3_art_painting-photo_seed42_to_cartoon,cnn3_art_painting-photo_seed42,cnn3,art_painting|photo,cartoon,42,0.2978723404255319,0.5574468085106383,0.5957446808510638,0.2729211087420042,0.3364688388349492,1.0,0.9990653499024187,0.1046336866219455,0.09925740568612146,410,0.6204690831556503,0.6344743139433761,0.014005230787725753,821,0.652452025586354,0.6587147423133128,0.0062627167269588835,1640,0.6993603411513859,0.6812859006668661,0.018074440484519783
2,cartoon,metadata_observation_source_ridge,10.0,cnn3_art_painting-photo_seed387_to_cartoon,cnn3_art_painting-photo_seed387,cnn3,art_painting|photo,cartoon,387,0.2851063829787234,0.5914893617021276,0.5914893617021276,0.326226012793177,0.3316590758985399,1.0,0.9969868870218537,0.0995624296764095,0.1026547320019782,410,0.6460554371002132,0.6383025223234298,0.007752914776783415,821,0.67590618336887,0.6629377975202653,0.012968385848604713,1640,0.6780383795309168,0.6858227278380409,0.007784348307124045
2,cartoon,metadata_observation_source_ridge,10.0,cnn3_art_painting-sketch_seed42_to_cartoon,cnn3_art_painting-sketch_seed42,cnn3,art_painting|sketch,cartoon,42,0.4042553191489361,0.5531914893617021,0.6127659574468085,0.4754797441364605,0.40125951607639654,0.9999999999998992,0.9949888913043002,0.0637905543870421,0.07433481835790133,410,0.6375266524520256,0.6154213388156289,0.022105313636396673,821,0.6886993603411514,0.6344832463959587,0.05421611394519277,1640,0.7100213219616205,0.6525413722960052,0.057479949665615315
2,cartoon,metadata_observation_source_ridge,10.0,cnn3_art_painting-sketch_seed387_to_cartoon,cnn3_art_painting-sketch_seed387,cnn3,art_painting|sketch,cartoon,387,0.3446808510638298,0.5872340425531914,0.6127659574468085,0.4115138592750533,0.3888727644787041,0.9999999999994684,0.9955256358513863,0.0793425382294,0.08028474118069387,410,0.6332622601279317,0.6213386804938712,0.011923579634060544,821,0.6844349680170576,0.6415930671271755,0.042841900889882156,1640,0.7121535181236673,0.6607020083858515,0.05145150973781587
2,cartoon,metadata_observation_source_ridge,10.0,cnn3_photo-sketch_seed42_to_cartoon,cnn3_photo-sketch_seed42,cnn3,photo|sketch,cartoon,42,0.3106382978723404,0.5276595744680851,0.5574468085106383,0.2985074626865671,0.32576340315962116,1.0,0.9948182335558576,0.0909477681814551,0.0817237466432946,410,0.5927505330490405,0.5857000676550577,0.007050465393982797,821,0.650319829424307,0.6082310386363606,0.04208879078794636,1640,0.67590618336887,0.6294666522159738,0.04643953115289623
2,cartoon,metadata_observation_source_ridge,10.0,cnn3_photo-sketch_seed387_to_cartoon,cnn3_photo-sketch_seed387,cnn3,photo|sketch,cartoon,387,0.2723404255319149,0.4978723404255319,0.5404255319148936,0.3070362473347548,0.30105610344342654,0.9999999999995802,0.9945608472562606,0.0842935359281544,0.07511683380691732,410,0.5842217484008528,0.5532893112453203,0.03093243715553251,821,0.6289978678038379,0.5756771151894184,0.05332075261441949,1640,0.6823027718550106,0.5968745206354651,0.08542825121954556
2,cartoon,metadata_observation_source_ridge,10.0,resnet18_art_painting_seed42_to_cartoon,resnet18_art_painting_seed42,resnet18,art_painting,cartoon,42,0.3404255319148936,0.5659574468085107,0.6595744680851063,0.3646055437100213,0.37890244921561544,0.9999999999999976,1.0,0.1338443087870703,0.1150856641284004,410,0.7356076759061834,0.6892979672081518,0.046309708698031526,821,0.7697228144989339,0.7131202738191671,0.05660254067976678,1640,0.8187633262260128,0.7350603792087096,0.08370294701730319
2,cartoon,metadata_observation_source_ridge,10.0,resnet18_art_painting_seed387_to_cartoon,resnet18_art_painting_seed387,resnet18,art_painting,cartoon,387,0.3361702127659574,0.5829787234042553,0.6212765957446809,0.3859275053304904,0.37302082111772283,0.9999999999993684,1.0,0.1273006732153967,0.11074724681568715,410,0.7164179104477612,0.6780582256002186,0.0383596848475426,821,0.7953091684434968,0.7018470641340873,0.09346210430940949,1640,0.837953091684435,0.7238222448776155,0.11413084680681951
2,cartoon,metadata_observation_source_ridge,10.0,resnet18_photo_seed42_to_cartoon,resnet18_photo_seed42,resnet18,photo,cartoon,42,0.225531914893617,0.5404255319148936,0.6127659574468085,0.2217484008528784,0.27275703148239394,1.0,0.9966273179785439,0.1475774057943583,0.12445815496600228,410,0.673773987206823,0.6543746679606093,0.019399319246213742,821,0.7569296375266524,0.6826623578115318,0.0742672797151206,1640,0.8166311300639659,0.7085465487469327,0.10808458131703325
2,cartoon,metadata_observation_source_ridge,10.0,resnet18_photo_seed387_to_cartoon,resnet18_photo_seed387,resnet18,photo,cartoon,387,0.2893617021276595,0.5617021276595745,0.6297872340425532,0.3070362473347548,0.3202827089777141,0.99999999999996,0.9969899605082118,0.1238768664939801,0.12213343389573281,410,0.6631130063965884,0.6725283249952648,0.009415318598676392,821,0.744136460554371,0.6988655580416686,0.04527090251270238,1640,0.7825159914712153,0.7230038299227488,0.0595121615484665
2,cartoon,metadata_observation_source_ridge,10.0,resnet18_sketch_seed42_to_cartoon,resnet18_sketch_seed42,resnet18,sketch,cartoon,42,0.2765957446808511,0.548936170212766,0.625531914893617,0.3113006396588486,0.29735038976173006,0.9999999999999968,0.9996636634075861,0.1302658754815289,0.13127174020437882,410,0.7036247334754797,0.6809451346184683,0.02267959885701143,821,0.7526652452025586,0.7086652771127002,0.0439999680898584,1640,0.8187633262260128,0.733910784323463,0.08485254190254976
2,cartoon,metadata_observation_source_ridge,10.0,resnet18_sketch_seed387_to_cartoon,resnet18_sketch_seed387,resnet18,sketch,cartoon,387,0.2808510638297872,0.5234042553191489,0.5829787234042553,0.2899786780383795,0.293876050035067,1.0,0.9971278461203597,0.1260954058137275,0.11494917432179254,410,0.6716417910447762,0.6450393051695853,0.026602485875190873,821,0.744136460554371,0.6720040617922152,0.07213239876215582,1640,0.7931769722814499,0.6968406787218617,0.09633629355958817
2,cartoon,metadata_observation_source_ridge,10.0,resnet18_art_painting-photo_seed42_to_cartoon,resnet18_art_painting-photo_seed42,resnet18,art_painting|photo,cartoon,42,0.3574468085106383,0.6,0.6893617021276596,0.4093816631130064,0.3962082138036559,1.0,0.9993851067970444,0.1213405042653457,0.1234332793350426,410,0.7100213219616205,0.7124328609496844,0.0024115389880638993,821,0.7611940298507462,0.7359628242501848,0.025231205600561468,1640,0.8038379530916845,0.7575088158551223,0.04632913723656218
2,cartoon,metadata_observation_source_ridge,10.0,resnet18_art_painting-photo_seed387_to_cartoon,resnet18_art_painting-photo_seed387,resnet18,art_painting|photo,cartoon,387,0.3829787234042553,0.6042553191489362,0.6425531914893617,0.4136460554371002,0.40623876388891406,1.0,1.0,0.1193059980670053,0.11365420080079525,410,0.7270788912579957,0.7004028085077508,0.02667608275024491,821,0.7654584221748401,0.7230990700611002,0.04235935211373987,1640,0.8251599147121536,0.7440228232054097,0.08113709150674386
2,cartoon,metadata_observation_source_ridge,10.0,resnet18_art_painting-sketch_seed42_to_cartoon,resnet18_art_painting-sketch_seed42,resnet18,art_painting|sketch,cartoon,42,0.4595744680851064,0.6085106382978723,0.6510638297872341,0.4861407249466951,0.4682844814984094,1.0,1.0,0.1047953507554931,0.1020336368740322,410,0.7249466950959488,0.7122737083236849,0.012672986772263917,821,0.7782515991471215,0.731920031910164,0.04633156723695753,1640,0.8336886993603412,0.7501783259514672,0.08351037340887402
2,cartoon,metadata_observation_source_ridge,10.0,resnet18_art_painting-sketch_seed387_to_cartoon,resnet18_art_painting-sketch_seed387,resnet18,art_painting|sketch,cartoon,387,0.5191489361702127,0.6510638297872341,0.6638297872340425,0.5671641791044776,0.5057519929823316,0.9999999999999368,0.9992000905425712,0.0900557847046071,0.1049076124104373,410,0.7420042643923241,0.7367603654361544,0.005243898956169724,821,0.7718550106609808,0.7551667100432021,0.016688300617778706,1640,0.8443496801705757,0.7722386318364464,0.07211104833412929
2,cartoon,metadata_observation_source_ridge,10.0,resnet18_photo-sketch_seed42_to_cartoon,resnet18_photo-sketch_seed42,resnet18,photo|sketch,cartoon,42,0.4212765957446808,0.5659574468085107,0.5914893617021276,0.4498933901918976,0.40947852678691493,0.999999999999705,0.9985917636780451,0.0850271565224604,0.0994887546169322,410,0.6631130063965884,0.6748856412971047,0.011772634900516277,821,0.7356076759061834,0.6964562236461203,0.03915145226006311,1640,0.7718550106609808,0.716538173308721,0.055316837352259784
2,cartoon,metadata_observation_source_ridge,10.0,resnet18_photo-sketch_seed387_to_cartoon,resnet18_photo-sketch_seed387,resnet18,photo|sketch,cartoon,387,0.4,0.5617021276595745,0.625531914893617,0.4392324093816631,0.408080674200903,0.9999999999976272,0.9989637043625649,0.0882088647754134,0.10436224091926066,410,0.6631130063965884,0.6836701245265557,0.0205571181299673,821,0.7164179104477612,0.7056725515562661,0.010745358891495083,1640,0.7867803837953091,0.7260875530156461,0.06069283077966303
2,cartoon,metadata_observation_adapted_ridge,10.0,cnn3_art_painting_seed42_to_cartoon,cnn3_art_painting_seed42,cnn3,art_painting,cartoon,42,0.3404255319148936,0.5191489361702127,0.5659574468085107,0.3518123667377398,0.3440553619637699,1.0,0.9996317764111006,0.0829366496853975,0.08370133702673936,410,0.6162046908315565,0.6034985552999,0.012706135531656448,821,0.6396588486140725,0.6258271671162533,0.013831681497819215,1640,0.6844349680170576,0.6468432651022864,0.03759170291477121
2,cartoon,metadata_observation_adapted_ridge,10.0,cnn3_art_painting_seed387_to_cartoon,cnn3_art_painting_seed387,cnn3,art_painting,cartoon,387,0.3531914893617021,0.5531914893617021,0.5957446808510638,0.3432835820895522,0.36112460656300643,0.9999999999798244,0.998229114034596,0.0820785502974741,0.08958029467747722,410,0.5884861407249466,0.626640877425291,0.038154736700344305,821,0.6311300639658849,0.649011933765722,0.01788186979983708,1640,0.673773987206823,0.6699824632040683,0.0037915240027547314
2,cartoon,metadata_observation_adapted_ridge,10.0,cnn3_photo_seed42_to_cartoon,cnn3_photo_seed42,cnn3,photo,cartoon,42,0.1957446808510638,0.4680851063829787,0.5106382978723404,0.1833688699360341,0.22056592125345728,1.0,0.9949520175414663,0.1020575702927345,0.08688756483172946,410,0.5650319829424307,0.5359155423702043,0.0291164405722264,821,0.5927505330490405,0.5627453793973863,0.030005153651654126,1640,0.6375266524520256,0.5879424750379604,0.04958417741406518
2,cartoon,metadata_observation_adapted_ridge,10.0,cnn3_photo_seed387_to_cartoon,cnn3_photo_seed387,cnn3,photo,cartoon,387,0.1787234042553191,0.4468085106382978,0.4468085106382978,0.1577825159914712,0.20091962179123962,1.0,0.9943073479666441,0.1067637080077372,0.07174689047098107,410,0.5692963752665245,0.4791374784992795,0.09015889676724503,821,0.5948827292110874,0.5041308456476463,0.0907518835634411,1640,0.6588486140724946,0.5278505417613988,0.13099807231109584
2,cartoon,metadata_observation_adapted_ridge,10.0,cnn3_sketch_seed42_to_cartoon,cnn3_sketch_seed42,cnn3,sketch,cartoon,42,0.2340425531914893,0.4340425531914894,0.4553191489361702,0.2814498933901919,0.2194839623655482,0.9999999999999998,0.9954395182820476,0.0713204160609073,0.06872499225124708,410,0.5415778251599147,0.4823412036783581,0.05923662148155662,821,0.6140724946695096,0.5062103929987763,0.10786210167073329,1640,0.6183368869936035,0.5289106369181625,0.08942625007544092
2,cartoon,metadata_observation_adapted_ridge,10.0,cnn3_sketch_seed387_to_cartoon,cnn3_sketch_seed387,cnn3,sketch,cartoon,387,0.2127659574468085,0.4808510638297872,0.4808510638297872,0.2217484008528784,0.23031616841799274,1.0,0.9953696335779453,0.0883527999861967,0.08107985320256687,410,0.5479744136460555,0.5257330983797945,0.02224131526626094,821,0.6076759061833689,0.5513988335718654,0.0562770726115035,1640,0.6588486140724946,0.5755997713735354,0.08324884269895927
2,cartoon,metadata_observation_adapted_ridge,10.0,cnn3_art_painting-photo_seed42_to_cartoon,cnn3_art_painting-photo_seed42,cnn3,art_painting|photo,cartoon,42,0.2978723404255319,0.5574468085106383,0.5957446808510638,0.2729211087420042,0.33948451039850436,1.0,0.9986490591038586,0.1046336866219455,0.09815478592980886,410,0.6204690831556503,0.6335314679246802,0.013062384769029878,821,0.652452025586354,0.6575463075204043,0.005094281934050371,1640,0.6993603411513859,0.6799244864392525,0.019435854712133382
2,cartoon,metadata_observation_adapted_ridge,10.0,cnn3_art_painting-photo_seed387_to_cartoon,cnn3_art_painting-photo_seed387,cnn3,art_painting|photo,cartoon,387,0.2851063829787234,0.5914893617021276,0.5914893617021276,0.326226012793177,0.3306408852205276,1.0,0.9970504968217828,0.0995624296764095,0.10323948871296741,410,0.6460554371002132,0.6390451120019198,0.007010325098293357,821,0.67590618336887,0.6637688671961334,0.012137316172736612,1640,0.6780383795309168,0.6867266957406295,0.008688316209712665
2,cartoon,metadata_observation_adapted_ridge,10.0,cnn3_art_painting-sketch_seed42_to_cartoon,cnn3_art_painting-sketch_seed42,cnn3,art_painting|sketch,cartoon,42,0.4042553191489361,0.5531914893617021,0.6127659574468085,0.4754797441364605,0.38410255637417917,0.9999999999998992,0.9951982976320582,0.0637905543870421,0.07736126169600788,410,0.6375266524520256,0.6115801394267192,0.025946513025306372,821,0.6886993603411514,0.6316089962380543,0.05709036410309709,1640,0.7100213219616205,0.6505434424622611,0.05947787949935934
2,cartoon,metadata_observation_adapted_ridge,10.0,cnn3_art_painting-sketch_seed387_to_cartoon,cnn3_art_painting-sketch_seed387,cnn3,art_painting|sketch,cartoon,387,0.3446808510638298,0.5872340425531914,0.6127659574468085,0.4115138592750533,0.3742753036374871,0.9999999999994684,0.995959887480615,0.0793425382294,0.08357568906118193,410,0.6332622601279317,0.6200216796120461,0.013240580515885614,821,0.6844349680170576,0.6411810735747006,0.043253894442357055,1640,0.7121535181236673,0.6610984146587582,0.05105510346490916
2,cartoon,metadata_observation_adapted_ridge,10.0,cnn3_photo-sketch_seed42_to_cartoon,cnn3_photo-sketch_seed42,cnn3,photo|sketch,cartoon,42,0.3106382978723404,0.5276595744680851,0.5574468085106383,0.2985074626865671,0.30827797686986164,1.0,0.9952085701357831,0.0909477681814551,0.08506475831867709,410,0.5927505330490405,0.5835216815805472,0.009228851468493282,821,0.650319829424307,0.6070939596749891,0.04322586974931786,1640,0.67590618336887,0.6292596885452009,0.046646494823669116
2,cartoon,metadata_observation_adapted_ridge,10.0,cnn3_photo-sketch_seed387_to_cartoon,cnn3_photo-sketch_seed387,cnn3,photo|sketch,cartoon,387,0.2723404255319149,0.4978723404255319,0.5404255319148936,0.3070362473347548,0.28286700695251793,0.9999999999995802,0.9947069785397388,0.0842935359281544,0.0780608302265023,410,0.5842217484008528,0.5497236826995107,0.03449806570134217,821,0.6289978678038379,0.5731608967142655,0.05583697108957242,1640,0.6823027718550106,0.5953067344369884,0.0869960374180222
2,cartoon,metadata_observation_adapted_ridge,10.0,resnet18_art_painting_seed42_to_cartoon,resnet18_art_painting_seed42,resnet18,art_painting,cartoon,42,0.3404255319148936,0.5659574468085107,0.6595744680851063,0.3646055437100213,0.3763180169287175,0.9999999999999976,1.0,0.1338443087870703,0.11399094132059559,410,0.7356076759061834,0.6859426884863757,0.04966498741980763,821,0.7697228144989339,0.7098021329733158,0.059920681525618025,1640,0.8187633262260128,0.7317931010915105,0.08697022513450225
2,cartoon,metadata_observation_adapted_ridge,10.0,resnet18_art_painting_seed387_to_cartoon,resnet18_art_painting_seed387,resnet18,art_painting,cartoon,387,0.3361702127659574,0.5829787234042553,0.6212765957446809,0.3859275053304904,0.3710509328561924,0.9999999999993684,1.0,0.1273006732153967,0.11066906301614847,410,0.7164179104477612,0.676894722269098,0.03952318817866318,821,0.7953091684434968,0.7007533174907251,0.09455585095277164,1640,0.837953091684435,0.7227941295709652,0.11515896211346976
2,cartoon,metadata_observation_adapted_ridge,10.0,resnet18_photo_seed42_to_cartoon,resnet18_photo_seed42,resnet18,photo,cartoon,42,0.225531914893617,0.5404255319148936,0.6127659574468085,0.2217484008528784,0.2711185454087752,1.0,0.996292175085027,0.1475774057943583,0.12386994838061735,410,0.673773987206823,0.652207324860876,0.021566662345947063,821,0.7569296375266524,0.6805177294431575,0.07641190808349496,1640,0.8166311300639659,0.7064332555697641,0.11019787449420182
2,cartoon,metadata_observation_adapted_ridge,10.0,resnet18_photo_seed387_to_cartoon,resnet18_photo_seed387,resnet18,photo,cartoon,387,0.2893617021276595,0.5617021276595745,0.6297872340425532,0.3070362473347548,0.31833078803169473,0.99999999999996,0.9968032819928925,0.1238768664939801,0.12171691706633979,410,0.6631130063965884,0.6706787436652191,0.0075657372686306346,821,0.744136460554371,0.6970644336762626,0.04707202687810841,1640,0.7825159914712153,0.7212540905159495,0.06126190095526585
2,cartoon,metadata_observation_adapted_ridge,10.0,resnet18_sketch_seed42_to_cartoon,resnet18_sketch_seed42,resnet18,sketch,cartoon,42,0.2765957446808511,0.548936170212766,0.625531914893617,0.3113006396588486,0.3047609638510975,0.9999999999999968,0.9971095028026796,0.1302658754815289,0.12379003786339243,410,0.7036247334754797,0.6684416693729232,0.03518306410255656,821,0.7526652452025586,0.6954668945536157,0.057198350648942964,1640,0.8187633262260128,0.7202073277789116,0.09855599844710117
2,cartoon,metadata_observation_adapted_ridge,10.0,resnet18_sketch_seed387_to_cartoon,resnet18_sketch_seed387,resnet18,sketch,cartoon,387,0.2808510638297872,0.5234042553191489,0.5829787234042553,0.2899786780383795,0.29497724883732007,1.0,0.9960272600499374,0.1260954058137275,0.1115107547152289,410,0.6716417910447762,0.6377019161726283,0.03393987487214789,821,0.744136460554371,0.6643547753134207,0.0797816852409503,1640,0.7931769722814499,0.6889626143628006,0.1042143579186493
2,cartoon,metadata_observation_adapted_ridge,10.0,resnet18_art_painting-photo_seed42_to_cartoon,resnet18_art_painting-photo_seed42,resnet18,art_painting|photo,cartoon,42,0.3574468085106383,0.6,0.6893617021276596,0.4093816631130064,0.3937889250932252,1.0,0.9988977145559562,0.1213405042653457,0.12232527304127676,410,0.7100213219616205,0.7091002731931471,0.0009210487684734314,821,0.7611940298507462,0.7326591455603847,0.02853488429036155,1640,0.8038379530916845,0.7542481617475052,0.04958979134417929
2,cartoon,metadata_observation_adapted_ridge,10.0,resnet18_art_painting-photo_seed387_to_cartoon,resnet18_art_painting-photo_seed387,resnet18,art_painting|photo,cartoon,387,0.3829787234042553,0.6042553191489362,0.6425531914893617,0.4136460554371002,0.40697638652352175,1.0,0.999293835033827,0.1193059980670053,0.1106768949872084,410,0.7270788912579957,0.695021386422757,0.032057504835238726,821,0.7654584221748401,0.7174908661408129,0.04796755603402714,1640,0.8251599147121536,0.7382482866981063,0.08691162801404728
2,cartoon,metadata_observation_adapted_ridge,10.0,resnet18_art_painting-sketch_seed42_to_cartoon,resnet18_art_painting-sketch_seed42,resnet18,art_painting|sketch,cartoon,42,0.4595744680851064,0.6085106382978723,0.6510638297872341,0.4861407249466951,0.4634865568484169,1.0,1.0,0.1047953507554931,0.10214730120335523,410,0.7249466950959488,0.7098759572968711,0.015070737799077638,821,0.7782515991471215,0.7297072985760132,0.048544300571108256,1640,0.8336886993603412,0.7481360885301298,0.08555261083021137
2,cartoon,metadata_observation_adapted_ridge,10.0,resnet18_art_painting-sketch_seed387_to_cartoon,resnet18_art_painting-sketch_seed387,resnet18,art_painting|sketch,cartoon,387,0.5191489361702127,0.6510638297872341,0.6638297872340425,0.5671641791044776,0.5013119970184381,0.9999999999999368,0.9989422651815676,0.0900557847046071,0.10451592676327773,410,0.7420042643923241,0.7336536040975854,0.008350660294738743,821,0.7718550106609808,0.7521927779325446,0.019662232728436257,1640,0.8443496801705757,0.7693925621361073,0.07495711803446836
2,cartoon,metadata_observation_adapted_ridge,10.0,resnet18_photo-sketch_seed42_to_cartoon,resnet18_photo-sketch_seed42,resnet18,photo|sketch,cartoon,42,0.4212765957446808,0.5659574468085107,0.5914893617021276,0.4498933901918976,0.4044606446773405,0.999999999999705,0.9986085060823207,0.0850271565224604,0.09979059191863422,410,0.6631130063965884,0.6727285000614629,0.009615493664874464,821,0.7356076759061834,0.6945075719465053,0.041100103959678114,1640,0.7718550106609808,0.7147793866249197,0.057075624036061146
2,cartoon,metadata_observation_adapted_ridge,10.0,resnet18_photo-sketch_seed387_to_cartoon,resnet18_photo-sketch_seed387,resnet18,photo|sketch,cartoon,387,0.4,0.5617021276595745,0.625531914893617,0.4392324093816631,0.4030825340919933,0.9999999999976272,0.9989910275517785,0.0882088647754134,0.10440235028767209,410,0.6631130063965884,0.6810926247159337,0.017979618319345247,821,0.7164179104477612,0.7032850477893569,0.013132862658404298,1640,0.7867803837953091,0.7238757657769388,0.06290461801837033
2,cartoon,metadata_observation_change_ridge,10.0,cnn3_art_painting_seed42_to_cartoon,cnn3_art_painting_seed42,cnn3,art_painting,cartoon,42,0.3404255319148936,0.5191489361702127,0.5659574468085107,0.3518123667377398,0.3417329417520392,1.0,0.998949183609227,0.0829366496853975,0.08197951291637767,410,0.6162046908315565,0.597688315618676,0.01851637521288052,821,0.6396588486140725,0.6198537825768071,0.019805066037265395,1640,0.6844349680170576,0.6407412072610912,0.043693760755966427
2,cartoon,metadata_observation_change_ridge,10.0,cnn3_art_painting_seed387_to_cartoon,cnn3_art_painting_seed387,cnn3,art_painting,cartoon,387,0.3531914893617021,0.5531914893617021,0.5957446808510638,0.3432835820895522,0.35584488254962865,0.9999999999798244,0.9981756606068287,0.0820785502974741,0.08946808277232,410,0.5884861407249466,0.6232861269213309,0.03479998619638425,821,0.6311300639658849,0.6458285299085034,0.014698465942618477,1640,0.673773987206823,0.6669613204473557,0.006812666759467345
2,cartoon,metadata_observation_change_ridge,10.0,cnn3_photo_seed42_to_cartoon,cnn3_photo_seed42,cnn3,photo,cartoon,42,0.1957446808510638,0.4680851063829787,0.5106382978723404,0.1833688699360341,0.22451055542813725,1.0,0.9964462627219202,0.1020575702927345,0.08956181933405574,410,0.5650319829424307,0.5461682906700813,0.018863692272349408,821,0.5927505330490405,0.573271355780232,0.019479177268808434,1640,0.6375266524520256,0.5986779742846463,0.03884867816737925
2,cartoon,metadata_observation_change_ridge,10.0,cnn3_photo_seed387_to_cartoon,cnn3_photo_seed387,cnn3,photo,cartoon,387,0.1787234042553191,0.4468085106382978,0.4468085106382978,0.1577825159914712,0.19968263443059095,1.0,0.99563035853466,0.1067637080077372,0.07494827523761334,410,0.5692963752665245,0.4886611192803081,0.08063525598621646,821,0.5948827292110874,0.5143258498440728,0.08055687936701461,1640,0.6588486140724946,0.5386287776310869,0.12021983644140777
2,cartoon,metadata_observation_change_ridge,10.0,cnn3_sketch_seed42_to_cartoon,cnn3_sketch_seed42,cnn3,sketch,cartoon,42,0.2340425531914893,0.4340425531914894,0.4553191489361702,0.2814498933901919,0.22025972553795278,0.9999999999999998,0.9965582727052326,0.0713204160609073,0.07145526172876136,410,0.5415778251599147,0.49159938345035825,0.049978441709556454,821,0.6140724946695096,0.5160002358848692,0.09807225878464043,1640,0.6183368869936035,0.5391622875253754,0.07917459946822802
2,cartoon,metadata_observation_change_ridge,10.0,cnn3_sketch_seed387_to_cartoon,cnn3_sketch_seed387,cnn3,sketch,cartoon,387,0.2127659574468085,0.4808510638297872,0.4808510638297872,0.2217484008528784,0.22480194810542453,1.0,0.9959643287846824,0.0883527999861967,0.08229195136339776,410,0.5479744136460555,0.5260186167217847,0.021955796924270743,821,0.6076759061833689,0.5520743448875285,0.055601561295840374,1640,0.6588486140724946,0.5766224115990624,0.08222620247343226
2,cartoon,metadata_observation_change_ridge,10.0,cnn3_art_painting-photo_seed42_to_cartoon,cnn3_art_painting-photo_seed42,cnn3,art_painting|photo,cartoon,42,0.2978723404255319,0.5574468085106383,0.5957446808510638,0.2729211087420042,0.32408572710484745,1.0,0.9986032027636422,0.1046336866219455,0.09853206372044103,410,0.6204690831556503,0.6258288909899699,0.005359807834319552,821,0.652452025586354,0.6504383953856729,0.002013630200681016,1640,0.6993603411513859,0.6733647229722739,0.025995618179112
2,cartoon,metadata_observation_change_ridge,10.0,cnn3_art_painting-photo_seed387_to_cartoon,cnn3_art_painting-photo_seed387,cnn3,art_painting|photo,cartoon,387,0.2851063829787234,0.5914893617021276,0.5914893617021276,0.326226012793177,0.3216895192187182,1.0,0.9967924393270652,0.0995624296764095,0.10282602408185215,410,0.6460554371002132,0.63321324379,0.01284219331021319,821,0.67590618336887,0.6582249080570032,0.017681275311866806,1640,0.6780383795309168,0.6814567299265184,0.003418350395601566
2,cartoon,metadata_observation_change_ridge,10.0,cnn3_art_painting-sketch_seed42_to_cartoon,cnn3_art_painting-sketch_seed42,cnn3,art_painting|sketch,cartoon,42,0.4042553191489361,0.5531914893617021,0.6127659574468085,0.4754797441364605,0.39370320704580225,0.9999999999998992,0.9991554192342476,0.0637905543870421,0.0864586332663819,410,0.6375266524520256,0.6393309620926646,0.0018043096406390458,821,0.6886993603411514,0.6602612967336055,0.02843806360754597,1640,0.7100213219616205,0.6799237442489093,0.030097577712711154
2,cartoon,metadata_observation_change_ridge,10.0,cnn3_art_painting-sketch_seed387_to_cartoon,cnn3_art_painting-sketch_seed387,cnn3,art_painting|sketch,cartoon,387,0.3446808510638298,0.5872340425531914,0.6127659574468085,0.4115138592750533,0.37385235670004785,0.9999999999994684,0.9986974383188748,0.0793425382294,0.09025991343003133,410,0.6332622601279317,0.6357470886672048,0.0024848285392730096,821,0.6844349680170576,0.657758756439315,0.02667621157774258,1640,0.7121535181236673,0.6783826914354092,0.03377082668825815
2,cartoon,metadata_observation_change_ridge,10.0,cnn3_photo-sketch_seed42_to_cartoon,cnn3_photo-sketch_seed42,cnn3,photo|sketch,cartoon,42,0.3106382978723404,0.5276595744680851,0.5574468085106383,0.2985074626865671,0.31492263778325497,1.0,0.9982544339402629,0.0909477681814551,0.09182321914750835,410,0.5927505330490405,0.6050483227909251,0.012297789741884668,821,0.650319829424307,0.6292949181267575,0.021024911297549465,1640,0.67590618336887,0.6519883067963099,0.02391787657256006
2,cartoon,metadata_observation_change_ridge,10.0,cnn3_photo-sketch_seed387_to_cartoon,cnn3_photo-sketch_seed387,cnn3,photo|sketch,cartoon,387,0.2723404255319149,0.4978723404255319,0.5404255319148936,0.3070362473347548,0.2822185927642008,0.9999999999995802,0.9974554476403744,0.0842935359281544,0.085119016755436,410,0.5842217484008528,0.5689441870728644,0.01527756132798841,821,0.6289978678038379,0.5934949842594153,0.03550288354442266,1640,0.6823027718550106,0.6165799772446501,0.06572279461036057
2,cartoon,metadata_observation_change_ridge,10.0,resnet18_art_painting_seed42_to_cartoon,resnet18_art_painting_seed42,resnet18,art_painting,cartoon,42,0.3404255319148936,0.5659574468085107,0.6595744680851063,0.3646055437100213,0.3654295252701398,0.9999999999999976,1.0,0.1338443087870703,0.1163654652594931,410,0.7356076759061834,0.6849939160839718,0.05061375982221161,821,0.7697228144989339,0.7094041243510704,0.06031869014786351,1640,0.8187633262260128,0.731865772485769,0.08689755374024377
2,cartoon,metadata_observation_change_ridge,10.0,resnet18_art_painting_seed387_to_cartoon,resnet18_art_painting_seed387,resnet18,art_painting,cartoon,387,0.3361702127659574,0.5829787234042553,0.6212765957446809,0.3859275053304904,0.3652809856722517,0.9999999999993684,1.0,0.1273006732153967,0.11107021378229096,410,0.7164179104477612,0.6747168711304514,0.04170103931730973,821,0.7953091684434968,0.698820038957181,0.09648912948631572,1640,0.837953091684435,0.7210806070807835,0.11687248460365152
2,cartoon,metadata_observation_change_ridge,10.0,resnet18_photo_seed42_to_cartoon,resnet18_photo_seed42,resnet18,photo,cartoon,42,0.225531914893617,0.5404255319148936,0.6127659574468085,0.2217484008528784,0.26723950217225173,1.0,0.9966061966045494,0.1475774057943583,0.12513909637496015,410,0.673773987206823,0.6531652090380429,0.02060877816878015,821,0.7569296375266524,0.6816997853361965,0.07522985219045597,1640,0.8166311300639659,0.7077975805986789,0.108833549465287
2,cartoon,metadata_observation_change_ridge,10.0,resnet18_photo_seed387_to_cartoon,resnet18_photo_seed387,resnet18,photo,cartoon,387,0.2893617021276595,0.5617021276595745,0.6297872340425532,0.3070362473347548,0.31819231831753625,0.99999999999996,0.996707298030533,0.1238768664939801,0.12163809657711816,410,0.6631130063965884,0.6704075817681157,0.007294575371527223,821,0.744136460554371,0.6967910596276798,0.04734540092669115,1640,0.7825159914712153,0.7209800082447932,0.061535983226422064
2,cartoon,metadata_observation_change_ridge,10.0,resnet18_sketch_seed42_to_cartoon,resnet18_sketch_seed42,resnet18,sketch,cartoon,42,0.2765957446808511,0.548936170212766,0.625531914893617,0.3113006396588486,0.28062720766441285,0.9999999999999968,0.9980828654013266,0.1302658754815289,0.12892828793116068,410,0.7036247334754797,0.6678677768068778,0.0357569566686019,821,0.7526652452025586,0.6960976844457261,0.05656756075683256,1640,0.8187633262260128,0.721849191320278,0.09691413490573475
2,cartoon,metadata_observation_change_ridge,10.0,resnet18_sketch_seed387_to_cartoon,resnet18_sketch_seed387,resnet18,sketch,cartoon,387,0.2808510638297872,0.5234042553191489,0.5829787234042553,0.2899786780383795,0.2780767121204817,1.0,0.9971746819271639,0.1260954058137275,0.11587590894926106,410,0.6716417910447762,0.6391551127055846,0.03248667833919161,821,0.744136460554371,0.6667863956196702,0.07735006493470076,1640,0.7931769722814499,0.6922206122864436,0.1009563599950063
2,cartoon,metadata_observation_change_ridge,10.0,resnet18_art_painting-photo_seed42_to_cartoon,resnet18_art_painting-photo_seed42,resnet18,art_painting|photo,cartoon,42,0.3574468085106383,0.6,0.6893617021276596,0.4093816631130064,0.3800275888553132,1.0,0.999591808623801,0.1213405042653457,0.12520464150959446,410,0.7100213219616205,0.7079691931111058,0.002052128850514645,821,0.7611940298507462,0.7322106209339971,0.02898340891674911,1640,0.8038379530916845,0.7543808858184042,0.04945706727328025
2,cartoon,metadata_observation_change_ridge,10.0,resnet18_art_painting-photo_seed387_to_cartoon,resnet18_art_painting-photo_seed387,resnet18,art_painting|photo,cartoon,387,0.3829787234042553,0.6042553191489362,0.6425531914893617,0.4136460554371002,0.387563903170135,1.0,0.9999246229678792,0.1193059980670053,0.11384791350974682,410,0.7270788912579957,0.6913026188033129,0.035776272454682845,821,0.7654584221748401,0.7147208606486957,0.05073756152614439,1640,0.8251599147121536,0.7363073147195023,0.08885259999265127
2,cartoon,metadata_observation_change_ridge,10.0,resnet18_art_painting-sketch_seed42_to_cartoon,resnet18_art_painting-sketch_seed42,resnet18,art_painting|sketch,cartoon,42,0.4595744680851064,0.6085106382978723,0.6510638297872341,0.4861407249466951,0.44997790187315945,1.0,1.0,0.1047953507554931,0.1057241520186046,410,0.7249466950959488,0.7089055479834007,0.016041147112548115,821,0.7782515991471215,0.7294747623334621,0.04877683681365941,1640,0.8336886993603412,0.7485419693089828,0.08514673005135842
2,cartoon,metadata_observation_change_ridge,10.0,resnet18_art_painting-sketch_seed387_to_cartoon,resnet18_art_painting-sketch_seed387,resnet18,art_painting|sketch,cartoon,387,0.5191489361702127,0.6510638297872341,0.6638297872340425,0.5671641791044776,0.4869491545490604,0.9999999999999368,0.9998271066675777,0.0900557847046071,0.10831444281761135,410,0.7420042643923241,0.7325897242347419,0.009414540157582252,821,0.7718550106609808,0.7519186663972401,0.01993634426374069,1640,0.8443496801705757,0.7698040685721714,0.07454561159840423
2,cartoon,metadata_observation_change_ridge,10.0,resnet18_photo-sketch_seed42_to_cartoon,resnet18_photo-sketch_seed42,resnet18,photo|sketch,cartoon,42,0.4212765957446808,0.5659574468085107,0.5914893617021276,0.4498933901918976,0.3961068641015625,0.999999999999705,0.9991618387004582,0.0850271565224604,0.10208747943828661,410,0.6631130063965884,0.6729374837510267,0.009824477354438255,821,0.7356076759061834,0.6952238483512447,0.040383827554938634,1640,0.7718550106609808,0.7159348902802094,0.05592012038077143
2,cartoon,metadata_observation_change_ridge,10.0,resnet18_photo-sketch_seed387_to_cartoon,resnet18_photo-sketch_seed387,resnet18,photo|sketch,cartoon,387,0.4,0.5617021276595745,0.625531914893617,0.4392324093816631,0.3905468306475902,0.9999999999976272,1.0,0.0882088647754134,0.10814298884526005,410,0.6631130063965884,0.682113801436774,0.019000795040185592,821,0.7164179104477612,0.7050710603554794,0.011346850092281757,1640,0.7867803837953091,0.726316327799258,0.06046405599605109
2,cartoon,metadata_observation_adapted_change_ridge,10.0,cnn3_art_painting_seed42_to_cartoon,cnn3_art_painting_seed42,cnn3,art_painting,cartoon,42,0.3404255319148936,0.5191489361702127,0.5659574468085107,0.3518123667377398,0.3437203105077442,1.0,0.999733483829113,0.0829366496853975,0.0843089135317766,410,0.6162046908315565,0.6047832308593276,0.011421459972228876,821,0.6396588486140725,0.627202083888146,0.012456764725926495,1640,0.6844349680170576,0.6482942454134093,0.03614072260364831
2,cartoon,metadata_observation_adapted_change_ridge,10.0,cnn3_art_painting_seed387_to_cartoon,cnn3_art_painting_seed387,cnn3,art_painting,cartoon,387,0.3531914893617021,0.5531914893617021,0.5957446808510638,0.3432835820895522,0.35997171221458013,0.9999999999798244,0.9983717199917571,0.0820785502974741,0.0903126401828613,410,0.5884861407249466,0.6276654533392905,0.03917931261434382,821,0.6311300639658849,0.6501602167764693,0.0190301528105844,1640,0.673773987206823,0.6712360212276298,0.002537965979193202
2,cartoon,metadata_observation_adapted_change_ridge,10.0,cnn3_photo_seed42_to_cartoon,cnn3_photo_seed42,cnn3,photo,cartoon,42,0.1957446808510638,0.4680851063829787,0.5106382978723404,0.1833688699360341,0.22890463044253012,1.0,0.9951894090307365,0.1020575702927345,0.08631267548172075,410,0.5650319829424307,0.5393808059648146,0.025651176977616097,821,0.5927505330490405,0.5658509298354316,0.026899603213608847,1640,0.6375266524520256,0.5907200979939983,0.04680655445802728
2,cartoon,metadata_observation_adapted_change_ridge,10.0,cnn3_photo_seed387_to_cartoon,cnn3_photo_seed387,cnn3,photo,cartoon,387,0.1787234042553191,0.4468085106382978,0.4468085106382978,0.1577825159914712,0.2075274879527919,1.0,0.9941100933669514,0.1067637080077372,0.07010285376331618,410,0.5692963752665245,0.478280128285256,0.09101624698126853,821,0.5948827292110874,0.5027459000764197,0.0921368291346677,1640,0.6588486140724946,0.5259913274507237,0.13285728662177088
2,cartoon,metadata_observation_adapted_change_ridge,10.0,cnn3_sketch_seed42_to_cartoon,cnn3_sketch_seed42,cnn3,sketch,cartoon,42,0.2340425531914893,0.4340425531914894,0.4553191489361702,0.2814498933901919,0.22097666844071107,0.9999999999999998,0.9943735418605971,0.0713204160609073,0.06593184539499011,410,0.5415778251599147,0.4742973211058118,0.06728050405410291,821,0.6140724946695096,0.4975301316445356,0.11654236302497406,1640,0.6183368869936035,0.5196679253396452,0.09866896165395822
2,cartoon,metadata_observation_adapted_change_ridge,10.0,cnn3_sketch_seed387_to_cartoon,cnn3_sketch_seed387,cnn3,sketch,cartoon,387,0.2127659574468085,0.4808510638297872,0.4808510638297872,0.2217484008528784,0.23353243493238007,1.0,0.9947922154801522,0.0883527999861967,0.07919380436449384,410,0.5479744136460555,0.5221496754915604,0.02582473815449504,821,0.6076759061833689,0.547395185264786,0.06028072091858283,1640,0.6588486140724946,0.5712309809520189,0.08761763312047577
2,cartoon,metadata_observation_adapted_change_ridge,10.0,cnn3_art_painting-photo_seed42_to_cartoon,cnn3_art_painting-photo_seed42,cnn3,art_painting|photo,cartoon,42,0.2978723404255319,0.5574468085106383,0.5957446808510638,0.2729211087420042,0.33493020029868287,1.0,0.9990943697199681,0.1046336866219455,0.09980613517958845,410,0.6204690831556503,0.6348456850283644,0.014376601872714057,821,0.652452025586354,0.6591926579249117,0.006740632338557706,1640,0.6993603411513859,0.6818544138778595,0.0175059272735264
2,cartoon,metadata_observation_adapted_change_ridge,10.0,cnn3_art_painting-photo_seed387_to_cartoon,cnn3_art_painting-photo_seed387,cnn3,art_painting|photo,cartoon,387,0.2851063829787234,0.5914893617021276,0.5914893617021276,0.326226012793177,0.33169923603309204,1.0,0.9968927856324638,0.0995624296764095,0.10274151930081687,410,0.6460554371002132,0.6384680701163172,0.007587366983895949,821,0.67590618336887,0.663105592034674,0.012800591334195977,1640,0.6780383795309168,0.6859912344560037,0.007952854925086905
2,cartoon,metadata_observation_adapted_change_ridge,10.0,cnn3_art_painting-sketch_seed42_to_cartoon,cnn3_art_painting-sketch_seed42,cnn3,art_painting|sketch,cartoon,42,0.4042553191489361,0.5531914893617021,0.6127659574468085,0.4754797441364605,0.39385045276184333,0.9999999999998992,0.9949499278901461,0.0637905543870421,0.07492096318228673,410,0.6375266524520256,0.6120239749125644,0.025502677539461116,821,0.6886993603411514,0.6314022754207935,0.0572970849203579,1640,0.7100213219616205,0.6497526859552021,0.06026863600641841
2,cartoon,metadata_observation_adapted_change_ridge,10.0,cnn3_art_painting-sketch_seed387_to_cartoon,cnn3_art_painting-sketch_seed387,cnn3,art_painting|sketch,cartoon,387,0.3446808510638298,0.5872340425531914,0.6127659574468085,0.4115138592750533,0.3831395869366815,0.9999999999994684,0.9955921865534874,0.0793425382294,0.08116084334556241,410,0.6332622601279317,0.6198145974616428,0.01344766266628894,821,0.6844349680170576,0.6403708635607386,0.04406410445631903,1640,0.7121535181236673,0.6597528537058333,0.052400664417834086
2,cartoon,metadata_observation_adapted_change_ridge,10.0,cnn3_photo-sketch_seed42_to_cartoon,cnn3_photo-sketch_seed42,cnn3,photo|sketch,cartoon,42,0.3106382978723404,0.5276595744680851,0.5574468085106383,0.2985074626865671,0.31798703757582025,1.0,0.9944914884321202,0.0909477681814551,0.08159717716370973,410,0.5927505330490405,0.5805027340905183,0.012247798958522127,821,0.650319829424307,0.6032676172365271,0.047052212187779885,1640,0.67590618336887,0.6247255748500049,0.05118060851886508
2,cartoon,metadata_observation_adapted_change_ridge,10.0,cnn3_photo-sketch_seed387_to_cartoon,cnn3_photo-sketch_seed387,cnn3,photo|sketch,cartoon,387,0.2723404255319149,0.4978723404255319,0.5404255319148936,0.3070362473347548,0.2905860433064246,0.9999999999995802,0.9939317192660787,0.0842935359281544,0.07473620301956468,410,0.5842217484008528,0.545372064558622,0.038849683842230864,821,0.6289978678038379,0.5680172738998042,0.060980593904033764,1640,0.6823027718550106,0.5894640483495814,0.09283872350542921
2,cartoon,metadata_observation_adapted_change_ridge,10.0,resnet18_art_painting_seed42_to_cartoon,resnet18_art_painting_seed42,resnet18,art_painting,cartoon,42,0.3404255319148936,0.5659574468085107,0.6595744680851063,0.3646055437100213,0.37273405243373114,0.9999999999999976,1.0,0.1338443087870703,0.11467890124927198,410,0.7356076759061834,0.6854431092097553,0.0501645666964281,821,0.7697228144989339,0.7094790776592659,0.060243736839667994,1640,0.8187633262260128,0.7316221977492864,0.08714112847672639
2,cartoon,metadata_observation_adapted_change_ridge,10.0,resnet18_art_painting_seed387_to_cartoon,resnet18_art_painting_seed387,resnet18,art_painting,cartoon,387,0.3361702127659574,0.5829787234042553,0.6212765957446809,0.3859275053304904,0.3715938223318124,0.9999999999993684,1.0,0.1273006732153967,0.11040878576716737,410,0.7164179104477612,0.6766675120353094,0.03975039841245176,821,0.7953091684434968,0.7004888547493211,0.09482031369417565,1640,0.837953091684435,0.7224992180291947,0.11545387365524029
2,cartoon,metadata_observation_adapted_change_ridge,10.0,resnet18_photo_seed42_to_cartoon,resnet18_photo_seed42,resnet18,photo,cartoon,42,0.225531914893617,0.5404255319148936,0.6127659574468085,0.2217484008528784,0.2700803349555452,1.0,0.9963672826556437,0.1475774057943583,0.12400457235182219,410,0.673773987206823,0.6520332870559313,0.02174070015089169,821,0.7569296375266524,0.6803936768784935,0.07653596064815893,1640,0.8166311300639659,0.7063525404712395,0.1102785895927264
2,cartoon,metadata_observation_adapted_change_ridge,10.0,resnet18_photo_seed387_to_cartoon,resnet18_photo_seed387,resnet18,photo,cartoon,387,0.2893617021276595,0.5617021276595745,0.6297872340425532,0.3070362473347548,0.31824964684224893,0.99999999999996,0.9965992843422119,0.1238768664939801,0.12118858088747536,410,0.6631130063965884,0.6694953135209949,0.006382307124406461,821,0.744136460554371,0.6958501276652548,0.04828633288911621,1640,0.7825159914712153,0.7200203169082331,0.06249567456298222
2,cartoon,metadata_observation_adapted_change_ridge,10.0,resnet18_sketch_seed42_to_cartoon,resnet18_sketch_seed42,resnet18,sketch,cartoon,42,0.2765957446808511,0.548936170212766,0.625531914893617,0.3113006396588486,0.2822505791537594,0.9999999999999968,0.9988421531147513,0.1302658754815289,0.13045856420679586,410,0.7036247334754797,0.6720484752772466,0.031576258198233065,821,0.7526652452025586,0.7003027191546183,0.05236252604794034,1640,0.8187633262260128,0.7260491367609905,0.0927141894650223
2,cartoon,metadata_observation_adapted_change_ridge,10.0,resnet18_sketch_seed387_to_cartoon,resnet18_sketch_seed387,resnet18,sketch,cartoon,387,0.2808510638297872,0.5234042553191489,0.5829787234042553,0.2899786780383795,0.2827968677910162,1.0,0.9970748297968742,0.1260954058137275,0.11457634371474151,410,0.6716417910447762,0.6386626070065513,0.03297918403822486,821,0.744136460554371,0.6660261231036413,0.0781103374507297,1640,0.7931769722814499,0.6912365340524632,0.10194043822898669
2,cartoon,metadata_observation_adapted_change_ridge,10.0,resnet18_art_painting-photo_seed42_to_cartoon,resnet18_art_painting-photo_seed42,resnet18,art_painting|photo,cartoon,42,0.3574468085106383,0.6,0.6893617021276596,0.4093816631130064,0.38910837363858447,1.0,0.9992492355832274,0.1213405042653457,0.12325255831299783,410,0.7100213219616205,0.708668097973441,0.0013532239881794972,821,0.7611940298507462,0.7324622115485557,0.028731818302190515,1640,0.8038379530916845,0.7542528070787777,0.049585146012906756
2,cartoon,metadata_observation_adapted_change_ridge,10.0,resnet18_art_painting-photo_seed387_to_cartoon,resnet18_art_painting-photo_seed387,resnet18,art_painting|photo,cartoon,387,0.3829787234042553,0.6042553191489362,0.6425531914893617,0.4136460554371002,0.39617338646051775,1.0,1.0,0.1193059980670053,0.11324091995119327,410,0.7270788912579957,0.6945652838681278,0.03251360738986797,821,0.7654584221748401,0.7176228930652291,0.047835529109610975,1640,0.8251599147121536,0.7388858561085729,0.08627405860358062
2,cartoon,metadata_observation_adapted_change_ridge,10.0,resnet18_art_painting-sketch_seed42_to_cartoon,resnet18_art_painting-sketch_seed42,resnet18,art_painting|sketch,cartoon,42,0.4595744680851064,0.6085106382978723,0.6510638297872341,0.4861407249466951,0.46083837741253497,1.0,1.0,0.1047953507554931,0.10247572668575565,410,0.7249466950959488,0.7090196703864445,0.015927024709504245,821,0.7782515991471215,0.7289712488574975,0.049280350289623964,1640,0.8336886993603412,0.7475075575617012,0.08618114179864
2,cartoon,metadata_observation_adapted_change_ridge,10.0,resnet18_art_painting-sketch_seed387_to_cartoon,resnet18_art_painting-sketch_seed387,resnet18,art_painting|sketch,cartoon,387,0.5191489361702127,0.6510638297872341,0.6638297872340425,0.5671641791044776,0.49802558628162136,0.9999999999999368,0.9992540771756895,0.0900557847046071,0.10528996756891221,410,0.7420042643923241,0.7332891140853239,0.008715150307000208,821,0.7718550106609808,0.7520082389178618,0.019846771743118996,1640,0.8443496801705757,0.7693656700955496,0.07498401007502609
2,cartoon,metadata_observation_adapted_change_ridge,10.0,resnet18_photo-sketch_seed42_to_cartoon,resnet18_photo-sketch_seed42,resnet18,photo|sketch,cartoon,42,0.4212765957446808,0.5659574468085107,0.5914893617021276,0.4498933901918976,0.4039730207363449,0.999999999999705,0.9985777413402173,0.0850271565224604,0.09939138456447412,410,0.6631130063965884,0.6716626306241493,0.008549624227560892,821,0.7356076759061834,0.6934264536150943,0.042181222291089115,1640,0.7718550106609808,0.7136896737578724,0.05816533690310843
2,cartoon,metadata_observation_adapted_change_ridge,10.0,resnet18_photo-sketch_seed387_to_cartoon,resnet18_photo-sketch_seed387,resnet18,photo|sketch,cartoon,387,0.4,0.5617021276595745,0.625531914893617,0.4392324093816631,0.3997727942172469,0.9999999999976272,0.9992933880686355,0.0882088647754134,0.1045879292550127,410,0.6631130063965884,0.6798250647827861,0.016712058386197715,821,0.7164179104477612,0.7021653067793118,0.014252603668449382,1640,0.7867803837953091,0.7228905123796033,0.06388987141570579
3,photo,mean_remaining_curve,,cnn3_art_painting_seed42_to_photo,cnn3_art_painting_seed42,cnn3,art_painting,photo,42,0.4910179640718562,0.5688622754491018,0.5748502994011976,0.4580838323353293,0.28893172005581924,1.0,0.9987051752360809,0.0704769098739613,0.09354277888644266,292,0.6107784431137725,0.5814880745335788,0.029290368580193737,585,0.688622754491018,0.6076816214396816,0.08094113305133632,1169,0.6976047904191617,0.6321721414839576,0.06543264893520406
3,photo,mean_remaining_curve,,cnn3_art_painting_seed387_to_photo,cnn3_art_painting_seed387,cnn3,art_painting,photo,387,0.4790419161676646,0.5508982035928144,0.5449101796407185,0.4431137724550898,0.28893172005581924,1.0,0.9987051752360809,0.0617726027191434,0.09354277888644266,292,0.6227544910179641,0.5814880745335788,0.04126641648438534,585,0.6437125748502994,0.6076816214396816,0.036030953410617794,1169,0.6946107784431138,0.6321721414839576,0.06243863695915619
3,photo,mean_remaining_curve,,cnn3_cartoon_seed42_to_photo,cnn3_cartoon_seed42,cnn3,cartoon,photo,42,0.3592814371257485,0.5089820359281437,0.4910179640718562,0.311377245508982,0.28893172005581924,1.0,0.9987051752360809,0.0838638320777813,0.09354277888644266,292,0.5688622754491018,0.5814880745335788,0.012625799084476919,585,0.6227544910179641,0.6076816214396816,0.015072869578282466,1169,0.6407185628742516,0.6321721414839576,0.008546421390293935
3,photo,mean_remaining_curve,,cnn3_cartoon_seed387_to_photo,cnn3_cartoon_seed387,cnn3,cartoon,photo,387,0.4071856287425149,0.5389221556886228,0.5568862275449101,0.3982035928143712,0.28893172005581924,0.999999999999751,0.9987051752360809,0.0550221952466121,0.09354277888644266,292,0.5299401197604791,0.5814880745335788,0.0515479547730997,585,0.5898203592814372,0.6076816214396816,0.017861262158244462,1169,0.6646706586826348,0.6321721414839576,0.032498517198677135
3,photo,mean_remaining_curve,,cnn3_sketch_seed42_to_photo,cnn3_sketch_seed42,cnn3,sketch,photo,42,0.1017964071856287,0.3053892215568862,0.3772455089820359,0.092814371257485,0.28893172005581924,1.0,0.9987051752360809,0.0840409401656937,0.09354277888644266,292,0.4311377245508982,0.5814880745335788,0.15035034998268054,585,0.5299401197604791,0.6076816214396816,0.07774150167920257,1169,0.5898203592814372,0.6321721414839576,0.04235178220252045
3,photo,mean_remaining_curve,,cnn3_sketch_seed387_to_photo,cnn3_sketch_seed387,cnn3,sketch,photo,387,0.1017964071856287,0.2994011976047904,0.3712574850299401,0.092814371257485,0.28893172005581924,0.9999999999999998,0.9987051752360809,0.0919913888809563,0.09354277888644266,292,0.4610778443113772,0.5814880745335788,0.12041023022220154,585,0.5538922155688623,0.6076816214396816,0.05378940587081937,1169,0.6107784431137725,0.6321721414839576,0.02139369837018512
3,photo,mean_remaining_curve,,cnn3_art_painting-cartoon_seed42_to_photo,cnn3_art_painting-cartoon_seed42,cnn3,art_painting|cartoon,photo,42,0.4550898203592814,0.562874251497006,0.5688622754491018,0.4341317365269461,0.28893172005581924,0.9999999999999288,0.9987051752360809,0.0834302618695599,0.09354277888644266,292,0.6437125748502994,0.5814880745335788,0.062224500316720666,585,0.7065868263473054,0.6076816214396816,0.09890520490762378,1169,0.7245508982035929,0.6321721414839576,0.09237875671963525
3,photo,mean_remaining_curve,,cnn3_art_painting-cartoon_seed387_to_photo,cnn3_art_painting-cartoon_seed387,cnn3,art_painting|cartoon,photo,387,0.4730538922155688,0.5808383233532934,0.5688622754491018,0.4700598802395209,0.28893172005581924,0.9999999999993554,0.9987051752360809,0.0762310681486096,0.09354277888644266,292,0.6586826347305389,0.5814880745335788,0.07719456019696014,585,0.7005988023952096,0.6076816214396816,0.09291718095552792,1169,0.7245508982035929,0.6321721414839576,0.09237875671963525
3,photo,mean_remaining_curve,,cnn3_art_painting-sketch_seed42_to_photo,cnn3_art_painting-sketch_seed42,cnn3,art_painting|sketch,photo,42,0.5089820359281437,0.5988023952095808,0.6287425149700598,0.5179640718562875,0.28893172005581924,0.9999999999999984,0.9987051752360809,0.0527974447618132,0.09354277888644266,292,0.625748502994012,0.5814880745335788,0.04426042846043321,585,0.6676646706586826,0.6076816214396816,0.059983049219000995,1169,0.7395209580838323,0.6321721414839576,0.10734881659987472
3,photo,mean_remaining_curve,,cnn3_art_painting-sketch_seed387_to_photo,cnn3_art_painting-sketch_seed387,cnn3,art_painting|sketch,photo,387,0.4790419161676646,0.5568862275449101,0.5748502994011976,0.467065868263473,0.28893172005581924,0.9999999999999454,0.9987051752360809,0.0640053530307313,0.09354277888644266,292,0.6317365269461078,0.5814880745335788,0.050248452412529065,585,0.6766467065868264,0.6076816214396816,0.06896508514714472,1169,0.7305389221556886,0.6321721414839576,0.09836678067173099
3,photo,mean_remaining_curve,,cnn3_cartoon-sketch_seed42_to_photo,cnn3_cartoon-sketch_seed42,cnn3,cartoon|sketch,photo,42,0.3053892215568862,0.5089820359281437,0.5089820359281437,0.3323353293413174,0.28893172005581924,1.0,0.9987051752360809,0.0812078032065945,0.09354277888644266,292,0.5718562874251497,0.5814880745335788,0.009631787108429046,585,0.6407185628742516,0.6076816214396816,0.03303694143456992,1169,0.6796407185628742,0.6321721414839576,0.04746857707891661
3,photo,mean_remaining_curve,,cnn3_cartoon-sketch_seed387_to_photo,cnn3_cartoon-sketch_seed387,cnn3,cartoon|sketch,photo,387,0.3293413173652694,0.5389221556886228,0.5688622754491018,0.3562874251497006,0.28893172005581924,0.9999999999999998,0.9987051752360809,0.095190554423842,0.09354277888644266,292,0.6197604790419161,0.5814880745335788,0.038272404508337354,585,0.6766467065868264,0.6076816214396816,0.06896508514714472,1169,0.7065868263473054,0.6321721414839576,0.07441468486334779
3,photo,mean_remaining_curve,,resnet18_art_painting_seed42_to_photo,resnet18_art_painting_seed42,resnet18,art_painting,photo,42,0.5209580838323353,0.6347305389221557,0.6766467065868264,0.5808383233532934,0.28893172005581924,0.999999999999996,0.9987051752360809,0.0778822888707355,0.09354277888644266,292,0.7305389221556886,0.5814880745335788,0.14905084762210985,585,0.781437125748503,0.6076816214396816,0.17375550430882136,1169,0.781437125748503,0.6321721414839576,0.14926498426454538
3,photo,mean_remaining_curve,,resnet18_art_painting_seed387_to_photo,resnet18_art_painting_seed387,resnet18,art_painting,photo,387,0.5748502994011976,0.6227544910179641,0.6826347305389222,0.592814371257485,0.28893172005581924,0.9999999999984106,0.9987051752360809,0.0862815715456779,0.09354277888644266,292,0.7574850299401198,0.5814880745335788,0.17599695540654103,585,0.7874251497005988,0.6076816214396816,0.17974352826091722,1169,0.8053892215568862,0.6321721414839576,0.17321708007292858
3,photo,mean_remaining_curve,,resnet18_cartoon_seed42_to_photo,resnet18_cartoon_seed42,resnet18,cartoon,photo,42,0.467065868263473,0.5868263473053892,0.5988023952095808,0.4790419161676646,0.28893172005581924,1.0,0.9987051752360809,0.0908404715293216,0.09354277888644266,292,0.7065868263473054,0.5814880745335788,0.12509875181372665,585,0.7455089820359282,0.6076816214396816,0.13782736059624656,1169,0.7874251497005988,0.6321721414839576,0.15525300821664123
3,photo,mean_remaining_curve,,resnet18_cartoon_seed387_to_photo,resnet18_cartoon_seed387,resnet18,cartoon,photo,387,0.4730538922155688,0.5868263473053892,0.6167664670658682,0.4850299401197604,0.28893172005581924,0.9999999999999826,0.9987051752360809,0.0938519075304662,0.09354277888644266,292,0.6946107784431138,0.5814880745335788,0.11312270390953505,585,0.7604790419161677,0.6076816214396816,0.15279742047648603,1169,0.7784431137724551,0.6321721414839576,0.1462709722884975
3,photo,mean_remaining_curve,,resnet18_sketch_seed42_to_photo,resnet18_sketch_seed42,resnet18,sketch,photo,42,0.1736526946107784,0.4850299401197604,0.5508982035928144,0.1676646706586826,0.28893172005581924,1.0,0.9987051752360809,0.1615741283528092,0.09354277888644266,292,0.6826347305389222,0.5814880745335788,0.10114665600534345,585,0.7485029940119761,0.6076816214396816,0.14082137257229443,1169,0.8023952095808383,0.6321721414839576,0.1702230680968807
3,photo,mean_remaining_curve,,resnet18_sketch_seed387_to_photo,resnet18_sketch_seed387,resnet18,sketch,photo,387,0.1736526946107784,0.4491017964071856,0.5389221556886228,0.18562874251497,0.28893172005581924,1.0,0.9987051752360809,0.1473321720362195,0.09354277888644266,292,0.6377245508982036,0.5814880745335788,0.05623647636462481,585,0.7275449101796407,0.6076816214396816,0.1198632887399591,1169,0.7664670658682635,0.6321721414839576,0.1342949243843059
3,photo,mean_remaining_curve,,resnet18_art_painting-cartoon_seed42_to_photo,resnet18_art_painting-cartoon_seed42,resnet18,art_painting|cartoon,photo,42,0.6586826347305389,0.7305389221556886,0.7604790419161677,0.6586826347305389,0.28893172005581924,0.999999999999603,0.9987051752360809,0.0923327904708565,0.09354277888644266,292,0.7964071856287425,0.5814880745335788,0.2149191110951637,585,0.8083832335329342,0.6076816214396816,0.20070161209325255,1169,0.8383233532934131,0.6321721414839576,0.2061512118094555
3,photo,mean_remaining_curve,,resnet18_art_painting-cartoon_seed387_to_photo,resnet18_art_painting-cartoon_seed387,resnet18,art_painting|cartoon,photo,387,0.6107784431137725,0.6766467065868264,0.7065868263473054,0.6437125748502994,0.28893172005581924,1.0,0.9987051752360809,0.0702445706094715,0.09354277888644266,292,0.781437125748503,0.5814880745335788,0.19994905121492423,585,0.7964071856287425,0.6076816214396816,0.18872556418906083,1169,0.8323353293413174,0.6321721414839576,0.20016318785735976
3,photo,mean_remaining_curve,,resnet18_art_painting-sketch_seed42_to_photo,resnet18_art_painting-sketch_seed42,resnet18,art_painting|sketch,photo,42,0.5688622754491018,0.6107784431137725,0.6586826347305389,0.6467065868263473,0.28893172005581924,0.9999999999999608,0.9987051752360809,0.07041290055522,0.09354277888644266,292,0.7664670658682635,0.5814880745335788,0.18497899133468476,585,0.8143712574850299,0.6076816214396816,0.2066896360453483,1169,0.8143712574850299,0.6321721414839576,0.1821991160010723
3,photo,mean_remaining_curve,,resnet18_art_painting-sketch_seed387_to_photo,resnet18_art_painting-sketch_seed387,resnet18,art_painting|sketch,photo,387,0.5748502994011976,0.6107784431137725,0.6167664670658682,0.6077844311377245,0.28893172005581924,0.9999999999935943,0.9987051752360809,0.0800378313555579,0.09354277888644266,292,0.7544910179640718,0.5814880745335788,0.17300294343049305,585,0.8173652694610778,0.6076816214396816,0.20968364802139616,1169,0.8502994011976048,0.6321721414839576,0.21812725971364721
3,photo,mean_remaining_curve,,resnet18_cartoon-sketch_seed42_to_photo,resnet18_cartoon-sketch_seed42,resnet18,cartoon|sketch,photo,42,0.4191616766467065,0.5269461077844312,0.5808383233532934,0.4251497005988024,0.28893172005581924,0.999999999999994,0.9987051752360809,0.105341920870941,0.09354277888644266,292,0.6377245508982036,0.5814880745335788,0.05623647636462481,585,0.7574850299401198,0.6076816214396816,0.14980340850043816,1169,0.8293413173652695,0.6321721414839576,0.1971691758813119
3,photo,mean_remaining_curve,,resnet18_cartoon-sketch_seed387_to_photo,resnet18_cartoon-sketch_seed387,resnet18,cartoon|sketch,photo,387,0.5389221556886228,0.6167664670658682,0.6826347305389222,0.5,0.28893172005581924,1.0,0.9987051752360809,0.0965206986556669,0.09354277888644266,292,0.7245508982035929,0.5814880745335788,0.1430628236700141,585,0.7455089820359282,0.6076816214396816,0.13782736059624656,1169,0.8263473053892215,0.6321721414839576,0.1941751639052639
3,photo,three_point_log_curve,,cnn3_art_painting_seed42_to_photo,cnn3_art_painting_seed42,cnn3,art_painting,photo,42,0.4910179640718562,0.5688622754491018,0.5748502994011976,,,,,,,292,0.6107784431137725,0.594331766940664,0.016446676173108465,585,0.688622754491018,0.6068763948098884,0.08174635968112953,1169,0.6976047904191617,0.6193901122148665,0.07821467820429517
3,photo,three_point_log_curve,,cnn3_art_painting_seed387_to_photo,cnn3_art_painting_seed387,cnn3,art_painting,photo,387,0.4790419161676646,0.5508982035928144,0.5449101796407185,,,,,,,292,0.6227544910179641,0.5662602269722563,0.05649426404570779,585,0.6437125748502994,0.5767459317201864,0.06696664313011302,1169,0.6946107784431138,0.5872057992726982,0.10740497917041558
3,photo,three_point_log_curve,,cnn3_cartoon_seed42_to_photo,cnn3_cartoon_seed42,cnn3,cartoon,photo,42,0.3592814371257485,0.5089820359281437,0.4910179640718562,,,,,,,292,0.5688622754491018,0.5371022395232277,0.031760035925874175,585,0.6227544910179641,0.5584260074154699,0.06432848360249421,1169,0.6407185628742516,0.5796972326917097,0.061021330182541855
3,photo,three_point_log_curve,,cnn3_cartoon_seed387_to_photo,cnn3_cartoon_seed387,cnn3,cartoon,photo,387,0.4071856287425149,0.5389221556886228,0.5568862275449101,,,,,,,292,0.5299401197604791,0.5875652000510265,0.05762508029054747,585,0.5898203592814372,0.6095384574790346,0.0197180981975974,1169,0.6646706586826348,0.6314575719228757,0.03321308675975909
3,photo,three_point_log_curve,,cnn3_sketch_seed42_to_photo,cnn3_sketch_seed42,cnn3,sketch,photo,42,0.1017964071856287,0.3053892215568862,0.3772455089820359,,,,,,,292,0.4311377245508982,0.41176532688513234,0.019372397665765873,585,0.5299401197604791,0.4499128381441106,0.08002728161636846,1169,0.5898203592814372,0.48796635241129727,0.1018540068701399
3,photo,three_point_log_curve,,cnn3_sketch_seed387_to_photo,cnn3_sketch_seed387,cnn3,sketch,photo,387,0.1017964071856287,0.2994011976047904,0.3712574850299401,,,,,,,292,0.4610778443113772,0.40414404233819634,0.056933801973180875,585,0.5538922155688623,0.44137034029248834,0.11252187527637392,1169,0.6107784431137725,0.4785049111613754,0.1322735319523971
3,photo,three_point_log_curve,,cnn3_art_painting-cartoon_seed42_to_photo,cnn3_art_painting-cartoon_seed42,cnn3,art_painting|cartoon,photo,42,0.4550898203592814,0.562874251497006,0.5688622754491018,,,,,,,292,0.6437125748502994,0.596510045962769,0.047202528887530404,585,0.7065868263473054,0.6136607403554242,0.09292608599188124,1169,0.7245508982035929,0.6307691747519002,0.09378172345169267
3,photo,three_point_log_curve,,cnn3_art_painting-cartoon_seed387_to_photo,cnn3_art_painting-cartoon_seed387,cnn3,art_painting|cartoon,photo,387,0.4730538922155688,0.5808383233532934,0.5688622754491018,,,,,,,292,0.6586826347305389,0.6017628065431362,0.05691982818740271,585,0.7005988023952096,0.6172069362108794,0.08339186618433014,1169,0.7245508982035929,0.6326130109261053,0.09193788727748753
3,photo,three_point_log_curve,,cnn3_art_painting-sketch_seed42_to_photo,cnn3_art_painting-sketch_seed42,cnn3,art_painting|sketch,photo,42,0.5089820359281437,0.5988023952095808,0.6287425149700598,,,,,,,292,0.625748502994012,0.6444868229253837,0.01873831993137176,585,0.6676646706586826,0.6611492970371965,0.006515373621486131,1169,0.7395209580838323,0.6777707141471072,0.061750243936725124
3,photo,three_point_log_curve,,cnn3_art_painting-sketch_seed387_to_photo,cnn3_art_painting-sketch_seed387,cnn3,art_painting|sketch,photo,387,0.4790419161676646,0.5568862275449101,0.5748502994011976,,,,,,,292,0.6317365269461078,0.5908299265537525,0.040906600392355275,585,0.6766467065868264,0.6045122642395849,0.07213444234724142,1169,0.7305389221556886,0.6181608880987297,0.1123780340569589
3,photo,three_point_log_curve,,cnn3_cartoon-sketch_seed42_to_photo,cnn3_cartoon-sketch_seed42,cnn3,cartoon|sketch,photo,42,0.3053892215568862,0.5089820359281437,0.5089820359281437,,,,,,,292,0.5718562874251497,0.564512896152709,0.007343391272440658,585,0.6407185628742516,0.5958341485120391,0.044884414362212466,1169,0.6796407185628742,0.6270782240542252,0.05256249450864903
3,photo,three_point_log_curve,,cnn3_cartoon-sketch_seed387_to_photo,cnn3_cartoon-sketch_seed387,cnn3,cartoon|sketch,photo,387,0.3293413173652694,0.5389221556886228,0.5688622754491018,,,,,,,292,0.6197604790419161,0.6172717953012288,0.0024886837406873363,585,0.6766467065868264,0.6523585355067651,0.024288171080061205,1169,0.7065868263473054,0.6873588205826677,0.01922800576463768
3,photo,three_point_log_curve,,resnet18_art_painting_seed42_to_photo,resnet18_art_painting_seed42,resnet18,art_painting,photo,42,0.5209580838323353,0.6347305389221557,0.6766467065868264,,,,,,,292,0.7305389221556886,0.6954222165345993,0.03511670562108926,585,0.781437125748503,0.7169072536817648,0.06452987206673821,1169,0.781437125748503,0.7383393508390407,0.043097774909462316
3,photo,three_point_log_curve,,resnet18_art_painting_seed387_to_photo,resnet18_art_painting_seed387,resnet18,art_painting,photo,387,0.5748502994011976,0.6227544910179641,0.6826347305389222,,,,,,,292,0.7574850299401198,0.6781916133630861,0.0792934165770337,585,0.7874251497005988,0.6912498688836157,0.09617528081698312,1169,0.8053892215568862,0.7042759483408463,0.10111327321603991
3,photo,three_point_log_curve,,resnet18_cartoon_seed42_to_photo,resnet18_cartoon_seed42,resnet18,cartoon,photo,42,0.467065868263473,0.5868263473053892,0.5988023952095808,,,,,,,292,0.7065868263473054,0.6279657667194727,0.07862105962783272,585,0.7455089820359282,0.6475277426298043,0.09798123940612391,1169,0.7874251497005988,0.6670415170499628,0.12038363265063601
3,photo,three_point_log_curve,,resnet18_cartoon_seed387_to_photo,resnet18_cartoon_seed387,resnet18,cartoon,photo,387,0.4730538922155688,0.5868263473053892,0.6167664670658682,,,,,,,292,0.6946107784431138,0.6390438174005526,0.0555669610425612,585,0.7604790419161677,0.65939114473111,0.10108789718505762,1169,0.7784431137724551,0.6796883354342192,0.09875477833823587
3,photo,three_point_log_curve,,resnet18_sketch_seed42_to_photo,resnet18_sketch_seed42,resnet18,sketch,photo,42,0.1736526946107784,0.4850299401197604,0.5508982035928144,,,,,,,292,0.6826347305389222,0.6165676323964895,0.06606709814243272,585,0.7485029940119761,0.6707281282315148,0.07777486578046122,1169,0.8023952095808383,0.7247551704410108,0.07764003913982753
3,photo,three_point_log_curve,,resnet18_sketch_seed387_to_photo,resnet18_sketch_seed387,resnet18,sketch,photo,387,0.1736526946107784,0.4491017964071856,0.5389221556886228,,,,,,,292,0.6377245508982036,0.5877883401494338,0.04993621074876975,585,0.7275449101796407,0.6386969757895582,0.08884793439008254,1169,0.7664670658682635,0.6894801705175901,0.07698689535067338
3,photo,three_point_log_curve,,resnet18_art_painting-cartoon_seed42_to_photo,resnet18_art_painting-cartoon_seed42,resnet18,art_painting|cartoon,photo,42,0.6586826347305389,0.7305389221556886,0.7604790419161677,,,,,,,292,0.7964071856287425,0.771323568086971,0.025083617541771464,585,0.8083832335329342,0.7852224022847253,0.02316083124820889,1169,0.8383233532934131,0.7990869891997373,0.03923636409367581
3,photo,three_point_log_curve,,resnet18_art_painting-cartoon_seed387_to_photo,resnet18_art_painting-cartoon_seed387,resnet18,art_painting|cartoon,photo,387,0.6107784431137725,0.6766467065868264,0.7065868263473054,,,,,,,292,0.781437125748503,0.7157980919232685,0.0656390338252345,585,0.7964071856287425,0.7287757128163366,0.06763147281240589,1169,0.8323353293413174,0.7417213563330489,0.09061397300826846
3,photo,three_point_log_curve,,resnet18_art_painting-sketch_seed42_to_photo,resnet18_art_painting-sketch_seed42,resnet18,art_painting|sketch,photo,42,0.5688622754491018,0.6107784431137725,0.6586826347305389,,,,,,,292,0.7664670658682635,0.6561080973467744,0.11035896852148908,585,0.8143712574850299,0.6671074297460098,0.14726382773902014,1169,0.8143712574850299,0.6780796593507739,0.13629159813425606
3,photo,three_point_log_curve,,resnet18_art_painting-sketch_seed387_to_photo,resnet18_art_painting-sketch_seed387,resnet18,art_painting|sketch,photo,387,0.5748502994011976,0.6107784431137725,0.6167664670658682,,,,,,,292,0.7544910179640718,0.6248151104414535,0.12967590752261826,585,0.8173652694610778,0.6309112451778746,0.18645402428320323,1169,0.8502994011976048,0.6369923587947555,0.21330704240284937
3,photo,three_point_log_curve,,resnet18_cartoon-sketch_seed42_to_photo,resnet18_cartoon-sketch_seed42,resnet18,cartoon|sketch,photo,42,0.4191616766467065,0.5269461077844312,0.5808383233532934,,,,,,,292,0.6377245508982036,0.5944787323193147,0.04324581857888887,585,0.7574850299401198,0.6161802659784021,0.14130476396171765,1169,0.8293413173652695,0.6378283261915452,0.19151299117372433
3,photo,three_point_log_curve,,resnet18_cartoon-sketch_seed387_to_photo,resnet18_cartoon-sketch_seed387,resnet18,cartoon|sketch,photo,387,0.5389221556886228,0.6167664670658682,0.6826347305389222,,,,,,,292,0.7245508982035929,0.6846069961438312,0.039943902059761616,585,0.7455089820359282,0.7028401730960959,0.04266880893983227,1169,0.8263473053892215,0.7210284227719077,0.10531888261731381
3,photo,observation_ridge,10.0,cnn3_art_painting_seed42_to_photo,cnn3_art_painting_seed42,cnn3,art_painting,photo,42,0.4910179640718562,0.5688622754491018,0.5748502994011976,0.4580838323353293,0.44226749059335324,1.0,1.0,0.0704769098739613,0.07221803512724363,292,0.6107784431137725,0.6299387366273022,0.019160293513529658,585,0.688622754491018,0.6480071576420787,0.04061559684893923,1169,0.6976047904191617,0.6651520802052667,0.03245271021389495
3,photo,observation_ridge,10.0,cnn3_art_painting_seed387_to_photo,cnn3_art_painting_seed387,cnn3,art_painting,photo,387,0.4790419161676646,0.5508982035928144,0.5449101796407185,0.4431137724550898,0.43762767645529055,1.0,1.0,0.0617726027191434,0.05832409899588229,292,0.6227544910179641,0.5962187873638283,0.026535703654135823,585,0.6437125748502994,0.6122169655680934,0.03149560928220607,1169,0.6946107784431138,0.6275441813885393,0.06706659705457452
3,photo,observation_ridge,10.0,cnn3_cartoon_seed42_to_photo,cnn3_cartoon_seed42,cnn3,cartoon,photo,42,0.3592814371257485,0.5089820359281437,0.4910179640718562,0.311377245508982,0.359490871308948,1.0,1.0,0.0838638320777813,0.0557793645427772,292,0.5688622754491018,0.5334211852733569,0.03544109017574493,585,0.6227544910179641,0.5511163845501402,0.07163810646782387,1169,0.6407185628742516,0.5680993415698747,0.07261922130437681
3,photo,observation_ridge,10.0,cnn3_cartoon_seed387_to_photo,cnn3_cartoon_seed387,cnn3,cartoon,photo,387,0.4071856287425149,0.5389221556886228,0.5568862275449101,0.3982035928143712,0.38488172553394195,0.999999999999751,1.0,0.0550221952466121,0.06777879719196253,292,0.5299401197604791,0.5814403978785889,0.051500278118109866,585,0.5898203592814372,0.6006498439737488,0.010829484692311597,1169,0.6646706586826348,0.618933577894691,0.04573708078794381
3,photo,observation_ridge,10.0,cnn3_sketch_seed42_to_photo,cnn3_sketch_seed42,cnn3,sketch,photo,42,0.1017964071856287,0.3053892215568862,0.3772455089820359,0.092814371257485,0.21601307024381033,1.0,0.9985192996558663,0.0840409401656937,0.017850747438058798,292,0.4311377245508982,0.2914656428611136,0.13967208168978462,585,0.5299401197604791,0.3001602548229255,0.22977986493755354,1169,0.5898203592814372,0.30872691936945723,0.28109343991197994
3,photo,observation_ridge,10.0,cnn3_sketch_seed387_to_photo,cnn3_sketch_seed387,cnn3,sketch,photo,387,0.1017964071856287,0.2994011976047904,0.3712574850299401,0.092814371257485,0.19076760481495458,0.9999999999999998,0.9981339978492344,0.0919913888809563,0.021889209926079886,292,0.4610778443113772,0.28516132462266286,0.17591651968871436,585,0.5538922155688623,0.29589721190693,0.25799500366193223,1169,0.6107784431137725,0.3064455803922454,0.3043328627215271
3,photo,observation_ridge,10.0,cnn3_art_painting-cartoon_seed42_to_photo,cnn3_art_painting-cartoon_seed42,cnn3,art_painting|cartoon,photo,42,0.4550898203592814,0.562874251497006,0.5688622754491018,0.4341317365269461,0.38209893337049394,0.9999999999999288,1.0,0.0834302618695599,0.08428313273456221,292,0.6437125748502994,0.617172071140119,0.026540503710180463,585,0.7065868263473054,0.6388963629050867,0.06769046344221874,1169,0.7245508982035929,0.6593388339280307,0.06521206427556214
3,photo,observation_ridge,10.0,cnn3_art_painting-cartoon_seed387_to_photo,cnn3_art_painting-cartoon_seed387,cnn3,art_painting|cartoon,photo,387,0.4730538922155688,0.5808383233532934,0.5688622754491018,0.4700598802395209,0.43617119012589484,0.9999999999993554,1.0,0.0762310681486096,0.06963358590553737,292,0.6586826347305389,0.6203613461094242,0.038321288621114724,585,0.7005988023952096,0.6382499275597886,0.06234887483542095,1169,0.7245508982035929,0.6552546004874555,0.06929629771613732
3,photo,observation_ridge,10.0,cnn3_art_painting-sketch_seed42_to_photo,cnn3_art_painting-sketch_seed42,cnn3,art_painting|sketch,photo,42,0.5089820359281437,0.5988023952095808,0.6287425149700598,0.5179640718562875,0.4746323286286784,0.9999999999999984,1.0,0.0527974447618132,0.07216608325212841,292,0.625748502994012,0.6513102583141419,0.025561755320129942,585,0.6676646706586826,0.6683232608346786,0.00065859017599601,1169,0.7395209580838323,0.6844672892325077,0.05505366885132468
3,photo,observation_ridge,10.0,cnn3_art_painting-sketch_seed387_to_photo,cnn3_art_painting-sketch_seed387,cnn3,art_painting|sketch,photo,387,0.4790419161676646,0.5568862275449101,0.5748502994011976,0.467065868263473,0.44258664762502364,0.9999999999999454,1.0,0.0640053530307313,0.06245986718369462,292,0.6317365269461078,0.6090716704631707,0.022664856482937146,585,0.6766467065868264,0.6256353352054124,0.051011371381413984,1169,0.7305389221556886,0.64145894979222,0.08907997236346865
3,photo,observation_ridge,10.0,cnn3_cartoon-sketch_seed42_to_photo,cnn3_cartoon-sketch_seed42,cnn3,cartoon|sketch,photo,42,0.3053892215568862,0.5089820359281437,0.5089820359281437,0.3323353293413174,0.35067471940839434,1.0,1.0,0.0812078032065945,0.0659787941583905,292,0.5718562874251497,0.553623460612708,0.01823282681244176,585,0.6407185628742516,0.5735778408869907,0.06714072198726084,1169,0.6796407185628742,0.5925942929221855,0.08704642564068876
3,photo,observation_ridge,10.0,cnn3_cartoon-sketch_seed387_to_photo,cnn3_cartoon-sketch_seed387,cnn3,cartoon|sketch,photo,387,0.3293413173652694,0.5389221556886228,0.5688622754491018,0.3562874251497006,0.3654325993571335,0.9999999999999998,0.999749423915958,0.095190554423842,0.07065311050195566,292,0.6197604790419161,0.5751158194824622,0.04464465955945396,585,0.6766467065868264,0.5954104034880344,0.08123630309879193,1169,0.7065868263473054,0.6146885820450441,0.09189824430226134
3,photo,observation_ridge,10.0,resnet18_art_painting_seed42_to_photo,resnet18_art_painting_seed42,resnet18,art_painting,photo,42,0.5209580838323353,0.6347305389221557,0.6766467065868264,0.5808383233532934,0.5156642870853616,0.999999999999996,1.0,0.0778822888707355,0.0929440455764066,292,0.7305389221556886,0.7143292093588012,0.016209712796887432,585,0.781437125748503,0.7321529354393057,0.049284190309197284,1169,0.781437125748503,0.7488247248168063,0.032612400931696706
3,photo,observation_ridge,10.0,resnet18_art_painting_seed387_to_photo,resnet18_art_painting_seed387,resnet18,art_painting,photo,387,0.5748502994011976,0.6227544910179641,0.6826347305389222,0.592814371257485,0.5200263846192139,0.9999999999984106,1.0,0.0862815715456779,0.08703738782688396,292,0.7574850299401198,0.7072427556178283,0.05024227432229145,585,0.7874251497005988,0.7243825018693082,0.06304264783129065,1169,0.8053892215568862,0.7404802096656031,0.06490901189128306
3,photo,observation_ridge,10.0,resnet18_cartoon_seed42_to_photo,resnet18_cartoon_seed42,resnet18,cartoon,photo,42,0.467065868263473,0.5868263473053892,0.5988023952095808,0.4790419161676646,0.43555439847493055,1.0,1.0,0.0908404715293216,0.08972223182464217,292,0.7065868263473054,0.6609301106011993,0.04565671574610608,585,0.7455089820359282,0.6813747849819293,0.06413419705399892,1169,0.7874251497005988,0.7005408345358057,0.08688431516479311
3,photo,observation_ridge,10.0,resnet18_cartoon_seed387_to_photo,resnet18_cartoon_seed387,resnet18,cartoon,photo,387,0.4730538922155688,0.5868263473053892,0.6167664670658682,0.4850299401197604,0.4436110554493817,0.9999999999999826,1.0,0.0938519075304662,0.09372400378234183,292,0.6946107784431138,0.6732814584171165,0.0213293200259973,585,0.7604790419161677,0.6938318250934241,0.06664721682274355,1169,0.7784431137724551,0.7130436572306202,0.06539945654183488
3,photo,observation_ridge,10.0,resnet18_sketch_seed42_to_photo,resnet18_sketch_seed42,resnet18,sketch,photo,42,0.1736526946107784,0.4850299401197604,0.5508982035928144,0.1676646706586826,0.37494886996372434,1.0,1.0,0.1615741283528092,0.08121064968215218,292,0.6826347305389222,0.6059243300519516,0.07671040048697064,585,0.7485029940119761,0.6274944214410414,0.12100857257093467,1169,0.8023952095808383,0.647835011204345,0.15456019837649337
3,photo,observation_ridge,10.0,resnet18_sketch_seed387_to_photo,resnet18_sketch_seed387,resnet18,sketch,photo,387,0.1736526946107784,0.4491017964071856,0.5389221556886228,0.18562874251497,0.3727865042295083,1.0,1.0,0.1473321720362195,0.07056947130696677,292,0.6377245508982036,0.5799220840051299,0.05780246689307367,585,0.7275449101796407,0.5999757467978545,0.12756916338178625,1169,0.7664670658682635,0.6190261731659015,0.14744089270236205
3,photo,observation_ridge,10.0,resnet18_art_painting-cartoon_seed42_to_photo,resnet18_art_painting-cartoon_seed42,resnet18,art_painting|cartoon,photo,42,0.6586826347305389,0.7305389221556886,0.7604790419161677,0.6586826347305389,0.5578385561068877,0.999999999999603,1.0,0.0923327904708565,0.11605744816920457,292,0.7964071856287425,0.7712913929714693,0.02511579265727315,585,0.8083832335329342,0.7889692532784665,0.019413980254467722,1169,0.8383233532934131,0.8052421156559284,0.03308123763748472
3,photo,observation_ridge,10.0,resnet18_art_painting-cartoon_seed387_to_photo,resnet18_art_painting-cartoon_seed387,resnet18,art_painting|cartoon,photo,387,0.6107784431137725,0.6766467065868264,0.7065868263473054,0.6437125748502994,0.5438722813551196,1.0,1.0,0.0702445706094715,0.08995267917026993,292,0.781437125748503,0.7263565146738167,0.055080611074686314,585,0.7964071856287425,0.7428972874541143,0.053509898174628145,1169,0.8323353293413174,0.7584011145604082,0.07393421478090922
3,photo,observation_ridge,10.0,resnet18_art_painting-sketch_seed42_to_photo,resnet18_art_painting-sketch_seed42,resnet18,art_painting|sketch,photo,42,0.5688622754491018,0.6107784431137725,0.6586826347305389,0.6467065868263473,0.43098097687694326,0.9999999999999608,1.0,0.07041290055522,0.10382231133700681,292,0.7664670658682635,0.6844916280716267,0.08197543779663685,585,0.8143712574850299,0.7063991843965504,0.10797207308847956,1169,0.8143712574850299,0.7267371220360729,0.08763413544895704
3,photo,observation_ridge,10.0,resnet18_art_painting-sketch_seed387_to_photo,resnet18_art_painting-sketch_seed387,resnet18,art_painting|sketch,photo,387,0.5748502994011976,0.6107784431137725,0.6167664670658682,0.6077844311377245,0.46055996539183636,0.9999999999935943,1.0,0.0800378313555579,0.0821305526792061,292,0.7544910179640718,0.6616719750471403,0.09281904291693155,585,0.8173652694610778,0.680394522657646,0.1369707468034318,1169,0.8502994011976048,0.6980386391197787,0.15226076207782613
3,photo,observation_ridge,10.0,resnet18_cartoon-sketch_seed42_to_photo,resnet18_cartoon-sketch_seed42,resnet18,cartoon|sketch,photo,42,0.4191616766467065,0.5269461077844312,0.5808383233532934,0.4251497005988024,0.44161899837002794,0.999999999999994,1.0,0.105341920870941,0.0709484211897154,292,0.6377245508982036,0.626826951406728,0.010897599491475618,585,0.7574850299401198,0.6447348005822833,0.11275022935783652,1169,0.8293413173652695,0.6617423007193541,0.16759901664591537
3,photo,observation_ridge,10.0,resnet18_cartoon-sketch_seed387_to_photo,resnet18_cartoon-sketch_seed387,resnet18,cartoon|sketch,photo,387,0.5389221556886228,0.6167664670658682,0.6826347305389222,0.5,0.47727790060137454,1.0,1.0,0.0965206986556669,0.0998531085651524,292,0.7245508982035929,0.7035534086244438,0.020997489579149042,585,0.7455089820359282,0.7233773864609278,0.02213159557500044,1169,0.8263473053892215,0.7418316700211018,0.08451563536811968
3,photo,metadata_observation_ridge,1.0,cnn3_art_painting_seed42_to_photo,cnn3_art_painting_seed42,cnn3,art_painting,photo,42,0.4910179640718562,0.5688622754491018,0.5748502994011976,0.4580838323353293,0.49378530469384385,1.0,1.0,0.0704769098739613,0.06363727815235576,292,0.6107784431137725,0.6473450309873674,0.0365665878735949,585,0.688622754491018,0.6625625519180012,0.026060202573016777,1169,0.6976047904191617,0.6770883220370576,0.02051646838210408
3,photo,metadata_observation_ridge,1.0,cnn3_art_painting_seed387_to_photo,cnn3_art_painting_seed387,cnn3,art_painting,photo,387,0.4790419161676646,0.5508982035928144,0.5449101796407185,0.4431137724550898,0.4826668934896101,1.0,1.0,0.0617726027191434,0.05466521365428789,292,0.6227544910179641,0.620756255246808,0.0019982357711560983,585,0.6437125748502994,0.6348573549312836,0.008855219919015833,1169,0.6946107784431138,0.6484013198521578,0.04620945859095604
3,photo,metadata_observation_ridge,1.0,cnn3_cartoon_seed42_to_photo,cnn3_cartoon_seed42,cnn3,cartoon,photo,42,0.3592814371257485,0.5089820359281437,0.4910179640718562,0.311377245508982,0.36889205959767235,1.0,0.994525464145285,0.0838638320777813,0.0617576077774418,292,0.5688622754491018,0.553998916018354,0.014863359430747791,585,0.6227544910179641,0.5724586621746728,0.05029582884329131,1169,0.6407185628742516,0.5901022187290994,0.05061634414515215
3,photo,metadata_observation_ridge,1.0,cnn3_cartoon_seed387_to_photo,cnn3_cartoon_seed387,cnn3,cartoon,photo,387,0.4071856287425149,0.5389221556886228,0.5568862275449101,0.3982035928143712,0.42774852149459036,0.999999999999751,0.9936614128830633,0.0550221952466121,0.06972004592531865,292,0.5299401197604791,0.6128065866316613,0.08286646687118226,585,0.5898203592814372,0.6307742224559781,0.04095386317454097,1169,0.6646706586826348,0.647853021217931,0.016817637464703772
3,photo,metadata_observation_ridge,1.0,cnn3_sketch_seed42_to_photo,cnn3_sketch_seed42,cnn3,sketch,photo,42,0.1017964071856287,0.3053892215568862,0.3772455089820359,0.092814371257485,0.13994481084747487,1.0,1.0,0.0840409401656937,0.05222887875049765,292,0.4311377245508982,0.36072960761754713,0.07040811693335108,585,0.5299401197604791,0.38345876001754053,0.14648135974293852,1169,0.5898203592814372,0.4053267363705022,0.18449362291093496
3,photo,metadata_observation_ridge,1.0,cnn3_sketch_seed387_to_photo,cnn3_sketch_seed387,cnn3,sketch,photo,387,0.1017964071856287,0.2994011976047904,0.3712574850299401,0.092814371257485,0.1455026778224338,0.9999999999999998,1.0,0.0919913888809563,0.05255380990763963,292,0.4610778443113772,0.3660318876304991,0.09504595668087812,585,0.5538922155688623,0.3887102116657169,0.16518200390314536,1169,0.6107784431137725,0.41052437779991713,0.20025406531385537
3,photo,metadata_observation_ridge,1.0,cnn3_art_painting-cartoon_seed42_to_photo,cnn3_art_painting-cartoon_seed42,cnn3,art_painting|cartoon,photo,42,0.4550898203592814,0.562874251497006,0.5688622754491018,0.4341317365269461,0.47904519366657683,0.9999999999999288,0.9980682461081034,0.0834302618695599,0.06032799328801156,292,0.6437125748502994,0.6296293484554962,0.014083226394803194,585,0.7065868263473054,0.6447183738121761,0.06186845253512929,1169,0.7245508982035929,0.6591545253309671,0.06539637287262579
3,photo,metadata_observation_ridge,1.0,cnn3_art_painting-cartoon_seed387_to_photo,cnn3_art_painting-cartoon_seed387,cnn3,art_painting|cartoon,photo,387,0.4730538922155688,0.5808383233532934,0.5688622754491018,0.4700598802395209,0.4918875595678537,0.9999999999993554,1.0,0.0762310681486096,0.06146482802484701,292,0.6586826347305389,0.6416278649272946,0.017054769803244274,585,0.7005988023952096,0.656575339820618,0.044023462574591554,1169,0.7245508982035929,0.6708648147325182,0.05368608347107462
3,photo,metadata_observation_ridge,1.0,cnn3_art_painting-sketch_seed42_to_photo,cnn3_art_painting-sketch_seed42,cnn3,art_painting|sketch,photo,42,0.5089820359281437,0.5988023952095808,0.6287425149700598,0.5179640718562875,0.5492230980033594,0.9999999999999984,1.0,0.0527974447618132,0.060670876870633,292,0.625748502994012,0.6806296216030894,0.054881118609077406,585,0.6676646706586826,0.6937818847910213,0.026117214132338695,1169,0.7395209580838323,0.7063620875652085,0.03315887051862387
3,photo,metadata_observation_ridge,1.0,cnn3_art_painting-sketch_seed387_to_photo,cnn3_art_painting-sketch_seed387,cnn3,art_painting|sketch,photo,387,0.4790419161676646,0.5568862275449101,0.5748502994011976,0.467065868263473,0.5053497181691597,0.9999999999999454,1.0,0.0640053530307313,0.05337933695420995,292,0.6317365269461078,0.6347262166142231,0.002989689668115303,585,0.6766467065868264,0.6479942794732839,0.028652427113542434,1169,0.7305389221556886,0.6607494707128009,0.06978945144288773
3,photo,metadata_observation_ridge,1.0,cnn3_cartoon-sketch_seed42_to_photo,cnn3_cartoon-sketch_seed42,cnn3,cartoon|sketch,photo,42,0.3053892215568862,0.5089820359281437,0.5089820359281437,0.3323353293413174,0.3406629385319523,1.0,0.9968379101421367,0.0812078032065945,0.058675970710090626,292,0.5718562874251497,0.526647454797794,0.045208832627355755,585,0.6407185628742516,0.5453869493010863,0.09533161357316522,1169,0.6796407185628742,0.5633361378233283,0.11630458073954597
3,photo,metadata_observation_ridge,1.0,cnn3_cartoon-sketch_seed387_to_photo,cnn3_cartoon-sketch_seed387,cnn3,cartoon|sketch,photo,387,0.3293413173652694,0.5389221556886228,0.5688622754491018,0.3562874251497006,0.38496001085455944,0.9999999999999998,0.9949477421557893,0.095190554423842,0.06613442099898528,292,0.6197604790419161,0.575984194512637,0.043776284529279064,585,0.6766467065868264,0.5947563031148164,0.08189040347200993,1169,0.7065868263473054,0.6126441271705197,0.09394269917678566
3,photo,metadata_observation_ridge,1.0,resnet18_art_painting_seed42_to_photo,resnet18_art_painting_seed42,resnet18,art_painting,photo,42,0.5209580838323353,0.6347305389221557,0.6766467065868264,0.5808383233532934,0.5424789255329084,0.999999999999996,1.0,0.0778822888707355,0.10236928307652815,292,0.7305389221556886,0.744212313613047,0.013673391457358353,585,0.781437125748503,0.7617332676265314,0.019703858121971618,1169,0.781437125748503,0.7780152621068162,0.0034218636416868398
3,photo,metadata_observation_ridge,1.0,resnet18_art_painting_seed387_to_photo,resnet18_art_painting_seed387,resnet18,art_painting,photo,387,0.5748502994011976,0.6227544910179641,0.6826347305389222,0.592814371257485,0.5966046248729859,0.9999999999984106,1.0,0.0862815715456779,0.09171586609752716,292,0.7574850299401198,0.7604037511335235,0.0029187211934037505,585,0.7874251497005988,0.7751614438794613,0.01226370582113756,1169,0.8053892215568862,0.7889770980321715,0.01641212352471466
3,photo,metadata_observation_ridge,1.0,resnet18_cartoon_seed42_to_photo,resnet18_cartoon_seed42,resnet18,cartoon,photo,42,0.467065868263473,0.5868263473053892,0.5988023952095808,0.4790419161676646,0.48149026999643335,1.0,0.9974091662475272,0.0908404715293216,0.09515239140187468,292,0.7065868263473054,0.6969032120751637,0.009683614272141705,585,0.7455089820359282,0.7160834990741817,0.02942548296174652,1169,0.7874251497005988,0.7339967677603172,0.053428381940281655
3,photo,metadata_observation_ridge,1.0,resnet18_cartoon_seed387_to_photo,resnet18_cartoon_seed387,resnet18,cartoon,photo,387,0.4730538922155688,0.5868263473053892,0.6167664670658682,0.4850299401197604,0.49052412362321707,0.9999999999999826,0.9959724279395261,0.0938519075304662,0.09793778838558238,292,0.6946107784431138,0.7061865715927944,0.011575793149680602,585,0.7604790419161677,0.7252059019251831,0.03527313999098458,1169,0.7784431137724551,0.7429346260535448,0.03550848771891035
3,photo,metadata_observation_ridge,1.0,resnet18_sketch_seed42_to_photo,resnet18_sketch_seed42,resnet18,sketch,photo,42,0.1736526946107784,0.4850299401197604,0.5508982035928144,0.1676646706586826,0.2097943006721498,1.0,1.0,0.1615741283528092,0.12634927491428782,292,0.6826347305389222,0.6144743992808946,0.06816033125802756,585,0.7485029940119761,0.646801947000932,0.1017010470110441,1169,0.8023952095808383,0.6763488915398338,0.12604631804100452
3,photo,metadata_observation_ridge,1.0,resnet18_sketch_seed387_to_photo,resnet18_sketch_seed387,resnet18,sketch,photo,387,0.1736526946107784,0.4491017964071856,0.5389221556886228,0.18562874251497,0.1990346133728335,1.0,0.9995472407413578,0.1473321720362195,0.10597566432019782,292,0.6377245508982036,0.5610768695546169,0.07664768134358668,585,0.7275449101796407,0.5921309426856056,0.13541396749403511,1169,0.7664670658682635,0.6209171269656606,0.14554993890260293
3,photo,metadata_observation_ridge,1.0,resnet18_art_painting-cartoon_seed42_to_photo,resnet18_art_painting-cartoon_seed42,resnet18,art_painting|cartoon,photo,42,0.6586826347305389,0.7305389221556886,0.7604790419161677,0.6586826347305389,0.7019658779954214,0.999999999999603,1.0,0.0923327904708565,0.10675571843823631,292,0.7964071856287425,0.8374773989322128,0.04107021330347038,585,0.8083832335329342,0.8490694721701217,0.040686238637187566,1169,0.8383233532934131,0.8598091711471535,0.021485817853740374
3,photo,metadata_observation_ridge,1.0,resnet18_art_painting-cartoon_seed387_to_photo,resnet18_art_painting-cartoon_seed387,resnet18,art_painting|cartoon,photo,387,0.6107784431137725,0.6766467065868264,0.7065868263473054,0.6437125748502994,0.6474340555576061,1.0,1.0,0.0702445706094715,0.09903577714039175,292,0.781437125748503,0.7991220775478429,0.017684951799339932,585,0.7964071856287425,0.8124489635329808,0.01604177790423833,1169,0.8323353293413174,0.8248620795182249,0.007473249823092498
3,photo,metadata_observation_ridge,1.0,resnet18_art_painting-sketch_seed42_to_photo,resnet18_art_painting-sketch_seed42,resnet18,art_painting|sketch,photo,42,0.5688622754491018,0.6107784431137725,0.6586826347305389,0.6467065868263473,0.612677001344005,0.9999999999999608,1.0,0.07041290055522,0.07869440346692991,292,0.7664670658682635,0.752289389487356,0.0141776763809075,585,0.8143712574850299,0.7654393082501725,0.04893194923485744,1169,0.8143712574850299,0.7778612982472088,0.03650995923782108
3,photo,metadata_observation_ridge,1.0,resnet18_art_painting-sketch_seed387_to_photo,resnet18_art_painting-sketch_seed387,resnet18,art_painting|sketch,photo,387,0.5748502994011976,0.6107784431137725,0.6167664670658682,0.6077844311377245,0.6234810995860633,0.9999999999935943,1.0,0.0800378313555579,0.06149523428560941,292,0.7544910179640718,0.7344867617798695,0.020004256184202318,585,0.8173652694610778,0.7455665133682189,0.0717987560928589,1169,0.8502994011976048,0.7561583023315195,0.09414109886608535
3,photo,metadata_observation_ridge,1.0,resnet18_cartoon-sketch_seed42_to_photo,resnet18_cartoon-sketch_seed42,resnet18,cartoon|sketch,photo,42,0.4191616766467065,0.5269461077844312,0.5808383233532934,0.4251497005988024,0.45771261104153194,0.999999999999994,1.0,0.105341920870941,0.07233342022780512,292,0.6377245508982036,0.6404224800681798,0.002697929169976243,585,0.7574850299401198,0.6580063805675587,0.09947864937256112,1169,0.8293413173652695,0.6746902142435376,0.15465110312173191
3,photo,metadata_observation_ridge,1.0,resnet18_cartoon-sketch_seed387_to_photo,resnet18_cartoon-sketch_seed387,resnet18,cartoon|sketch,photo,387,0.5389221556886228,0.6167664670658682,0.6826347305389222,0.5,0.5874179231326038,1.0,0.9999919055130085,0.0965206986556669,0.08898896098475255,292,0.7245508982035929,0.7511188666792027,0.026567968475609827,585,0.7455089820359282,0.7660061043279296,0.020497122292001402,1169,0.8263473053892215,0.7799693699623262,0.04637793542689528
3,photo,metadata_observation_source_ridge,0.1,cnn3_art_painting_seed42_to_photo,cnn3_art_painting_seed42,cnn3,art_painting,photo,42,0.4910179640718562,0.5688622754491018,0.5748502994011976,0.4580838323353293,0.4977102478386116,1.0,1.0,0.0704769098739613,0.0446150148945061,292,0.6107784431137725,0.6101522948808259,0.0006261482329465995,585,0.688622754491018,0.6220237392572296,0.0665990152337883,1169,0.6976047904191617,0.6335057546860212,0.06409903573314046
3,photo,metadata_observation_source_ridge,0.1,cnn3_art_painting_seed387_to_photo,cnn3_art_painting_seed387,cnn3,art_painting,photo,387,0.4790419161676646,0.5508982035928144,0.5449101796407185,0.4431137724550898,0.48412254244221187,1.0,1.0,0.0617726027191434,0.044480990828438025,292,0.6227544910179641,0.5993013910049579,0.023453100013006156,585,0.6437125748502994,0.6114671691935818,0.03224540565671763,1169,0.6946107784431138,0.6232349549805145,0.0713758234625993
3,photo,metadata_observation_source_ridge,0.1,cnn3_cartoon_seed42_to_photo,cnn3_cartoon_seed42,cnn3,cartoon,photo,42,0.3592814371257485,0.5089820359281437,0.4910179640718562,0.311377245508982,0.3800943814776484,1.0,0.9937565464975312,0.0838638320777813,0.050054757935751044,292,0.5688622754491018,0.5319597814019857,0.0369024940471161,585,0.6227544910179641,0.5477072047735613,0.07504728624440282,1169,0.6407185628742516,0.5628808014985973,0.07783776137565424
3,photo,metadata_observation_source_ridge,0.1,cnn3_cartoon_seed387_to_photo,cnn3_cartoon_seed387,cnn3,cartoon,photo,387,0.4071856287425149,0.5389221556886228,0.5568862275449101,0.3982035928143712,0.4486415662208809,0.999999999999751,0.9924936105038231,0.0550221952466121,0.04494954742929755,292,0.5299401197604791,0.5711890286890102,0.04124890892853117,585,0.5898203592814372,0.5841130882737802,0.005707271007657,1169,0.6646706586826348,0.5966102944337597,0.06806036424887507
3,photo,metadata_observation_source_ridge,0.1,cnn3_sketch_seed42_to_photo,cnn3_sketch_seed42,cnn3,sketch,photo,42,0.1017964071856287,0.3053892215568862,0.3772455089820359,0.092814371257485,0.15641438732790558,1.0,1.0,0.0840409401656937,0.03943194850731743,292,0.4311377245508982,0.32569595135080687,0.10544177320009135,585,0.5299401197604791,0.3438765376641255,0.18606358209635354,1169,0.5898203592814372,0.3615239406793056,0.22829641860213157
3,photo,metadata_observation_source_ridge,0.1,cnn3_sketch_seed387_to_photo,cnn3_sketch_seed387,cnn3,sketch,photo,387,0.1017964071856287,0.2994011976047904,0.3712574850299401,0.092814371257485,0.16549690474458367,0.9999999999999998,1.0,0.0919913888809563,0.033796597250236156,292,0.4610778443113772,0.3112585502527616,0.1498192940586156,585,0.5538922155688623,0.327205502489308,0.22668671307955424,1169,0.6107784431137725,0.3427452854851267,0.26803315762864577
3,photo,metadata_observation_source_ridge,0.1,cnn3_art_painting-cartoon_seed42_to_photo,cnn3_art_painting-cartoon_seed42,cnn3,art_painting|cartoon,photo,42,0.4550898203592814,0.562874251497006,0.5688622754491018,0.4341317365269461,0.482902699906532,0.9999999999999288,0.9961510549712069,0.0834302618695599,0.04767273654505401,292,0.6437125748502994,0.6046569418328943,0.03905563301740511,585,0.7065868263473054,0.6173821552970954,0.08920467105021002,1169,0.7245508982035929,0.6296639065297118,0.09488699167388104
3,photo,metadata_observation_source_ridge,0.1,cnn3_art_painting-cartoon_seed387_to_photo,cnn3_art_painting-cartoon_seed387,cnn3,art_painting|cartoon,photo,387,0.4730538922155688,0.5808383233532934,0.5688622754491018,0.4700598802395209,0.4971598007640208,0.9999999999993554,0.9997046583428587,0.0762310681486096,0.0484634100587619,292,0.6586826347305389,0.6180926641484389,0.04058997058210001,585,0.7005988023952096,0.630698957129188,0.06989984526602155,1169,0.7245508982035929,0.64285927394818,0.08169162425541288
3,photo,metadata_observation_source_ridge,0.1,cnn3_art_painting-sketch_seed42_to_photo,cnn3_art_painting-sketch_seed42,cnn3,art_painting|sketch,photo,42,0.5089820359281437,0.5988023952095808,0.6287425149700598,0.5179640718562875,0.576640029437165,0.9999999999999984,1.0,0.0527974447618132,0.03185447306372065,292,0.625748502994012,0.6467118877592114,0.020963384765199433,585,0.6676646706586826,0.6544269450701943,0.013237725588488347,1169,0.7395209580838323,0.6619551309836172,0.07756582710021509
3,photo,metadata_observation_source_ridge,0.1,cnn3_art_painting-sketch_seed387_to_photo,cnn3_art_painting-sketch_seed387,cnn3,art_painting|sketch,photo,387,0.4790419161676646,0.5568862275449101,0.5748502994011976,0.467065868263473,0.5218671790745184,0.9999999999999454,1.0,0.0640053530307313,0.0313805346434394,292,0.6317365269461078,0.5999291291254849,0.03180739782062292,585,0.6766467065868264,0.6085372439501061,0.06810946263672024,1169,0.7305389221556886,0.6169396124792487,0.11359930967643994
3,photo,metadata_observation_source_ridge,0.1,cnn3_cartoon-sketch_seed42_to_photo,cnn3_cartoon-sketch_seed42,cnn3,cartoon|sketch,photo,42,0.3053892215568862,0.5089820359281437,0.5089820359281437,0.3323353293413174,0.3650758755072953,1.0,0.9966229043198763,0.0812078032065945,0.039801193977178156,292,0.5718562874251497,0.49286552658667493,0.07899076083847478,585,0.6407185628742516,0.5065732734869091,0.1341452893873425,1169,0.6796407185628742,0.5198756114581538,0.15976510710472047
3,photo,metadata_observation_source_ridge,0.1,cnn3_cartoon-sketch_seed387_to_photo,cnn3_cartoon-sketch_seed387,cnn3,cartoon|sketch,photo,387,0.3293413173652694,0.5389221556886228,0.5688622754491018,0.3562874251497006,0.4064249974293285,0.9999999999999998,0.9952414266803087,0.095190554423842,0.05494058981611979,292,0.6197604790419161,0.5642697224251475,0.05549075661676861,585,0.6766467065868264,0.5803733751149931,0.09627333147183326,1169,0.7065868263473054,0.5958378236415589,0.1107490027057465
3,photo,metadata_observation_source_ridge,0.1,resnet18_art_painting_seed42_to_photo,resnet18_art_painting_seed42,resnet18,art_painting,photo,42,0.5209580838323353,0.6347305389221557,0.6766467065868264,0.5808383233532934,0.5513409811337524,0.999999999999996,1.0,0.0778822888707355,0.081857998527904,292,0.7305389221556886,0.7181723779511441,0.012366544204544527,585,0.781437125748503,0.7337179797025034,0.04771914604599958,1169,0.781437125748503,0.7483709091187621,0.03306621662974085
3,photo,metadata_observation_source_ridge,0.1,resnet18_art_painting_seed387_to_photo,resnet18_art_painting_seed387,resnet18,art_painting,photo,387,0.5748502994011976,0.6227544910179641,0.6826347305389222,0.592814371257485,0.6133788315248108,0.9999999999984106,1.0,0.0862815715456779,0.07371632924757435,292,0.7574850299401198,0.745646801458896,0.011838228481223845,585,0.7874251497005988,0.7583168475815595,0.029108302119039364,1169,0.8053892215568862,0.770326848401499,0.03506237315538718
3,photo,metadata_observation_source_ridge,0.1,resnet18_cartoon_seed42_to_photo,resnet18_cartoon_seed42,resnet18,cartoon,photo,42,0.467065868263473,0.5868263473053892,0.5988023952095808,0.4790419161676646,0.5024053072729002,1.0,0.9974559793793996,0.0908404715293216,0.0804952475613206,292,0.7065868263473054,0.6840707417557572,0.02251608459154819,585,0.7455089820359282,0.7010772371512478,0.04443174488468038,1169,0.7874251497005988,0.7171223020731102,0.07030284762748862
3,photo,metadata_observation_source_ridge,0.1,resnet18_cartoon_seed387_to_photo,resnet18_cartoon_seed387,resnet18,cartoon,photo,387,0.4730538922155688,0.5868263473053892,0.6167664670658682,0.4850299401197604,0.5058694821695174,0.9999999999999826,0.9940275116806487,0.0938519075304662,0.07408092703396302,292,0.6946107784431138,0.6735389035074201,0.021071874935693735,585,0.7604790419161677,0.6895802894556806,0.07089875246048705,1169,0.7784431137724551,0.7047821627044378,0.07366095106801729
3,photo,metadata_observation_source_ridge,0.1,resnet18_sketch_seed42_to_photo,resnet18_sketch_seed42,resnet18,sketch,photo,42,0.1736526946107784,0.4850299401197604,0.5508982035928144,0.1676646706586826,0.21506127104272627,1.0,1.0,0.1615741283528092,0.12467295682999577,292,0.6826347305389222,0.6133802128388957,0.06925451770002655,585,0.7485029940119761,0.6453877143784694,0.10311527963350664,1169,0.8023952095808383,0.674676111795178,0.12771909778566037
3,photo,metadata_observation_source_ridge,0.1,resnet18_sketch_seed387_to_photo,resnet18_sketch_seed387,resnet18,sketch,photo,387,0.1736526946107784,0.4491017964071856,0.5389221556886228,0.18562874251497,0.20291495026976047,1.0,1.0,0.1473321720362195,0.09510728665898392,292,0.6377245508982036,0.5356049546530457,0.10211959624515787,585,0.7275449101796407,0.5652321401032288,0.16231277007641198,1169,0.7664670658682635,0.5929030663107837,0.1735639995574798
3,photo,metadata_observation_source_ridge,0.1,resnet18_art_painting-cartoon_seed42_to_photo,resnet18_art_painting-cartoon_seed42,resnet18,art_painting|cartoon,photo,42,0.6586826347305389,0.7305389221556886,0.7604790419161677,0.6586826347305389,0.7185831514755261,0.999999999999603,0.9971268301941227,0.0923327904708565,0.07778125020344177,292,0.7964071856287425,0.8180591285544788,0.021651942925736356,585,0.8083832335329342,0.8274577247853593,0.019074491252425108,1169,0.8383233532934131,0.8363416655011623,0.0019816877922508302
3,photo,metadata_observation_source_ridge,0.1,resnet18_art_painting-cartoon_seed387_to_photo,resnet18_art_painting-cartoon_seed387,resnet18,art_painting|cartoon,photo,387,0.6107784431137725,0.6766467065868264,0.7065868263473054,0.6437125748502994,0.6590629208497771,1.0,1.0,0.0702445706094715,0.08236860419031865,292,0.781437125748503,0.78645874362905,0.005021617880547002,585,0.7964071856287425,0.7983090679153918,0.0019018822866493368,1169,0.8323353293413174,0.8094749653197847,0.022860364021532686
3,photo,metadata_observation_source_ridge,0.1,resnet18_art_painting-sketch_seed42_to_photo,resnet18_art_painting-sketch_seed42,resnet18,art_painting|sketch,photo,42,0.5688622754491018,0.6107784431137725,0.6586826347305389,0.6467065868263473,0.6301472453847201,0.9999999999999608,1.0,0.07041290055522,0.06625525404662691,292,0.7664670658682635,0.7461448860642844,0.0203221798039791,585,0.8143712574850299,0.7575394433513342,0.05683181413369576,1169,0.8143712574850299,0.768396336969604,0.045974920515425954
3,photo,metadata_observation_source_ridge,0.1,resnet18_art_painting-sketch_seed387_to_photo,resnet18_art_painting-sketch_seed387,resnet18,art_painting|sketch,photo,387,0.5748502994011976,0.6107784431137725,0.6167664670658682,0.6077844311377245,0.6304306054473474,0.9999999999935943,0.9986766574590789,0.0800378313555579,0.05172519335858375,292,0.7544910179640718,0.724178840582275,0.030312177381796812,585,0.8173652694610778,0.7338461211273273,0.08351914833375051,1169,0.8502994011976048,0.743150365679824,0.10714903551778088
3,photo,metadata_observation_source_ridge,0.1,resnet18_cartoon-sketch_seed42_to_photo,resnet18_cartoon-sketch_seed42,resnet18,cartoon|sketch,photo,42,0.4191616766467065,0.5269461077844312,0.5808383233532934,0.4251497005988024,0.46866170231543486,0.999999999999994,1.0,0.105341920870941,0.06533583180384472,292,0.6377245508982036,0.633396782620405,0.0043277682777985715,585,0.7574850299401198,0.6496289401041151,0.1078560898360047,1169,0.8293413173652695,0.6651050146012409,0.16423630276402856
3,photo,metadata_observation_source_ridge,0.1,resnet18_cartoon-sketch_seed387_to_photo,resnet18_cartoon-sketch_seed387,resnet18,cartoon|sketch,photo,387,0.5389221556886228,0.6167664670658682,0.6826347305389222,0.5,0.6006027141921337,1.0,1.0,0.0965206986556669,0.070064920868988,292,0.7245508982035929,0.7317348704340373,0.007183972230444424,585,0.7455089820359282,0.7444519438743087,0.0010570381616195057,1169,0.8263473053892215,0.7565370334065786,0.06981027198264289
3,photo,metadata_observation_adapted_ridge,1.0,cnn3_art_painting_seed42_to_photo,cnn3_art_painting_seed42,cnn3,art_painting,photo,42,0.4910179640718562,0.5688622754491018,0.5748502994011976,0.4580838323353293,0.49778399887080493,1.0,1.0,0.0704769098739613,0.06055417591601874,292,0.6107784431137725,0.6439496558941369,0.03317121278036439,585,0.688622754491018,0.6585848516729533,0.03003790281806462,1169,0.6976047904191617,0.6725846176103929,0.02502017280876878
3,photo,metadata_observation_adapted_ridge,1.0,cnn3_art_painting_seed387_to_photo,cnn3_art_painting_seed387,cnn3,art_painting,photo,387,0.4790419161676646,0.5508982035928144,0.5449101796407185,0.4431137724550898,0.48475932472353866,1.0,1.0,0.0617726027191434,0.0530817582343913,292,0.6227544910179641,0.6188776039656136,0.003876887052350453,585,0.6437125748502994,0.6326455808096322,0.011066994040667244,1169,0.6946107784431138,0.6458840891089708,0.048726689334143036
3,photo,metadata_observation_adapted_ridge,1.0,cnn3_cartoon_seed42_to_photo,cnn3_cartoon_seed42,cnn3,cartoon,photo,42,0.3592814371257485,0.5089820359281437,0.4910179640718562,0.311377245508982,0.37180674040531436,1.0,0.9963434247722327,0.0838638320777813,0.06314282518935244,292,0.5688622754491018,0.5600356395422905,0.00882663590681132,585,0.6227544910179641,0.5787197813016338,0.04403470971633028,1169,0.6407185628742516,0.5965606943767333,0.04415786849751824
3,photo,metadata_observation_adapted_ridge,1.0,cnn3_cartoon_seed387_to_photo,cnn3_cartoon_seed387,cnn3,cartoon,photo,387,0.4071856287425149,0.5389221556886228,0.5568862275449101,0.3982035928143712,0.43468813887015606,0.999999999999751,0.9957148472882084,0.0550221952466121,0.06971604783681931,292,0.5299401197604791,0.6181398083248292,0.08819968856435012,585,0.5898203592814372,0.635951716216452,0.0461313569350148,1169,0.6646706586826348,0.6528825375797189,0.011788121102915827
3,photo,metadata_observation_adapted_ridge,1.0,cnn3_sketch_seed42_to_photo,cnn3_sketch_seed42,cnn3,sketch,photo,42,0.1017964071856287,0.3053892215568862,0.3772455089820359,0.092814371257485,0.14257300905656628,1.0,1.0,0.0840409401656937,0.05373508437393628,292,0.4311377245508982,0.3681124322100875,0.06302529234081072,585,0.5299401197604791,0.39121500644530427,0.1387251133151748,1169,0.5898203592814372,0.41341909077690925,0.17640126850452792
3,photo,metadata_observation_adapted_ridge,1.0,cnn3_sketch_seed387_to_photo,cnn3_sketch_seed387,cnn3,sketch,photo,387,0.1017964071856287,0.2994011976047904,0.3712574850299401,0.092814371257485,0.14965176925015325,0.9999999999999998,1.0,0.0919913888809563,0.0474660624423708,292,0.4610778443113772,0.3506119089708768,0.11046593534050042,585,0.5538922155688623,0.3716297557048416,0.18226245986402068,1169,0.6107784431137725,0.39191805206674385,0.21886039104702865
3,photo,metadata_observation_adapted_ridge,1.0,cnn3_art_painting-cartoon_seed42_to_photo,cnn3_art_painting-cartoon_seed42,cnn3,art_painting|cartoon,photo,42,0.4550898203592814,0.562874251497006,0.5688622754491018,0.4341317365269461,0.4831467404629327,0.9999999999999288,0.9987405548997331,0.0834302618695599,0.05778250006243623,292,0.6437125748502994,0.6274055252326428,0.01630704961765661,585,0.7065868263473054,0.6419842522589956,0.06460257408830983,1169,0.7245508982035929,0.6559567866166514,0.06859411158694151
3,photo,metadata_observation_adapted_ridge,1.0,cnn3_art_painting-cartoon_seed387_to_photo,cnn3_art_painting-cartoon_seed387,cnn3,art_painting|cartoon,photo,387,0.4730538922155688,0.5808383233532934,0.5688622754491018,0.4700598802395209,0.49497932136531597,0.9999999999993554,1.0,0.0762310681486096,0.06124782562741979,292,0.6586826347305389,0.643369170843953,0.015313463886585943,585,0.7005988023952096,0.6581926080140923,0.04240619438111726,1169,0.7245508982035929,0.6723656345250044,0.052185263678588445
3,photo,metadata_observation_adapted_ridge,1.0,cnn3_art_painting-sketch_seed42_to_photo,cnn3_art_painting-sketch_seed42,cnn3,art_painting|sketch,photo,42,0.5089820359281437,0.5988023952095808,0.6287425149700598,0.5179640718562875,0.5614450661059687,0.9999999999999984,1.0,0.0527974447618132,0.054239957097228814,292,0.625748502994012,0.677729014278182,0.05198051128417003,585,0.6676646706586826,0.6896202682898759,0.021955597631193258,1169,0.7395209580838323,0.7010450616315322,0.038475896452300096
3,photo,metadata_observation_adapted_ridge,1.0,cnn3_art_painting-sketch_seed387_to_photo,cnn3_art_painting-sketch_seed387,cnn3,art_painting|sketch,photo,387,0.4790419161676646,0.5568862275449101,0.5748502994011976,0.467065868263473,0.5121859123363353,0.9999999999999454,1.0,0.0640053530307313,0.050155038823251424,292,0.6317365269461078,0.6331162326636557,0.0013797057175478633,585,0.6766467065868264,0.6456517226227625,0.03099498396406386,1169,0.7305389221556886,0.6577295883270101,0.07280933382867849
3,photo,metadata_observation_adapted_ridge,1.0,cnn3_cartoon-sketch_seed42_to_photo,cnn3_cartoon-sketch_seed42,cnn3,cartoon|sketch,photo,42,0.3053892215568862,0.5089820359281437,0.5089820359281437,0.3323353293413174,0.3447726936094033,1.0,0.9990510081733521,0.0812078032065945,0.058162357682262404,292,0.5718562874251497,0.5288498555791737,0.04300643184597597,585,0.6407185628742516,0.5474290233572461,0.09328953951700547,1169,0.6796407185628742,0.565230975492981,0.11440974306989327
3,photo,metadata_observation_adapted_ridge,1.0,cnn3_cartoon-sketch_seed387_to_photo,cnn3_cartoon-sketch_seed387,cnn3,cartoon|sketch,photo,387,0.3293413173652694,0.5389221556886228,0.5688622754491018,0.3562874251497006,0.3893496141171453,0.9999999999999998,0.9976364436464066,0.095190554423842,0.06850973428593256,292,0.6197604790419161,0.5854402584496221,0.034320220592294004,585,0.6766467065868264,0.6045568638410025,0.07208984274582386,1169,0.7065868263473054,0.6227430259752306,0.08384380037207484
3,photo,metadata_observation_adapted_ridge,1.0,resnet18_art_painting_seed42_to_photo,resnet18_art_painting_seed42,resnet18,art_painting,photo,42,0.5209580838323353,0.6347305389221557,0.6766467065868264,0.5808383233532934,0.5474481955891678,0.999999999999996,1.0,0.0778822888707355,0.09846091106944647,292,0.7305389221556886,0.7413108180476198,0.010771895891931171,585,0.781437125748503,0.7583768288706508,0.02306029687785216,1169,0.781437125748503,0.7742790208223749,0.007158104926128117
3,photo,metadata_observation_adapted_ridge,1.0,resnet18_art_painting_seed387_to_photo,resnet18_art_painting_seed387,resnet18,art_painting,photo,387,0.5748502994011976,0.6227544910179641,0.6826347305389222,0.592814371257485,0.6012183530377058,0.9999999999984106,1.0,0.0862815715456779,0.08822808919912643,292,0.7574850299401198,0.7584048863837868,0.0009198564436669887,585,0.7874251497005988,0.7727369426521897,0.014688207048409119,1169,0.8053892215568862,0.7861865669287035,0.019202654628182714
3,photo,metadata_observation_adapted_ridge,1.0,resnet18_cartoon_seed42_to_photo,resnet18_cartoon_seed42,resnet18,cartoon,photo,42,0.467065868263473,0.5868263473053892,0.5988023952095808,0.4790419161676646,0.48617164564453286,1.0,0.9989753243258558,0.0908404715293216,0.09465069378645147,292,0.7065868263473054,0.6994314792674263,0.007155347079879082,585,0.7455089820359282,0.7184528232485536,0.02705615878737455,1169,0.7874251497005988,0.7362238197823078,0.05120132991829107
3,photo,metadata_observation_adapted_ridge,1.0,resnet18_cartoon_seed387_to_photo,resnet18_cartoon_seed387,resnet18,cartoon,photo,387,0.4730538922155688,0.5868263473053892,0.6167664670658682,0.4850299401197604,0.49836740119176587,0.9999999999999826,0.9978199822930336,0.0938519075304662,0.09578684564628008,292,0.6946107784431138,0.7079516353313949,0.013340856888281127,585,0.7604790419161677,0.7265722724311794,0.033906769484988275,1169,0.7784431137724551,0.7439552238029908,0.03448788996946428
3,photo,metadata_observation_adapted_ridge,1.0,resnet18_sketch_seed42_to_photo,resnet18_sketch_seed42,resnet18,sketch,photo,42,0.1736526946107784,0.4850299401197604,0.5508982035928144,0.1676646706586826,0.21012464494498706,1.0,1.0,0.1615741283528092,0.1285926544109157,292,0.6826347305389222,0.6195150279335297,0.06311970260539246,585,0.7485029940119761,0.6519615210177144,0.09654147299426163,1169,0.8023952095808383,0.6815711565971438,0.12082405298369447
3,photo,metadata_observation_adapted_ridge,1.0,resnet18_sketch_seed387_to_photo,resnet18_sketch_seed387,resnet18,sketch,photo,387,0.1736526946107784,0.4491017964071856,0.5389221556886228,0.18562874251497,0.2028780867471704,1.0,1.0,0.1473321720362195,0.10472170389150387,292,0.6377245508982036,0.5602658770428263,0.0774586738553773,585,0.7275449101796407,0.5910541609277999,0.1364907492518408,1169,0.7664670658682635,0.6196187537776185,0.14684831209064497
3,photo,metadata_observation_adapted_ridge,1.0,resnet18_art_painting-cartoon_seed42_to_photo,resnet18_art_painting-cartoon_seed42,resnet18,art_painting|cartoon,photo,42,0.6586826347305389,0.7305389221556886,0.7604790419161677,0.6586826347305389,0.7085870141833618,0.999999999999603,1.0,0.0923327904708565,0.10419585240705619,292,0.7964071856287425,0.8387604690066222,0.04235328337787969,585,0.8083832335329342,0.8499950988082443,0.041611865275310134,1169,0.8383233532934131,0.86042210013675,0.022098746843336903
3,photo,metadata_observation_adapted_ridge,1.0,resnet18_art_painting-cartoon_seed387_to_photo,resnet18_art_painting-cartoon_seed387,resnet18,art_painting|cartoon,photo,387,0.6107784431137725,0.6766467065868264,0.7065868263473054,0.6437125748502994,0.6509985854162195,1.0,1.0,0.0702445706094715,0.0995516108824536,292,0.781437125748503,0.8017347774614448,0.020297651712941844,585,0.7964071856287425,0.8149545031574441,0.018547317528701646,1169,0.8323353293413174,0.8272634098750707,0.005071919466246633
3,photo,metadata_observation_adapted_ridge,1.0,resnet18_art_painting-sketch_seed42_to_photo,resnet18_art_painting-sketch_seed42,resnet18,art_painting|sketch,photo,42,0.5688622754491018,0.6107784431137725,0.6586826347305389,0.6467065868263473,0.6158004778592774,0.9999999999999608,1.0,0.07041290055522,0.07906748597126877,292,0.7664670658682635,0.7548071512968164,0.011659914571447105,585,0.8143712574850299,0.7678834459859074,0.04648781149912251,1169,0.8143712574850299,0.7802326973749704,0.03413856011005956
3,photo,metadata_observation_adapted_ridge,1.0,resnet18_art_painting-sketch_seed387_to_photo,resnet18_art_painting-sketch_seed387,resnet18,art_painting|sketch,photo,387,0.5748502994011976,0.6107784431137725,0.6167664670658682,0.6077844311377245,0.6266904303584299,0.9999999999935943,1.0,0.0800378313555579,0.06089564236210716,292,0.7544910179640718,0.7358518127270515,0.01863920523702034,585,0.8173652694610778,0.7467693791754674,0.07059589028561042,1169,0.8502994011976048,0.75721045898369,0.09308894221391484
3,photo,metadata_observation_adapted_ridge,1.0,resnet18_cartoon-sketch_seed42_to_photo,resnet18_cartoon-sketch_seed42,resnet18,cartoon|sketch,photo,42,0.4191616766467065,0.5269461077844312,0.5808383233532934,0.4251497005988024,0.46081385496943217,0.999999999999994,1.0,0.105341920870941,0.07272008462420172,292,0.6377245508982036,0.6432632085365503,0.005538657638346711,585,0.7574850299401198,0.6607991162142697,0.09668591372585011,1169,0.8293413173652695,0.6774329603555782,0.1519083570096913
3,photo,metadata_observation_adapted_ridge,1.0,resnet18_cartoon-sketch_seed387_to_photo,resnet18_cartoon-sketch_seed387,resnet18,cartoon|sketch,photo,387,0.5389221556886228,0.6167664670658682,0.6826347305389222,0.5,0.5924465754955488,1.0,1.0,0.0965206986556669,0.08968973121683868,292,0.7245508982035929,0.7551321021698704,0.030581203966277504,585,0.7455089820359282,0.7698915571911045,0.024382575155176278,1169,0.8263473053892215,0.7837282564746035,0.042619048914617985
3,photo,metadata_observation_change_ridge,1.0,cnn3_art_painting_seed42_to_photo,cnn3_art_painting_seed42,cnn3,art_painting,photo,42,0.4910179640718562,0.5688622754491018,0.5748502994011976,0.4580838323353293,0.49555475943029,1.0,1.0,0.0704769098739613,0.0648538588394221,292,0.6107784431137725,0.6509978162482895,0.040219373134516956,585,0.688622754491018,0.6663391993750059,0.0222835551160121,1169,0.6976047904191617,0.6809708725628496,0.016633917856312075
3,photo,metadata_observation_change_ridge,1.0,cnn3_art_painting_seed387_to_photo,cnn3_art_painting_seed387,cnn3,art_painting,photo,387,0.4790419161676646,0.5508982035928144,0.5449101796407185,0.4431137724550898,0.4849967986664472,1.0,1.0,0.0617726027191434,0.05607565688021112,292,0.6227544910179641,0.6254768163748012,0.002722325356837141,585,0.6437125748502994,0.6397547595057259,0.003957815344573512,1169,0.6946107784431138,0.6534551963818629,0.04115558206125092
3,photo,metadata_observation_change_ridge,1.0,cnn3_cartoon_seed42_to_photo,cnn3_cartoon_seed42,cnn3,cartoon,photo,42,0.3592814371257485,0.5089820359281437,0.4910179640718562,0.311377245508982,0.36862838579122825,1.0,0.9938200832548255,0.0838638320777813,0.06190746857249714,292,0.5688622754491018,0.5539791213437417,0.014883154105360119,585,0.6227544910179641,0.5724539107492834,0.05030058026868067,1169,0.6407185628742516,0.5901100135165038,0.05060854935774772
3,photo,metadata_observation_change_ridge,1.0,cnn3_cartoon_seed387_to_photo,cnn3_cartoon_seed387,cnn3,cartoon,photo,387,0.4071856287425149,0.5389221556886228,0.5568862275449101,0.3982035928143712,0.4286447032817514,0.999999999999751,0.9922112424517427,0.0550221952466121,0.06911703660981137,292,0.5299401197604791,0.6116341708507009,0.08169405109022188,585,0.5898203592814372,0.6294371044608402,0.03961674517940306,1169,0.6646706586826348,0.6463664145883854,0.018304244094249356
3,photo,metadata_observation_change_ridge,1.0,cnn3_sketch_seed42_to_photo,cnn3_sketch_seed42,cnn3,sketch,photo,42,0.1017964071856287,0.3053892215568862,0.3772455089820359,0.092814371257485,0.1322379814535529,1.0,1.0,0.0840409401656937,0.05732890548466502,292,0.4311377245508982,0.37341814122991634,0.05771958332098187,585,0.5299401197604791,0.3978286393494067,0.13211148041107235,1169,0.5898203592814372,0.4212314814920023,0.16858887778943488
3,photo,metadata_observation_change_ridge,1.0,cnn3_sketch_seed387_to_photo,cnn3_sketch_seed387,cnn3,sketch,photo,387,0.1017964071856287,0.2994011976047904,0.3712574850299401,0.092814371257485,0.14463324631724694,0.9999999999999998,1.0,0.0919913888809563,0.05615949018949853,292,0.4610778443113772,0.37825208407467825,0.08282576023669896,585,0.5538922155688623,0.40198972358602114,0.15190249198284111,1169,0.6107784431137725,0.42476591440987005,0.18601252870390245
3,photo,metadata_observation_change_ridge,1.0,cnn3_art_painting-cartoon_seed42_to_photo,cnn3_art_painting-cartoon_seed42,cnn3,art_painting|cartoon,photo,42,0.4550898203592814,0.562874251497006,0.5688622754491018,0.4341317365269461,0.48134988777130666,0.9999999999999288,0.9985429392011133,0.0834302618695599,0.05829721806375455,292,0.6437125748502994,0.6271435699551248,0.016569004895174655,585,0.7065868263473054,0.6418521041679764,0.06473472217932896,1169,0.7245508982035929,0.655944025813805,0.06860687238978791
3,photo,metadata_observation_change_ridge,1.0,cnn3_art_painting-cartoon_seed387_to_photo,cnn3_art_painting-cartoon_seed387,cnn3,art_painting|cartoon,photo,387,0.4730538922155688,0.5808383233532934,0.5688622754491018,0.4700598802395209,0.49329849975730844,0.9999999999993554,1.0,0.0762310681486096,0.06376383141531007,292,0.6586826347305389,0.6472595544910182,0.011423080239520655,585,0.7005988023952096,0.6625103697452132,0.038088432649996395,1169,0.7245508982035929,0.6770666453274496,0.04748425287614322
3,photo,metadata_observation_change_ridge,1.0,cnn3_art_painting-sketch_seed42_to_photo,cnn3_art_painting-sketch_seed42,cnn3,art_painting|sketch,photo,42,0.5089820359281437,0.5988023952095808,0.6287425149700598,0.5179640718562875,0.5499556574630455,0.9999999999999984,1.0,0.0527974447618132,0.06451219125274756,292,0.625748502994012,0.688030403739161,0.062281900745149055,585,0.6676646706586826,0.701673271068891,0.03400860041020837,1169,0.7395209580838323,0.7146880818839898,0.024832876199842535
3,photo,metadata_observation_change_ridge,1.0,cnn3_art_painting-sketch_seed387_to_photo,cnn3_art_painting-sketch_seed387,cnn3,art_painting|sketch,photo,387,0.4790419161676646,0.5568862275449101,0.5748502994011976,0.467065868263473,0.5084907662063316,0.9999999999999454,1.0,0.0640053530307313,0.057675006728965215,292,0.6317365269461078,0.6457946842749124,0.014058157328804555,585,0.6766467065868264,0.6596755372950667,0.01697116929175968,1169,0.7305389221556886,0.6729802057597247,0.05755871639596388
3,photo,metadata_observation_change_ridge,1.0,cnn3_cartoon-sketch_seed42_to_photo,cnn3_cartoon-sketch_seed42,cnn3,cartoon|sketch,photo,42,0.3053892215568862,0.5089820359281437,0.5089820359281437,0.3323353293413174,0.3514664499840522,1.0,0.9981475547846748,0.0812078032065945,0.059911309034876736,292,0.5718562874251497,0.5380002281029269,0.0338560593222228,585,0.6407185628742516,0.5567175982290424,0.08400096464520912,1169,0.6796407185628742,0.5746302694114703,0.1050104491514039
3,photo,metadata_observation_change_ridge,1.0,cnn3_cartoon-sketch_seed387_to_photo,cnn3_cartoon-sketch_seed387,cnn3,cartoon|sketch,photo,387,0.3293413173652694,0.5389221556886228,0.5688622754491018,0.3562874251497006,0.38758986067444645,0.9999999999999998,0.994902630862382,0.095190554423842,0.0672594982454946,292,0.6197604790419161,0.5804335529487695,0.039326926093146586,585,0.6766467065868264,0.5993129006882054,0.07733380589862093,1169,0.7065868263473054,0.6172889053118182,0.08929792103548717
3,photo,metadata_observation_change_ridge,1.0,resnet18_art_painting_seed42_to_photo,resnet18_art_painting_seed42,resnet18,art_painting,photo,42,0.5209580838323353,0.6347305389221557,0.6766467065868264,0.5808383233532934,0.5432004937597092,0.999999999999996,1.0,0.0778822888707355,0.10518810786294142,292,0.7305389221556886,0.7486722238330663,0.0181333016773777,585,0.781437125748503,0.7663446589771372,0.015092466771365776,1169,0.781437125748503,0.782735404949225,0.0012982792007220079
3,photo,metadata_observation_change_ridge,1.0,resnet18_art_painting_seed387_to_photo,resnet18_art_painting_seed387,resnet18,art_painting,photo,387,0.5748502994011976,0.6227544910179641,0.6826347305389222,0.592814371257485,0.5990345030156752,0.9999999999984106,1.0,0.0862815715456779,0.09470571430710353,292,0.7574850299401198,0.7658573425438079,0.008372312603688092,585,0.7874251497005988,0.7807340058439409,0.006691143856657922,1169,0.8053892215568862,0.7946322383801192,0.010756983176766988
3,photo,metadata_observation_change_ridge,1.0,resnet18_cartoon_seed42_to_photo,resnet18_cartoon_seed42,resnet18,cartoon,photo,42,0.467065868263473,0.5868263473053892,0.5988023952095808,0.4790419161676646,0.482225625304567,1.0,0.9967347312942212,0.0908404715293216,0.09528479792984149,292,0.7065868263473054,0.6972752398165094,0.009311586530796001,585,0.7455089820359282,0.716414462805312,0.029094519230616234,1169,0.7874251497005988,0.73428774164419,0.053137408056408875
3,photo,metadata_observation_change_ridge,1.0,resnet18_cartoon_seed387_to_photo,resnet18_cartoon_seed387,resnet18,cartoon,photo,387,0.4730538922155688,0.5868263473053892,0.6167664670658682,0.4850299401197604,0.4908342084918901,0.9999999999999826,0.9951507422709485,0.0938519075304662,0.09904332904201636,292,0.6946107784431138,0.707823751055242,0.013212972612128171,585,0.7604790419161677,0.7268873499236294,0.03359169199253831,1169,0.7784431137724551,0.7446437430453212,0.033799370727133904
3,photo,metadata_observation_change_ridge,1.0,resnet18_sketch_seed42_to_photo,resnet18_sketch_seed42,resnet18,sketch,photo,42,0.1736526946107784,0.4850299401197604,0.5508982035928144,0.1676646706586826,0.21043766020830737,1.0,1.0,0.1615741283528092,0.125882259433386,292,0.6826347305389222,0.6137650628862222,0.06886966765269997,585,0.7485029940119761,0.6460375279064374,0.10246546610553864,1169,0.8023952095808383,0.675543666075721,0.1268515435051173
3,photo,metadata_observation_change_ridge,1.0,resnet18_sketch_seed387_to_photo,resnet18_sketch_seed387,resnet18,sketch,photo,387,0.1736526946107784,0.4491017964071856,0.5389221556886228,0.18562874251497,0.19531735755038304,1.0,0.9996079118024066,0.1473321720362195,0.10889195248777701,292,0.6377245508982036,0.5663056693949691,0.0714188815032345,585,0.7275449101796407,0.5978067459042633,0.12973816427537743,1169,0.7664670658682635,0.6269483926865658,0.13951867318169775
3,photo,metadata_observation_change_ridge,1.0,resnet18_art_painting-cartoon_seed42_to_photo,resnet18_art_painting-cartoon_seed42,resnet18,art_painting|cartoon,photo,42,0.6586826347305389,0.7305389221556886,0.7604790419161677,0.6586826347305389,0.7034970658473547,0.999999999999603,1.0,0.0923327904708565,0.10836490490917566,292,0.7964071856287425,0.8397835442002831,0.04337635857154065,585,0.8083832335329342,0.8513769965574267,0.04299376302449254,1169,0.8383233532934131,0.8621060137846219,0.023782660491208807
3,photo,metadata_observation_change_ridge,1.0,resnet18_art_painting-cartoon_seed387_to_photo,resnet18_art_painting-cartoon_seed387,resnet18,art_painting|cartoon,photo,387,0.6107784431137725,0.6766467065868264,0.7065868263473054,0.6437125748502994,0.6500396766494476,1.0,1.0,0.0702445706094715,0.10247179136191015,292,0.781437125748503,0.8044605159054863,0.023023390156983292,585,0.7964071856287425,0.8178675279998978,0.02146034237115535,1169,0.8323353293413174,0.8303256056548362,0.002009723686481224
3,photo,metadata_observation_change_ridge,1.0,resnet18_art_painting-sketch_seed42_to_photo,resnet18_art_painting-sketch_seed42,resnet18,art_painting|sketch,photo,42,0.5688622754491018,0.6107784431137725,0.6586826347305389,0.6467065868263473,0.6157432448263913,0.9999999999999608,1.0,0.07041290055522,0.07940395685140443,292,0.7664670658682635,0.7552388635601742,0.011228202308089297,585,0.8143712574850299,0.7683461682497665,0.04602508923526338,1169,0.8143712574850299,0.7807218223377645,0.03364943514726537
3,photo,metadata_observation_change_ridge,1.0,resnet18_art_painting-sketch_seed387_to_photo,resnet18_art_painting-sketch_seed387,resnet18,art_painting|sketch,photo,387,0.5748502994011976,0.6107784431137725,0.6167664670658682,0.6077844311377245,0.6269119530982672,0.9999999999935943,1.0,0.0800378313555579,0.06258625666600554,292,0.7544910179640718,0.7385315302545813,0.015959487709490516,585,0.8173652694610778,0.7496319051691254,0.06773336429195242,1169,0.8502994011976048,0.7602353971253694,0.09006400407223547
3,photo,metadata_observation_change_ridge,1.0,resnet18_cartoon-sketch_seed42_to_photo,resnet18_cartoon-sketch_seed42,resnet18,cartoon|sketch,photo,42,0.4191616766467065,0.5269461077844312,0.5808383233532934,0.4251497005988024,0.4590803160567333,0.999999999999994,1.0,0.105341920870941,0.07545226899617952,292,0.6377245508982036,0.6476274848567039,0.009902933958500282,585,0.7574850299401198,0.6655827816559193,0.09190224828420046,1169,0.8293413173652695,0.6825822559998274,0.14675906136544214
3,photo,metadata_observation_change_ridge,1.0,resnet18_cartoon-sketch_seed387_to_photo,resnet18_cartoon-sketch_seed387,resnet18,cartoon|sketch,photo,387,0.5389221556886228,0.6167664670658682,0.6826347305389222,0.5,0.589358660347691,1.0,1.0,0.0965206986556669,0.09147953247170296,292,0.7245508982035929,0.7557723832546887,0.031221485051095788,585,0.7455089820359282,0.7707777937727343,0.025268811736806063,1169,0.8263473053892215,0.7848276515473696,0.04151965384185197
3,photo,metadata_observation_adapted_change_ridge,0.1,cnn3_art_painting_seed42_to_photo,cnn3_art_painting_seed42,cnn3,art_painting,photo,42,0.4910179640718562,0.5688622754491018,0.5748502994011976,0.4580838323353293,0.5035949363517799,1.0,1.0,0.0704769098739613,0.04644316706324136,292,0.6107784431137725,0.6186997781870259,0.007921335073253433,585,0.688622754491018,0.6307791042922408,0.05784365019877713,1169,0.6976047904191617,0.6424474049868889,0.055157385432272776
3,photo,metadata_observation_adapted_change_ridge,0.1,cnn3_art_painting_seed387_to_photo,cnn3_art_painting_seed387,cnn3,art_painting,photo,387,0.4790419161676646,0.5508982035928144,0.5449101796407185,0.4431137724550898,0.494694549484589,1.0,1.0,0.0617726027191434,0.046098489864846506,292,0.6227544910179641,0.6111025362721011,0.011651954745863002,585,0.6437125748502994,0.6233325580892342,0.020380016761065267,1169,0.6946107784431138,0.6351492461170716,0.05946153232604223
3,photo,metadata_observation_adapted_change_ridge,0.1,cnn3_cartoon_seed42_to_photo,cnn3_cartoon_seed42,cnn3,cartoon,photo,42,0.3592814371257485,0.5089820359281437,0.4910179640718562,0.311377245508982,0.38333262733582585,1.0,0.9928364171950826,0.0838638320777813,0.05332340390154116,292,0.5688622754491018,0.5426062076944795,0.026256067754622303,585,0.6227544910179641,0.558943373100818,0.06381111791714611,1169,0.6407185628742516,0.5746496401429189,0.06606892273133269
3,photo,metadata_observation_adapted_change_ridge,0.1,cnn3_cartoon_seed387_to_photo,cnn3_cartoon_seed387,cnn3,cartoon,photo,387,0.4071856287425149,0.5389221556886228,0.5568862275449101,0.3982035928143712,0.45809255196527615,0.999999999999751,0.9897202997485227,0.0550221952466121,0.047609715155278245,292,0.5299401197604791,0.5840616173580129,0.05412149759753382,585,0.5898203592814372,0.5972300943805477,0.0074097350991105815,1169,0.6646706586826348,0.6099402163644957,0.05473044231813906
3,photo,metadata_observation_adapted_change_ridge,0.1,cnn3_sketch_seed42_to_photo,cnn3_sketch_seed42,cnn3,sketch,photo,42,0.1017964071856287,0.3053892215568862,0.3772455089820359,0.092814371257485,0.14457739895627772,1.0,1.0,0.0840409401656937,0.05453834093291773,292,0.4311377245508982,0.37245936445890854,0.05867836009198968,585,0.5299401197604791,0.3957395403963625,0.13420057936411656,1169,0.5898203592814372,0.4181018801607844,0.17171847912065274
3,photo,metadata_observation_adapted_change_ridge,0.1,cnn3_sketch_seed387_to_photo,cnn3_sketch_seed387,cnn3,sketch,photo,387,0.1017964071856287,0.2994011976047904,0.3712574850299401,0.092814371257485,0.1751321476513284,0.9999999999999998,1.0,0.0919913888809563,0.03979195289050004,292,0.4610778443113772,0.3420045386445485,0.11907330566682872,585,0.5538922155688623,0.35990515946527907,0.1939870561035832,1169,0.6107784431137725,0.3772764775375296,0.23350196557624292
3,photo,metadata_observation_adapted_change_ridge,0.1,cnn3_art_painting-cartoon_seed42_to_photo,cnn3_art_painting-cartoon_seed42,cnn3,art_painting|cartoon,photo,42,0.4550898203592814,0.562874251497006,0.5688622754491018,0.4341317365269461,0.48423138914921204,0.9999999999999288,0.9957307319990436,0.0834302618695599,0.043847520447311265,292,0.6437125748502994,0.5970006044371984,0.046711970413101045,585,0.7065868263473054,0.6089368173711677,0.09765000897613774,1169,0.7245508982035929,0.6204876124449914,0.10406328575860146
3,photo,metadata_observation_adapted_change_ridge,0.1,cnn3_art_painting-cartoon_seed387_to_photo,cnn3_art_painting-cartoon_seed387,cnn3,art_painting|cartoon,photo,387,0.4730538922155688,0.5808383233532934,0.5688622754491018,0.4700598802395209,0.498451710565034,0.9999999999993554,1.0,0.0762310681486096,0.05352331771619456,292,0.6586826347305389,0.6299351688804896,0.02874746585004928,585,0.7005988023952096,0.6434128490176095,0.05718595337760002,1169,0.7245508982035929,0.6563682634242232,0.0681826347793697
3,photo,metadata_observation_adapted_change_ridge,0.1,cnn3_art_painting-sketch_seed42_to_photo,cnn3_art_painting-sketch_seed42,cnn3,art_painting|sketch,photo,42,0.5089820359281437,0.5988023952095808,0.6287425149700598,0.5179640718562875,0.5784462833438815,0.9999999999999984,1.0,0.0527974447618132,0.04104339485778926,292,0.625748502994012,0.666109316757997,0.04036081376398504,585,0.6676646706586826,0.6754743653856115,0.007809694726928829,1169,0.7395209580838323,0.6845546289412185,0.05496632914261379
3,photo,metadata_observation_adapted_change_ridge,0.1,cnn3_art_painting-sketch_seed387_to_photo,cnn3_art_painting-sketch_seed387,cnn3,art_painting|sketch,photo,387,0.4790419161676646,0.5568862275449101,0.5748502994011976,0.467065868263473,0.5269873793121815,0.9999999999999454,1.0,0.0640053530307313,0.03893496931292881,292,0.6317365269461078,0.6208375564795168,0.010898970466591051,585,0.6766467065868264,0.6309334205337113,0.04571328605311509,1169,0.7305389221556886,0.6407365747771937,0.0898023473784949
3,photo,metadata_observation_adapted_change_ridge,0.1,cnn3_cartoon-sketch_seed42_to_photo,cnn3_cartoon-sketch_seed42,cnn3,cartoon|sketch,photo,42,0.3053892215568862,0.5089820359281437,0.5089820359281437,0.3323353293413174,0.39869854763130386,1.0,0.9950625244368441,0.0812078032065945,0.03977253596351696,292,0.5718562874251497,0.5192916840108458,0.05256460341430391,585,0.6407185628742516,0.5322286952301567,0.10848986764409485,1169,0.6796407185628742,0.5447833412397384,0.13485737732313585
3,photo,metadata_observation_adapted_change_ridge,0.1,cnn3_cartoon-sketch_seed387_to_photo,cnn3_cartoon-sketch_seed387,cnn3,cartoon|sketch,photo,387,0.3293413173652694,0.5389221556886228,0.5688622754491018,0.3562874251497006,0.4174982886003479,0.9999999999999998,0.9938526474508464,0.095190554423842,0.060208997123648,292,0.6197604790419161,0.5844393383093143,0.03532114073260184,585,0.6766467065868264,0.6011740398254246,0.07547266676140174,1169,0.7065868263473054,0.6171859812173982,0.0894008451299072
3,photo,metadata_observation_adapted_change_ridge,0.1,resnet18_art_painting_seed42_to_photo,resnet18_art_painting_seed42,resnet18,art_painting,photo,42,0.5209580838323353,0.6347305389221557,0.6766467065868264,0.5808383233532934,0.5624261355249671,0.999999999999996,1.0,0.0778822888707355,0.0861331607313641,292,0.7305389221556886,0.7317299012039442,0.0011909790482556026,585,0.781437125748503,0.747277677413955,0.03415944833454798,1169,0.781437125748503,0.7618893456745552,0.01954778007394775
3,photo,metadata_observation_adapted_change_ridge,0.1,resnet18_art_painting_seed387_to_photo,resnet18_art_painting_seed387,resnet18,art_painting,photo,387,0.5748502994011976,0.6227544910179641,0.6826347305389222,0.592814371257485,0.6331598921120898,0.9999999999984106,1.0,0.0862815715456779,0.07787742181155935,292,0.7574850299401198,0.7642978618107751,0.006812831870655289,585,0.7874251497005988,0.7766838755160482,0.01074127418455062,1169,0.8053892215568862,0.788390866934688,0.01699835462219823
3,photo,metadata_observation_adapted_change_ridge,0.1,resnet18_cartoon_seed42_to_photo,resnet18_cartoon_seed42,resnet18,cartoon,photo,42,0.467065868263473,0.5868263473053892,0.5988023952095808,0.4790419161676646,0.5106838338566762,1.0,0.9957952587072042,0.0908404715293216,0.08291470623397104,292,0.7065868263473054,0.6928934275976855,0.013693398749619945,585,0.7455089820359282,0.7098110289979629,0.0356979530379653,1169,0.7874251497005988,0.7257455125355488,0.061679637165050094
3,photo,metadata_observation_adapted_change_ridge,0.1,resnet18_cartoon_seed387_to_photo,resnet18_cartoon_seed387,resnet18,cartoon,photo,387,0.4730538922155688,0.5868263473053892,0.6167664670658682,0.4850299401197604,0.5156186534650156,0.9999999999999826,0.9922830212405499,0.0938519075304662,0.07829491656996149,292,0.6946107784431138,0.6867420226541052,0.007868755789008586,585,0.7604790419161677,0.7028817894561179,0.057597252460049764,1169,0.7784431137724551,0.7181323382750849,0.060310775497370184
3,photo,metadata_observation_adapted_change_ridge,0.1,resnet18_sketch_seed42_to_photo,resnet18_sketch_seed42,resnet18,sketch,photo,42,0.1736526946107784,0.4850299401197604,0.5508982035928144,0.1676646706586826,0.21641880166336003,1.0,1.0,0.1615741283528092,0.12631965579551735,292,0.6826347305389222,0.6176420380492595,0.06499269248966266,585,0.7485029940119761,0.6496967773899318,0.09880621662204425,1169,0.8023952095808383,0.6789949795116579,0.12340023006918044
3,photo,metadata_observation_adapted_change_ridge,0.1,resnet18_sketch_seed387_to_photo,resnet18_sketch_seed387,resnet18,sketch,photo,387,0.1736526946107784,0.4491017964071856,0.5389221556886228,0.18562874251497,0.20034039141166082,1.0,1.0,0.1473321720362195,0.1034375475451157,292,0.6377245508982036,0.5556364545112147,0.08208809638698888,585,0.7275449101796407,0.586380868113853,0.1411640420657877,1169,0.7664670658682635,0.6149301293517573,0.15153693651650624
3,photo,metadata_observation_adapted_change_ridge,0.1,resnet18_art_painting-cartoon_seed42_to_photo,resnet18_art_painting-cartoon_seed42,resnet18,art_painting|cartoon,photo,42,0.6586826347305389,0.7305389221556886,0.7604790419161677,0.6586826347305389,0.7303193753852137,0.999999999999603,0.9956983052641717,0.0923327904708565,0.08145368728153514,292,0.7964071856287425,0.8286158014411911,0.032208615812448604,585,0.8083832335329342,0.8377878187228319,0.029404585189897747,1169,0.8383233532934131,0.8464355731218142,0.008112219828401046
3,photo,metadata_observation_adapted_change_ridge,0.1,resnet18_art_painting-cartoon_seed387_to_photo,resnet18_art_painting-cartoon_seed387,resnet18,art_painting|cartoon,photo,387,0.6107784431137725,0.6766467065868264,0.7065868263473054,0.6437125748502994,0.6770051912428341,1.0,0.9995926879120036,0.0702445706094715,0.08816408790084759,292,0.781437125748503,0.8040874503340677,0.022650324585564707,585,0.7964071856287425,0.8156771754433676,0.019269989814625132,1169,0.8323353293413174,0.8265537972037668,0.005781532137550616
3,photo,metadata_observation_adapted_change_ridge,0.1,resnet18_art_painting-sketch_seed42_to_photo,resnet18_art_painting-sketch_seed42,resnet18,art_painting|sketch,photo,42,0.5688622754491018,0.6107784431137725,0.6586826347305389,0.6467065868263473,0.6451958736997676,0.9999999999999608,1.0,0.07041290055522,0.06767478127777256,292,0.7664670658682635,0.7584294793676885,0.008037586500575067,585,0.8143712574850299,0.769499540131024,0.04487171735400597,1169,0.8143712574850299,0.7800368882753095,0.03433436920972044
3,photo,metadata_observation_adapted_change_ridge,0.1,resnet18_art_painting-sketch_seed387_to_photo,resnet18_art_painting-sketch_seed387,resnet18,art_painting|sketch,photo,387,0.5748502994011976,0.6107784431137725,0.6167664670658682,0.6077844311377245,0.6429810938726821,0.9999999999935943,0.997966214233501,0.0800378313555579,0.05217167716656741,292,0.7544910179640718,0.7340235912048827,0.02046742675918911,585,0.8173652694610778,0.7433979340283058,0.07396733543277201,1169,0.8502994011976048,0.7524174531829525,0.09788194801465233
3,photo,metadata_observation_adapted_change_ridge,0.1,resnet18_cartoon-sketch_seed42_to_photo,resnet18_cartoon-sketch_seed42,resnet18,cartoon|sketch,photo,42,0.4191616766467065,0.5269461077844312,0.5808383233532934,0.4251497005988024,0.47946728523573917,0.999999999999994,1.0,0.105341920870941,0.07231496887123821,292,0.6377245508982036,0.65481129681678,0.017086745918576396,585,0.7574850299401198,0.6716873628477454,0.08579766709237435,1169,0.8293413173652695,0.6876997985082489,0.1416415188570206
3,photo,metadata_observation_adapted_change_ridge,0.1,resnet18_cartoon-sketch_seed387_to_photo,resnet18_cartoon-sketch_seed387,resnet18,cartoon|sketch,photo,387,0.5389221556886228,0.6167664670658682,0.6826347305389222,0.5,0.612639338529086,1.0,0.9996097141702023,0.0965206986556669,0.07639424193481405,292,0.7245508982035929,0.7488699360358436,0.024319037832250756,585,0.7455089820359282,0.7618018135669367,0.016292831531008467,1169,0.8263473053892215,0.774037300799544,0.052310004589677495
4,sketch,mean_remaining_curve,,cnn3_art_painting_seed42_to_sketch,cnn3_art_painting_seed42,cnn3,art_painting,sketch,42,0.2366412213740458,0.5216284987277354,0.5725190839694656,0.2290076335877862,0.34390383689085147,0.99999999999958,0.9999999999854265,0.0884748114359949,0.07851163737916637,688,0.5572519083969466,0.6072336619160003,0.04998175351905365,1375,0.594147582697201,0.6279944445091581,0.03384686181195706,2750,0.6348600508905853,0.6476879803886,0.0128279294980147
4,sketch,mean_remaining_curve,,cnn3_art_painting_seed387_to_sketch,cnn3_art_painting_seed387,cnn3,art_painting,sketch,387,0.2875318066157761,0.5241730279898219,0.539440203562341,0.2557251908396946,0.34390383689085147,1.0,0.9999999999854265,0.0769142338211798,0.07851163737916637,688,0.544529262086514,0.6072336619160003,0.06270439982948628,1375,0.583969465648855,0.6279944445091581,0.0440249788603031,2750,0.6106870229007634,0.6476879803886,0.037000957487836605
4,sketch,mean_remaining_curve,,cnn3_cartoon_seed42_to_sketch,cnn3_cartoon_seed42,cnn3,cartoon,sketch,42,0.2519083969465648,0.5521628498727735,0.5877862595419847,0.232824427480916,0.34390383689085147,0.9999999999270944,0.9999999999854265,0.099497776037387,0.07851163737916637,688,0.5687022900763359,0.6072336619160003,0.038531371839664375,1375,0.6450381679389313,0.6279944445091581,0.017043723429773228,2750,0.6628498727735369,0.6476879803886,0.015161892384936926
4,sketch,mean_remaining_curve,,cnn3_cartoon_seed387_to_sketch,cnn3_cartoon_seed387,cnn3,cartoon,sketch,387,0.1908396946564885,0.5725190839694656,0.5750636132315522,0.1590330788804071,0.34390383689085147,0.9067738977496588,0.9999999999854265,0.136260062452075,0.07851163737916637,688,0.5954198473282443,0.6072336619160003,0.011813814587755989,1375,0.6195928753180662,0.6279944445091581,0.008401569191091918,2750,0.6603053435114504,0.6476879803886,0.012617363122850445
4,sketch,mean_remaining_curve,,cnn3_photo_seed42_to_sketch,cnn3_photo_seed42,cnn3,photo,sketch,42,0.1577608142493638,0.4758269720101781,0.5114503816793893,0.1564885496183206,0.34390383689085147,0.9999999999999992,0.9999999999854265,0.0914318998957702,0.07851163737916637,688,0.5063613231552163,0.6072336619160003,0.10087233876078394,1375,0.5852417302798982,0.6279944445091581,0.04275271422925986,2750,0.6081424936386769,0.6476879803886,0.03954548674992309
4,sketch,mean_remaining_curve,,cnn3_photo_seed387_to_sketch,cnn3_photo_seed387,cnn3,photo,sketch,387,0.1552162849872773,0.4376590330788804,0.4681933842239186,0.1552162849872773,0.34390383689085147,0.9999999999999996,0.9999999999854265,0.0867547474106302,0.07851163737916637,688,0.5165394402035624,0.6072336619160003,0.0906942217124379,1375,0.5585241730279898,0.6279944445091581,0.06947027148116824,2750,0.6017811704834606,0.6476879803886,0.0459068099051394
4,sketch,mean_remaining_curve,,cnn3_art_painting-cartoon_seed42_to_sketch,cnn3_art_painting-cartoon_seed42,cnn3,art_painting|cartoon,sketch,42,0.2111959287531806,0.5776081424936387,0.6234096692111959,0.1984732824427481,0.34390383689085147,0.9999987204352938,0.9999999999854265,0.1058900166569212,0.07851163737916637,688,0.5776081424936387,0.6072336619160003,0.02962551942236158,1375,0.6068702290076335,0.6279944445091581,0.021124215501524546,2750,0.678117048346056,0.6476879803886,0.030429067957456035
4,sketch,mean_remaining_curve,,cnn3_art_painting-cartoon_seed387_to_sketch,cnn3_art_painting-cartoon_seed387,cnn3,art_painting|cartoon,sketch,387,0.1755725190839694,0.549618320610687,0.5776081424936387,0.1450381679389313,0.34390383689085147,1.0,0.9999999999854265,0.115851783667619,0.07851163737916637,688,0.6055979643765903,0.6072336619160003,0.0016356975394099527,1375,0.6374045801526718,0.6279944445091581,0.009410135643513673,2750,0.6666666666666666,0.6476879803886,0.018978686278066648
4,sketch,mean_remaining_curve,,cnn3_art_painting-photo_seed42_to_sketch,cnn3_art_painting-photo_seed42,cnn3,art_painting|photo,sketch,42,0.1577608142493638,0.5012722646310432,0.5343511450381679,0.1577608142493638,0.34390383689085147,0.9999999999997722,0.9999999999854265,0.1031158722527271,0.07851163737916637,688,0.5597964376590331,0.6072336619160003,0.04743722425696717,1375,0.5903307888040712,0.6279944445091581,0.037663655705086896,2750,0.6628498727735369,0.6476879803886,0.015161892384936926
4,sketch,mean_remaining_curve,,cnn3_art_painting-photo_seed387_to_sketch,cnn3_art_painting-photo_seed387,cnn3,art_painting|photo,sketch,387,0.2264631043256997,0.544529262086514,0.5623409669211196,0.2073791348600508,0.34390383689085147,0.9999999999979444,0.9999999999854265,0.0959832005178996,0.07851163737916637,688,0.5623409669211196,0.6072336619160003,0.04489269499488069,1375,0.5992366412213741,0.6279944445091581,0.02875780328778399,2750,0.6437659033078881,0.6476879803886,0.003922077080711905
4,sketch,mean_remaining_curve,,cnn3_cartoon-photo_seed42_to_sketch,cnn3_cartoon-photo_seed42,cnn3,cartoon|photo,sketch,42,0.3358778625954198,0.5699745547073791,0.5903307888040712,0.3702290076335878,0.34390383689085147,0.999999999999997,0.9999999999854265,0.066221920516156,0.07851163737916637,688,0.5877862595419847,0.6072336619160003,0.019447402374015543,1375,0.6208651399491094,0.6279944445091581,0.007129304560048677,2750,0.6399491094147582,0.6476879803886,0.007738870973841738
4,sketch,mean_remaining_curve,,cnn3_cartoon-photo_seed387_to_sketch,cnn3_cartoon-photo_seed387,cnn3,cartoon|photo,sketch,387,0.2061068702290076,0.5776081424936387,0.5674300254452926,0.2111959287531806,0.34390383689085147,0.9999999999997192,0.9999999999854265,0.1027438468064149,0.07851163737916637,688,0.5801526717557252,0.6072336619160003,0.027080990160275098,1375,0.6348600508905853,0.6279944445091581,0.006865606381427192,2750,0.6552162849872774,0.6476879803886,0.007528304598677371
4,sketch,mean_remaining_curve,,resnet18_art_painting_seed42_to_sketch,resnet18_art_painting_seed42,resnet18,art_painting,sketch,42,0.4173027989821883,0.6666666666666666,0.6870229007633588,0.4300254452926209,0.34390383689085147,0.999999999999996,0.9999999999854265,0.1468700032038195,0.07851163737916637,688,0.7748091603053435,0.6072336619160003,0.16757549838934327,1375,0.8498727735368957,0.6279944445091581,0.22187832902773763,2750,0.8791348600508906,0.6476879803886,0.2314468796622906
4,sketch,mean_remaining_curve,,resnet18_art_painting_seed387_to_sketch,resnet18_art_painting_seed387,resnet18,art_painting,sketch,387,0.4452926208651399,0.6717557251908397,0.7175572519083969,0.4465648854961832,0.34390383689085147,0.999999999999996,0.9999999999854265,0.1405087829488756,0.07851163737916637,688,0.7798982188295165,0.6072336619160003,0.17266455691351623,1375,0.8384223918575063,0.6279944445091581,0.21042794734834824,2750,0.861323155216285,0.6476879803886,0.21363517482768501
4,sketch,mean_remaining_curve,,resnet18_cartoon_seed42_to_sketch,resnet18_cartoon_seed42,resnet18,cartoon,sketch,42,0.272264631043257,0.6513994910941476,0.7048346055979644,0.2964376590330789,0.34390383689085147,0.9999999999311148,0.9999999999854265,0.166800395010574,0.07851163737916637,688,0.7697201017811705,0.6072336619160003,0.1624864398651702,1375,0.8231552162849872,0.6279944445091581,0.19516077177582913,2750,0.8740458015267175,0.6476879803886,0.22635782113811753
4,sketch,mean_remaining_curve,,resnet18_cartoon_seed387_to_sketch,resnet18_cartoon_seed387,resnet18,cartoon,sketch,387,0.3384223918575064,0.6641221374045801,0.6615776081424937,0.3384223918575064,0.34390383689085147,0.9999999999999998,0.9999999999854265,0.1638280188002036,0.07851163737916637,688,0.7709923664122137,0.6072336619160003,0.16375870449621344,1375,0.8206106870229007,0.6279944445091581,0.19261624251374265,2750,0.8816793893129771,0.6476879803886,0.2339914089243771
4,sketch,mean_remaining_curve,,resnet18_photo_seed42_to_sketch,resnet18_photo_seed42,resnet18,photo,sketch,42,0.188295165394402,0.5979643765903307,0.6717557251908397,0.1768447837150127,0.34390383689085147,1.0,0.9999999999854265,0.1842480442627502,0.07851163737916637,688,0.7633587786259542,0.6072336619160003,0.156125116709954,1375,0.8142493638676844,0.6279944445091581,0.18625491935852634,2750,0.8854961832061069,0.6476879803886,0.23780820281750692
4,sketch,mean_remaining_curve,,resnet18_photo_seed387_to_sketch,resnet18_photo_seed387,resnet18,photo,sketch,387,0.2137404580152671,0.6335877862595419,0.712468193384224,0.2315521628498727,0.34390383689085147,1.0,0.9999999999854265,0.1732439151507683,0.07851163737916637,688,0.7608142493638677,0.6072336619160003,0.1535805874478674,1375,0.8142493638676844,0.6279944445091581,0.18625491935852634,2750,0.8854961832061069,0.6476879803886,0.23780820281750692
4,sketch,mean_remaining_curve,,resnet18_art_painting-cartoon_seed42_to_sketch,resnet18_art_painting-cartoon_seed42,resnet18,art_painting|cartoon,sketch,42,0.4071246819338422,0.6768447837150128,0.7353689567430025,0.3969465648854962,0.34390383689085147,0.999999999998308,0.9999999999854265,0.174315295474169,0.07851163737916637,688,0.821882951653944,0.6072336619160003,0.21464928973794373,1375,0.8625954198473282,0.6279944445091581,0.23460097533817015,2750,0.8804071246819338,0.6476879803886,0.23271914429333385
4,sketch,mean_remaining_curve,,resnet18_art_painting-cartoon_seed387_to_sketch,resnet18_art_painting-cartoon_seed387,resnet18,art_painting|cartoon,sketch,387,0.3435114503816794,0.648854961832061,0.6870229007633588,0.3358778625954198,0.34390383689085147,0.999999999999999,0.9999999999854265,0.173174742999072,0.07851163737916637,688,0.7938931297709924,0.6072336619160003,0.1866594678549921,1375,0.8384223918575063,0.6279944445091581,0.21042794734834824,2750,0.8854961832061069,0.6476879803886,0.23780820281750692
4,sketch,mean_remaining_curve,,resnet18_art_painting-photo_seed42_to_sketch,resnet18_art_painting-photo_seed42,resnet18,art_painting|photo,sketch,42,0.3740458015267175,0.6335877862595419,0.6895674300254453,0.3511450381679389,0.34390383689085147,1.0,0.9999999999854265,0.1682529080028945,0.07851163737916637,688,0.7824427480916031,0.6072336619160003,0.17520908617560282,1375,0.8536895674300254,0.6279944445091581,0.22569512292086735,2750,0.8893129770992366,0.6476879803886,0.24162499671063664
4,sketch,mean_remaining_curve,,resnet18_art_painting-photo_seed387_to_sketch,resnet18_art_painting-photo_seed387,resnet18,art_painting|photo,sketch,387,0.3053435114503817,0.6513994910941476,0.7150127226463104,0.2760814249363867,0.34390383689085147,0.9999999999999996,0.9999999999854265,0.1731730868079062,0.07851163737916637,688,0.7798982188295165,0.6072336619160003,0.17266455691351623,1375,0.8307888040712468,0.6279944445091581,0.2027943595620887,2750,0.8753180661577609,0.6476879803886,0.22763008576916088
4,sketch,mean_remaining_curve,,resnet18_cartoon-photo_seed42_to_sketch,resnet18_cartoon-photo_seed42,resnet18,cartoon|photo,sketch,42,0.3231552162849873,0.6081424936386769,0.6793893129770993,0.3167938931297709,0.34390383689085147,1.0,0.9999999999854265,0.1543136635849651,0.07851163737916637,688,0.7430025445292621,0.6072336619160003,0.1357688826132618,1375,0.811704834605598,0.6279944445091581,0.18371039009643986,2750,0.8396946564885496,0.6476879803886,0.1920066760999496
4,sketch,mean_remaining_curve,,resnet18_cartoon-photo_seed387_to_sketch,resnet18_cartoon-photo_seed387,resnet18,cartoon|photo,sketch,387,0.3129770992366412,0.628498727735369,0.6921119592875318,0.3142493638676845,0.34390383689085147,0.999999999999164,0.9999999999854265,0.1670567675953629,0.07851163737916637,688,0.7938931297709924,0.6072336619160003,0.1866594678549921,1375,0.8180661577608143,0.6279944445091581,0.19007171325165617,2750,0.8918575063613231,0.6476879803886,0.24416952597272312
4,sketch,three_point_log_curve,,cnn3_art_painting_seed42_to_sketch,cnn3_art_painting_seed42,cnn3,art_painting,sketch,42,0.2366412213740458,0.5216284987277354,0.5725190839694656,,,,,,,688,0.5572519083969466,0.6216412305621561,0.06438932216520954,1375,0.594147582697201,0.6624615221866992,0.06831393948949815,2750,0.6348600508905853,0.7033460807319701,0.06848602984138485
4,sketch,three_point_log_curve,,cnn3_art_painting_seed387_to_sketch,cnn3_art_painting_seed387,cnn3,art_painting,sketch,387,0.2875318066157761,0.5241730279898219,0.539440203562341,,,,,,,688,0.544529262086514,0.5891191270841857,0.0445898649976717,1375,0.583969465648855,0.6209274017660813,0.03695793611722631,2750,0.6106870229007634,0.6527857549698621,0.042098732069098754
4,sketch,three_point_log_curve,,cnn3_cartoon_seed42_to_sketch,cnn3_cartoon_seed42,cnn3,cartoon,sketch,42,0.2519083969465648,0.5521628498727735,0.5877862595419847,,,,,,,688,0.5687022900763359,0.6454666151862265,0.07676432510989062,1375,0.6450381679389313,0.6870822774530951,0.04204410951416382,2750,0.6628498727735369,0.7287634588615846,0.06591358608804765
4,sketch,three_point_log_curve,,cnn3_cartoon_seed387_to_sketch,cnn3_cartoon_seed387,cnn3,cartoon,sketch,387,0.1908396946564885,0.5725190839694656,0.5750636132315522,,,,,,,688,0.5954198473282443,0.6624635785773316,0.06704373124908736,1375,0.6195928753180662,0.7120598091668169,0.09246693384875071,2750,0.6603053435114504,0.761734123397865,0.10142877988641452
4,sketch,three_point_log_curve,,cnn3_photo_seed42_to_sketch,cnn3_photo_seed42,cnn3,photo,sketch,42,0.1577608142493638,0.4758269720101781,0.5114503816793893,,,,,,,688,0.5063613231552163,0.573248514374275,0.06688719121905873,1375,0.5852417302798982,0.6171694848963917,0.03192775461649344,2750,0.6081424936386769,0.661159604006588,0.053017110367911124
4,sketch,three_point_log_curve,,cnn3_photo_seed387_to_sketch,cnn3_photo_seed387,cnn3,photo,sketch,387,0.1552162849872773,0.4376590330788804,0.4681933842239186,,,,,,,688,0.5165394402035624,0.5234321914392778,0.006892751235715422,1375,0.5585241730279898,0.5623490094968409,0.0038248364688510117,2750,0.6017811704834606,0.6013270976718273,0.00045407281163323265
4,sketch,three_point_log_curve,,cnn3_art_painting-cartoon_seed42_to_sketch,cnn3_art_painting-cartoon_seed42,cnn3,art_painting|cartoon,sketch,42,0.2111959287531806,0.5776081424936387,0.6234096692111959,,,,,,,688,0.5776081424936387,0.6930321680857356,0.11542402559209697,1375,0.6068702290076335,0.7439974757802117,0.13712724677257815,2750,0.678117048346056,0.7950430225729188,0.1169259742268628
4,sketch,three_point_log_curve,,cnn3_art_painting-cartoon_seed387_to_sketch,cnn3_art_painting-cartoon_seed387,cnn3,art_painting|cartoon,sketch,387,0.1755725190839694,0.549618320610687,0.5776081424936387,,,,,,,688,0.6055979643765903,0.654862203137477,0.0492642387608867,1375,0.6374045801526718,0.7054381242450009,0.06803354409232909,2750,0.6666666666666666,0.7560936714057255,0.08942700473905885
4,sketch,three_point_log_curve,,cnn3_art_painting-photo_seed42_to_sketch,cnn3_art_painting-photo_seed42,cnn3,art_painting|photo,sketch,42,0.1577608142493638,0.5012722646310432,0.5343511450381679,,,,,,,688,0.5597964376590331,0.6028699306877118,0.04307349302867869,1375,0.5903307888040712,0.6498874307402966,0.05955664193622545,2750,0.6628498727735369,0.6969789545156051,0.03412908174206819
4,sketch,three_point_log_curve,,cnn3_art_painting-photo_seed387_to_sketch,cnn3_art_painting-photo_seed387,cnn3,art_painting|photo,sketch,387,0.2264631043256997,0.544529262086514,0.5623409669211196,,,,,,,688,0.5623409669211196,0.6300058997921709,0.06766493287105135,1375,0.5992366412213741,0.672549494475086,0.07331285325371195,2750,0.6437659033078881,0.7151600692239968,0.0713941659161087
4,sketch,three_point_log_curve,,cnn3_cartoon-photo_seed42_to_sketch,cnn3_cartoon-photo_seed42,cnn3,cartoon|photo,sketch,42,0.3358778625954198,0.5699745547073791,0.5903307888040712,,,,,,,688,0.5877862595419847,0.6377452298397766,0.04995897029779184,1375,0.6208651399491094,0.6696177107249801,0.048752570775870696,2750,0.6399491094147582,0.7015403712174557,0.06159126180269747
4,sketch,three_point_log_curve,,cnn3_cartoon-photo_seed387_to_sketch,cnn3_cartoon-photo_seed387,cnn3,cartoon|photo,sketch,387,0.2061068702290076,0.5776081424936387,0.5674300254452926,,,,,,,688,0.5801526717557252,0.6566675468879651,0.07651487513223998,1375,0.6348600508905853,0.7039626185893076,0.06910256769872236,2750,0.6552162849872774,0.7513321510184621,0.09611586603118472
4,sketch,three_point_log_curve,,resnet18_art_painting_seed42_to_sketch,resnet18_art_painting_seed42,resnet18,art_painting,sketch,42,0.4173027989821883,0.6666666666666666,0.6870229007633588,,,,,,,688,0.7748091603053435,0.7379668649853306,0.03684229532001293,1375,0.8498727735368957,0.7718153243750323,0.07805744916186341,2750,0.8791348600508906,0.805717074326114,0.07341778572477664
4,sketch,three_point_log_curve,,resnet18_art_painting_seed387_to_sketch,resnet18_art_painting_seed387,resnet18,art_painting,sketch,387,0.4452926208651399,0.6717557251908397,0.7175572519083969,,,,,,,688,0.7798982188295165,0.7548257882421612,0.02507243058735531,1375,0.8384223918575063,0.7876779596454033,0.05074443221210301,2750,0.861323155216285,0.8205818530675554,0.04074130214872962
4,sketch,three_point_log_curve,,resnet18_cartoon_seed42_to_sketch,resnet18_cartoon_seed42,resnet18,cartoon,sketch,42,0.272264631043257,0.6513994910941476,0.7048346055979644,,,,,,,688,0.7697201017811705,0.7748840308617505,0.005163929080580054,1375,0.8231552162849872,0.8280862912410616,0.004931074956074366,2750,0.8740458015267175,0.8813723125469676,0.007326511020250059
4,sketch,three_point_log_curve,,resnet18_cartoon_seed387_to_sketch,resnet18_cartoon_seed387,resnet18,cartoon,sketch,387,0.3384223918575064,0.6641221374045801,0.6615776081424937,,,,,,,688,0.7709923664122137,0.7377122170937245,0.033280149318489216,1375,0.8206106870229007,0.7796696572126585,0.04094102981024228,2750,0.8816793893129771,0.8216931545636886,0.059986234749288436
4,sketch,three_point_log_curve,,resnet18_photo_seed42_to_sketch,resnet18_photo_seed42,resnet18,photo,sketch,42,0.188295165394402,0.5979643765903307,0.6717557251908397,,,,,,,688,0.7633587786259542,0.7421592823401121,0.021199496285842168,1375,0.8142493638676844,0.8008876435446498,0.01336172032303462,2750,0.8854961832061069,0.8597084658949513,0.02578771731115559
4,sketch,three_point_log_curve,,resnet18_photo_seed387_to_sketch,resnet18_photo_seed387,resnet18,photo,sketch,387,0.2137404580152671,0.6335877862595419,0.712468193384224,,,,,,,688,0.7608142493638677,0.7835485373692457,0.022734288005378023,1375,0.8142493638676844,0.8439877535308399,0.02973838966315545,2750,0.8854961832061069,0.9045221243853413,0.019025941179234396
4,sketch,three_point_log_curve,,resnet18_art_painting-cartoon_seed42_to_sketch,resnet18_art_painting-cartoon_seed42,resnet18,art_painting|cartoon,sketch,42,0.4071246819338422,0.6768447837150128,0.7353689567430025,,,,,,,688,0.821882951653944,0.7784472372167844,0.043435714437159545,1375,0.8625954198473282,0.8178818542679156,0.04471356557941264,2750,0.8804071246819338,0.8573785566522744,0.02302856802965947
4,sketch,three_point_log_curve,,resnet18_art_painting-cartoon_seed387_to_sketch,resnet18_art_painting-cartoon_seed387,resnet18,art_painting|cartoon,sketch,387,0.3435114503816794,0.648854961832061,0.6870229007633588,,,,,,,688,0.7938931297709924,0.745041649825475,0.04885147994551731,1375,0.8384223918575063,0.7875127395708719,0.050909652286634466,2750,0.8854961832061069,0.8300506952314611,0.05544548797464577
4,sketch,three_point_log_curve,,resnet18_art_painting-photo_seed42_to_sketch,resnet18_art_painting-photo_seed42,resnet18,art_painting|photo,sketch,42,0.3740458015267175,0.6335877862595419,0.6895674300254453,,,,,,,688,0.7824427480916031,0.731130809352597,0.05131193873900608,1375,0.8536895674300254,0.7690513394237004,0.08463822800632503,2750,0.8893129770992366,0.8070315710697573,0.08228140602947931
4,sketch,three_point_log_curve,,resnet18_art_painting-photo_seed387_to_sketch,resnet18_art_painting-photo_seed387,resnet18,art_painting|photo,sketch,387,0.3053435114503817,0.6513994910941476,0.7150127226463104,,,,,,,688,0.7798982188295165,0.7740623904296627,0.005835828399853749,1375,0.8307888040712468,0.8237704359573427,0.007018368113904105,2750,0.8753180661577609,0.8735567411665274,0.0017613249912334927
4,sketch,three_point_log_curve,,resnet18_cartoon-photo_seed42_to_sketch,resnet18_cartoon-photo_seed42,resnet18,cartoon|photo,sketch,42,0.3231552162849873,0.6081424936386769,0.6793893129770993,,,,,,,688,0.7430025445292621,0.7218065450827436,0.02119599944651851,1375,0.811704834605598,0.7642009805235168,0.04750385408208113,2750,0.8396946564885496,0.8066621611959712,0.033032495292578345
4,sketch,three_point_log_curve,,resnet18_cartoon-photo_seed387_to_sketch,resnet18_cartoon-photo_seed387,resnet18,cartoon|photo,sketch,387,0.3129770992366412,0.628498727735369,0.6921119592875318,,,,,,,688,0.7938931297709924,0.7441025806983513,0.04979054907264102,1375,0.8180661577608143,0.7898586692170347,0.028207488543779524,2750,0.8918575063613231,0.8356867955090075,0.05617071085231562
4,sketch,observation_ridge,1.0,cnn3_art_painting_seed42_to_sketch,cnn3_art_painting_seed42,cnn3,art_painting,sketch,42,0.2366412213740458,0.5216284987277354,0.5725190839694656,0.2290076335877862,0.24620286032064062,0.99999999999958,0.9999999999208018,0.0884748114359949,0.08715162508062282,688,0.5572519083969466,0.5735196090055319,0.01626770060858529,1375,0.594147582697201,0.5984692701698773,0.00432168747267625,2750,0.6348600508905853,0.6219952207540819,0.012864830136503413
4,sketch,observation_ridge,1.0,cnn3_art_painting_seed387_to_sketch,cnn3_art_painting_seed387,cnn3,art_painting,sketch,387,0.2875318066157761,0.5241730279898219,0.539440203562341,0.2557251908396946,0.2449663160554373,1.0,0.9999999999632664,0.0769142338211798,0.07822311910966444,688,0.544529262086514,0.5471525080536234,0.002623245967109389,1375,0.583969465648855,0.571003446191905,0.012966019456949973,2750,0.6106870229007634,0.5936328015149455,0.017054221385817914
4,sketch,observation_ridge,1.0,cnn3_cartoon_seed42_to_sketch,cnn3_cartoon_seed42,cnn3,cartoon,sketch,42,0.2519083969465648,0.5521628498727735,0.5877862595419847,0.232824427480916,0.29444244382342716,0.9999999999270944,0.9999999999678425,0.099497776037387,0.08320342298106574,688,0.5687022900763359,0.5903783591853344,0.021676069108998552,1375,0.6450381679389313,0.6132871083312992,0.03175105960763214,2750,0.6628498727735369,0.634947727026236,0.027902145747300877
4,sketch,observation_ridge,1.0,cnn3_cartoon_seed387_to_sketch,cnn3_cartoon_seed387,cnn3,cartoon,sketch,387,0.1908396946564885,0.5725190839694656,0.5750636132315522,0.1590330788804071,0.30437348761160327,0.9067738977496588,0.9999999999738837,0.136260062452075,0.07757719518238355,688,0.5954198473282443,0.5810183146646064,0.014401532663637862,1375,0.6195928753180662,0.6029082071841569,0.01668466813390923,2750,0.6603053435114504,0.6236862448847607,0.03661909862668977
4,sketch,observation_ridge,1.0,cnn3_photo_seed42_to_sketch,cnn3_photo_seed42,cnn3,photo,sketch,42,0.1577608142493638,0.4758269720101781,0.5114503816793893,0.1564885496183206,0.18197693119602507,0.9999999999999992,0.999999999950386,0.0914318998957702,0.08404512310824148,688,0.5063613231552163,0.5276900798696283,0.021328756714412034,1375,0.5852417302798982,0.5543642963201711,0.030877433959727085,2750,0.6081424936386769,0.579570538831601,0.02857195480707586
4,sketch,observation_ridge,1.0,cnn3_photo_seed387_to_sketch,cnn3_photo_seed387,cnn3,photo,sketch,387,0.1552162849872773,0.4376590330788804,0.4681933842239186,0.1552162849872773,0.13106552889469272,0.9999999999999996,0.9999999999532819,0.0867547474106302,0.08232816215305262,688,0.5165394402035624,0.4926336572716322,0.02390578293193013,1375,0.5585241730279898,0.520718860727892,0.03780531230009787,2750,0.6017811704834606,0.547290000605835,0.05449116987762559
4,sketch,observation_ridge,1.0,cnn3_art_painting-cartoon_seed42_to_sketch,cnn3_art_painting-cartoon_seed42,cnn3,art_painting|cartoon,sketch,42,0.2111959287531806,0.5776081424936387,0.6234096692111959,0.1984732824427481,0.3175432657337468,0.9999987204352938,0.9999999999437771,0.1058900166569212,0.0858358284795599,688,0.5776081424936387,0.610547742773206,0.03293960027956733,1375,0.6068702290076335,0.6329973416136465,0.02612711260601297,2750,0.678117048346056,0.65418518150955,0.023931866836506055
4,sketch,observation_ridge,1.0,cnn3_art_painting-cartoon_seed387_to_sketch,cnn3_art_painting-cartoon_seed387,cnn3,art_painting|cartoon,sketch,387,0.1755725190839694,0.549618320610687,0.5776081424936387,0.1450381679389313,0.28010433729826756,1.0,0.999999999951997,0.115851783667619,0.08172965871338349,688,0.6055979643765903,0.5780093109405406,0.02758865343604966,1375,0.6374045801526718,0.6012034949777404,0.03620108517493137,2750,0.6666666666666666,0.6231563818252792,0.043510284841387414
4,sketch,observation_ridge,1.0,cnn3_art_painting-photo_seed42_to_sketch,cnn3_art_painting-photo_seed42,cnn3,art_painting|photo,sketch,42,0.1577608142493638,0.5012722646310432,0.5343511450381679,0.1577608142493638,0.21596938006300345,0.9999999999997722,0.9999999999492015,0.1031158722527271,0.08416895162233486,688,0.5597964376590331,0.547682815524098,0.012113622134935054,1375,0.5903307888040712,0.5732644726004927,0.017066316203578458,2750,0.6628498727735369,0.5974362110071407,0.06541366176639618
4,sketch,observation_ridge,1.0,cnn3_art_painting-photo_seed387_to_sketch,cnn3_art_painting-photo_seed387,cnn3,art_painting|photo,sketch,387,0.2264631043256997,0.544529262086514,0.5623409669211196,0.2073791348600508,0.27304001195147304,0.9999999999979444,0.9999999999653719,0.0959832005178996,0.0807459252390181,688,0.5623409669211196,0.5711199243574171,0.00877895743629753,1375,0.5992366412213741,0.5944168923807815,0.004819748840592553,2750,0.6437659033078881,0.6164820830549427,0.0272838202529454
4,sketch,observation_ridge,1.0,cnn3_cartoon-photo_seed42_to_sketch,cnn3_cartoon-photo_seed42,cnn3,cartoon|photo,sketch,42,0.3358778625954198,0.5699745547073791,0.5903307888040712,0.3702290076335878,0.30637205144043456,0.999999999999997,0.999999999971323,0.066221920516156,0.08016690040091971,688,0.5877862595419847,0.5892331890465519,0.0014469295045671515,1375,0.6208651399491094,0.6113906258175071,0.009474514131602274,2750,0.6399491094147582,0.6323849487301094,0.007564160684648824
4,sketch,observation_ridge,1.0,cnn3_cartoon-photo_seed387_to_sketch,cnn3_cartoon-photo_seed387,cnn3,cartoon|photo,sketch,387,0.2061068702290076,0.5776081424936387,0.5674300254452926,0.2111959287531806,0.31553526807201937,0.9999999999997192,0.9999999999906325,0.1027438468064149,0.07395452250814853,688,0.5801526717557252,0.5778644496197924,0.002288222135932716,1375,0.6348600508905853,0.5989153440497264,0.03594470684085893,2750,0.6552162849872774,0.6189471702599207,0.03626911472735661
4,sketch,observation_ridge,1.0,resnet18_art_painting_seed42_to_sketch,resnet18_art_painting_seed42,resnet18,art_painting,sketch,42,0.4173027989821883,0.6666666666666666,0.6870229007633588,0.4300254452926209,0.42741185909787816,0.999999999999996,1.0,0.1468700032038195,0.09569066051793276,688,0.7748091603053435,0.693626444318781,0.08118271598656257,1375,0.8498727735368957,0.7132483814792779,0.13662439205761778,2750,0.8791348600508906,0.7316415823126512,0.1474932777382394
4,sketch,observation_ridge,1.0,resnet18_art_painting_seed387_to_sketch,resnet18_art_painting_seed387,resnet18,art_painting,sketch,387,0.4452926208651399,0.6717557251908397,0.7175572519083969,0.4465648854961832,0.42423784223954747,0.999999999999996,0.9999999999656077,0.1405087829488756,0.1029054924394319,688,0.7798982188295165,0.7061167928797553,0.07378142594976123,1375,0.8384223918575063,0.7263080387044132,0.11211435315309315,2750,0.861323155216285,0.7451406070307405,0.11618254818554452
4,sketch,observation_ridge,1.0,resnet18_cartoon_seed42_to_sketch,resnet18_cartoon_seed42,resnet18,cartoon,sketch,42,0.272264631043257,0.6513994910941476,0.7048346055979644,0.2964376590330789,0.41709002026380737,0.9999999999311148,0.9999999999844235,0.166800395010574,0.10064748653778237,688,0.7697201017811705,0.6980452541638528,0.07167484761731768,1375,0.8231552162849872,0.7183515054716663,0.10480371081332096,2750,0.8740458015267175,0.7373209675979633,0.13672483392875423
4,sketch,observation_ridge,1.0,resnet18_cartoon_seed387_to_sketch,resnet18_cartoon_seed387,resnet18,cartoon,sketch,387,0.3384223918575064,0.6641221374045801,0.6615776081424937,0.3384223918575064,0.40981260336078856,0.9999999999999998,1.0,0.1638280188002036,0.09147808265772232,688,0.7709923664122137,0.6753950947269574,0.09559727168525634,1375,0.8206106870229007,0.6952981195571337,0.12531256746576702,2750,0.8816793893129771,0.7140092896566697,0.16767009965630741
4,sketch,observation_ridge,1.0,resnet18_photo_seed42_to_sketch,resnet18_photo_seed42,resnet18,photo,sketch,42,0.188295165394402,0.5979643765903307,0.6717557251908397,0.1768447837150127,0.33405844288539405,1.0,0.9999999999719311,0.1842480442627502,0.10990977642764307,688,0.7633587786259542,0.6752956721917991,0.08806310643415516,1375,0.8142493638676844,0.6990659936778212,0.11518337018986324,2750,0.8854961832061069,0.7211295641360984,0.1643666190700085
4,sketch,observation_ridge,1.0,resnet18_photo_seed387_to_sketch,resnet18_photo_seed387,resnet18,photo,sketch,387,0.2137404580152671,0.6335877862595419,0.712468193384224,0.2315521628498727,0.3809300574222187,1.0,0.9999999999476912,0.1732439151507683,0.10970188226994367,688,0.7608142493638677,0.6977392695620079,0.06307497980185972,1375,0.8142493638676844,0.7198262980342641,0.0944230658334203,2750,0.8854961832061069,0.7403303894113348,0.14516579379477212
4,sketch,observation_ridge,1.0,resnet18_art_painting-cartoon_seed42_to_sketch,resnet18_art_painting-cartoon_seed42,resnet18,art_painting|cartoon,sketch,42,0.4071246819338422,0.6768447837150128,0.7353689567430025,0.3969465648854962,0.4472090264933824,0.999999999998308,0.999999999960873,0.174315295474169,0.10122063757491938,688,0.821882951653944,0.7147178599824753,0.1071650916714687,1375,0.8625954198473282,0.7340083619958129,0.12858705785151536,2750,0.8804071246819338,0.7520217947830637,0.12838532989887008
4,sketch,observation_ridge,1.0,resnet18_art_painting-cartoon_seed387_to_sketch,resnet18_art_painting-cartoon_seed387,resnet18,art_painting|cartoon,sketch,387,0.3435114503816794,0.648854961832061,0.6870229007633588,0.3358778625954198,0.39080989234597374,0.999999999999999,0.9999999999773199,0.173174742999072,0.10287141651020998,688,0.7938931297709924,0.6889850891506877,0.10490804062030468,1375,0.8384223918575063,0.7103465415931538,0.12807585026435253,2750,0.8854961832061069,0.7302710428161534,0.1552251403899535
4,sketch,observation_ridge,1.0,resnet18_art_painting-photo_seed42_to_sketch,resnet18_art_painting-photo_seed42,resnet18,art_painting|photo,sketch,42,0.3740458015267175,0.6335877862595419,0.6895674300254453,0.3511450381679389,0.38462536503024736,1.0,0.9999999999782057,0.1682529080028945,0.10304529394464507,688,0.7824427480916031,0.6861844518104385,0.09625829628116456,1375,0.8536895674300254,0.7077734088026897,0.14591615862733576,2750,0.8893129770992366,0.7279076871445446,0.16140528995469205
4,sketch,observation_ridge,1.0,resnet18_art_painting-photo_seed387_to_sketch,resnet18_art_painting-photo_seed387,resnet18,art_painting|photo,sketch,387,0.3053435114503817,0.6513994910941476,0.7150127226463104,0.2760814249363867,0.40392941031541035,0.9999999999999996,0.9999999999600334,0.1731730868079062,0.10533642867033137,688,0.7798982188295165,0.7005462075949018,0.07935201123461466,1375,0.8307888040712468,0.7215887133463341,0.10920009072491266,2750,0.8753180661577609,0.7411822610084371,0.13413580514932377
4,sketch,observation_ridge,1.0,resnet18_cartoon-photo_seed42_to_sketch,resnet18_cartoon-photo_seed42,resnet18,cartoon|photo,sketch,42,0.3231552162849873,0.6081424936386769,0.6793893129770993,0.3167938931297709,0.35658250197092184,1.0,0.9999999999820156,0.1543136635849651,0.10653773576560821,688,0.7430025445292621,0.6792878464394358,0.06371469808982622,1375,0.811704834605598,0.702071831923742,0.10963300268185594,2750,0.8396946564885496,0.7232693087697191,0.11642534771883051
4,sketch,observation_ridge,1.0,resnet18_cartoon-photo_seed387_to_sketch,resnet18_cartoon-photo_seed387,resnet18,cartoon|photo,sketch,387,0.3129770992366412,0.628498727735369,0.6921119592875318,0.3142493638676845,0.37241140317161847,0.999999999999164,0.9999999999666275,0.1670567675953629,0.10719474931599544,688,0.7938931297709924,0.6885180779183875,0.10537505185260487,1375,0.8180661577608143,0.7107777983753056,0.10728835938550862,2750,0.8918575063613231,0.731478099467894,0.1603794068934291
4,sketch,metadata_observation_ridge,0.1,cnn3_art_painting_seed42_to_sketch,cnn3_art_painting_seed42,cnn3,art_painting,sketch,42,0.2366412213740458,0.5216284987277354,0.5725190839694656,0.2290076335877862,0.3036070565490761,0.99999999999958,0.9999999999014502,0.0884748114359949,0.08121305501841729,688,0.5572519083969466,0.5904056965057333,0.033153788108786664,1375,0.594147582697201,0.6127801875639953,0.0186326048667943,2750,0.6348600508905853,0.6339648238803841,0.0008952270102011717
4,sketch,metadata_observation_ridge,0.1,cnn3_art_painting_seed387_to_sketch,cnn3_art_painting_seed387,cnn3,art_painting,sketch,387,0.2875318066157761,0.5241730279898219,0.539440203562341,0.2557251908396946,0.3459362708758786,1.0,0.9999999999485368,0.0769142338211798,0.06699703799478515,688,0.544529262086514,0.5778490362126472,0.033319774126133184,1375,0.583969465648855,0.5969657746023052,0.012996308953450164,2750,0.6106870229007634,0.615244900697852,0.004557877797088605
4,sketch,metadata_observation_ridge,0.1,cnn3_cartoon_seed42_to_sketch,cnn3_cartoon_seed42,cnn3,cartoon,sketch,42,0.2519083969465648,0.5521628498727735,0.5877862595419847,0.232824427480916,0.29083882770216296,0.9999999999270944,0.9999999999266437,0.099497776037387,0.08182064298508701,688,0.5687022900763359,0.5845487905346294,0.0158465004582935,1375,0.6450381679389313,0.6074082482414336,0.03762991969749774,2750,0.6628498727735369,0.6290429598710436,0.03380691290249327
4,sketch,metadata_observation_ridge,0.1,cnn3_cartoon_seed387_to_sketch,cnn3_cartoon_seed387,cnn3,cartoon,sketch,387,0.1908396946564885,0.5725190839694656,0.5750636132315522,0.1590330788804071,0.23520593974166598,0.9067738977496588,0.9999999999448511,0.136260062452075,0.09494265484553087,688,0.5954198473282443,0.5887779077263001,0.006641939601944147,1375,0.6195928753180662,0.6149157646838771,0.0046771106341890745,2750,0.6603053435114504,0.6394295445919955,0.020875798919454902
4,sketch,metadata_observation_ridge,0.1,cnn3_photo_seed42_to_sketch,cnn3_photo_seed42,cnn3,photo,sketch,42,0.1577608142493638,0.4758269720101781,0.5114503816793893,0.1564885496183206,0.20565921808605098,0.9999999999999992,0.9999999999403786,0.0914318998957702,0.08760521081568383,688,0.5063613231552163,0.5519112227384702,0.04554989958325384,1375,0.5852417302798982,0.5782573422988452,0.006984387981053053,2750,0.6081424936386769,0.6030922657077487,0.005050227930928242
4,sketch,metadata_observation_ridge,0.1,cnn3_photo_seed387_to_sketch,cnn3_photo_seed387,cnn3,photo,sketch,387,0.1552162849872773,0.4376590330788804,0.4681933842239186,0.1552162849872773,0.19985546868263654,0.9999999999999996,0.9999999999440109,0.0867547474106302,0.07867808536486529,688,0.5165394402035624,0.5215211042316323,0.0049816640280699875,1375,0.5585241730279898,0.5468646410126984,0.011659532015291463,2750,0.6017811704834606,0.5709025762468656,0.030878594236595003
4,sketch,metadata_observation_ridge,0.1,cnn3_art_painting-cartoon_seed42_to_sketch,cnn3_art_painting-cartoon_seed42,cnn3,art_painting|cartoon,sketch,42,0.2111959287531806,0.5776081424936387,0.6234096692111959,0.1984732824427481,0.27929870006800794,0.9999987204352938,0.9999999999231429,0.1058900166569212,0.09671127673343963,688,0.5776081424936387,0.6169393856574754,0.03933124316383674,1375,0.6068702290076335,0.6417258209573304,0.034855591949696896,2750,0.678117048346056,0.6649437070687392,0.013173341277316841
4,sketch,metadata_observation_ridge,0.1,cnn3_art_painting-cartoon_seed387_to_sketch,cnn3_art_painting-cartoon_seed387,cnn3,art_painting|cartoon,sketch,387,0.1755725190839694,0.549618320610687,0.5776081424936387,0.1450381679389313,0.24618632629889725,1.0,0.9999999999516543,0.115851783667619,0.09650006799500352,688,0.6055979643765903,0.5987863841184955,0.006811580258094807,1375,0.6374045801526718,0.6246926076034021,0.012711972549269701,2750,0.6666666666666666,0.6489629670062109,0.017703699660455707
4,sketch,metadata_observation_ridge,0.1,cnn3_art_painting-photo_seed42_to_sketch,cnn3_art_painting-photo_seed42,cnn3,art_painting|photo,sketch,42,0.1577608142493638,0.5012722646310432,0.5343511450381679,0.1577608142493638,0.227147412105413,0.9999999999997722,0.999999999953614,0.1031158722527271,0.09122140274342903,688,0.5597964376590331,0.5742150301843758,0.014418592525342722,1375,0.5903307888040712,0.6002509049134752,0.00992011610940402,2750,0.6628498727735369,0.6247320203193785,0.03811785245415844
4,sketch,metadata_observation_ridge,0.1,cnn3_art_painting-photo_seed387_to_sketch,cnn3_art_painting-photo_seed387,cnn3,art_painting|photo,sketch,387,0.2264631043256997,0.544529262086514,0.5623409669211196,0.2073791348600508,0.2893166152921858,0.9999999999979444,0.9999999999464035,0.0959832005178996,0.0821534831340066,688,0.5623409669211196,0.5845616668367718,0.02222069991565223,1375,0.5992366412213741,0.6075107868029217,0.008274145581547598,2750,0.6437659033078881,0.6292253531908241,0.01454055011706401
4,sketch,metadata_observation_ridge,0.1,cnn3_cartoon-photo_seed42_to_sketch,cnn3_cartoon-photo_seed42,cnn3,cartoon|photo,sketch,42,0.3358778625954198,0.5699745547073791,0.5903307888040712,0.3702290076335878,0.38822946046162427,0.999999999999997,0.9999999999211314,0.066221920516156,0.06225346539130505,688,0.5877862595419847,0.5927139107138739,0.004927651171889202,1375,0.6208651399491094,0.6098795780972222,0.01098556185188726,2750,0.6399491094147582,0.6263471055195374,0.013602003895220816
4,sketch,metadata_observation_ridge,0.1,cnn3_cartoon-photo_seed387_to_sketch,cnn3_cartoon-photo_seed387,cnn3,cartoon|photo,sketch,387,0.2061068702290076,0.5776081424936387,0.5674300254452926,0.2111959287531806,0.25978805871942523,0.9999999999997192,0.9999999999730956,0.1027438468064149,0.0895959216614306,688,0.5801526717557252,0.5878424878215176,0.007689816065792443,1375,0.6348600508905853,0.6126097592491381,0.022250291641447206,2750,0.6552162849872774,0.6359242461032706,0.019292038884006768
4,sketch,metadata_observation_ridge,0.1,resnet18_art_painting_seed42_to_sketch,resnet18_art_painting_seed42,resnet18,art_painting,sketch,42,0.4173027989821883,0.6666666666666666,0.6870229007633588,0.4300254452926209,0.47891409947249136,0.999999999999996,0.9999999999366576,0.1468700032038195,0.08965218973251803,688,0.7748091603053435,0.7099607629109514,0.06484839739439208,1375,0.8498727735368957,0.7274003417996141,0.12247243173728162,2750,0.8791348600508906,0.7438163203313467,0.13531853971954388
4,sketch,metadata_observation_ridge,0.1,resnet18_art_painting_seed387_to_sketch,resnet18_art_painting_seed387,resnet18,art_painting,sketch,387,0.4452926208651399,0.6717557251908397,0.7175572519083969,0.4465648854961832,0.5162645130534258,0.999999999999996,0.9999999998866758,0.1405087829488756,0.08726272018625456,688,0.7798982188295165,0.7265126653041568,0.053385553525359675,1375,0.8384223918575063,0.7425318180129782,0.09589057384452815,2750,0.861323155216285,0.7576357030511164,0.10368745216516861
4,sketch,metadata_observation_ridge,0.1,resnet18_cartoon_seed42_to_sketch,resnet18_cartoon_seed42,resnet18,cartoon,sketch,42,0.272264631043257,0.6513994910941476,0.7048346055979644,0.2964376590330789,0.32472590934470297,0.9999999999311148,0.9999999999113761,0.166800395010574,0.12038979548871444,688,0.7697201017811705,0.6925408266763476,0.07717927510482281,1375,0.8231552162849872,0.7171068344191802,0.106048381865807,2750,0.8740458015267175,0.7397441393509838,0.1343016621757337
4,sketch,metadata_observation_ridge,0.1,resnet18_cartoon_seed387_to_sketch,resnet18_cartoon_seed387,resnet18,cartoon,sketch,387,0.3384223918575064,0.6641221374045801,0.6615776081424937,0.3384223918575064,0.3864170734556479,0.9999999999999998,0.9999999999277873,0.1638280188002036,0.09932785217375778,688,0.7709923664122137,0.6794033003507112,0.09158906606150252,1375,0.8206106870229007,0.7006901297138121,0.11992055730908868,2750,0.8816793893129771,0.7205937904741466,0.16108559883883045
4,sketch,metadata_observation_ridge,0.1,resnet18_photo_seed42_to_sketch,resnet18_photo_seed42,resnet18,photo,sketch,42,0.188295165394402,0.5979643765903307,0.6717557251908397,0.1768447837150127,0.24244919233484366,1.0,0.9999999999157277,0.1842480442627502,0.13269653805622653,688,0.7633587786259542,0.6817342530301119,0.08162452559584232,1375,0.8142493638676844,0.7096458985123195,0.10460346535536491,2750,0.8854961832061069,0.7351479909658821,0.15034819224022478
4,sketch,metadata_observation_ridge,0.1,resnet18_photo_seed387_to_sketch,resnet18_photo_seed387,resnet18,photo,sketch,387,0.2137404580152671,0.6335877862595419,0.712468193384224,0.2315521628498727,0.2743084030242143,1.0,0.9999999998702485,0.1732439151507683,0.13302675635503888,688,0.7608142493638677,0.6957763325746671,0.06503791678920057,1375,0.8142493638676844,0.7225198857157074,0.09172947815197707,2750,0.8854961832061069,0.7469491399686616,0.13854704323744527
4,sketch,metadata_observation_ridge,0.1,resnet18_art_painting-cartoon_seed42_to_sketch,resnet18_art_painting-cartoon_seed42,resnet18,art_painting|cartoon,sketch,42,0.4071246819338422,0.6768447837150128,0.7353689567430025,0.3969465648854962,0.48445791588540155,0.999999999998308,0.9999999998840245,0.174315295474169,0.09442199556404914,688,0.821882951653944,0.721853371446395,0.10002958020754893,1375,0.8625954198473282,0.7394389431235358,0.12315647672379249,2750,0.8804071246819338,0.7559377797749685,0.12446934490696537
4,sketch,metadata_observation_ridge,0.1,resnet18_art_painting-cartoon_seed387_to_sketch,resnet18_art_painting-cartoon_seed387,resnet18,art_painting|cartoon,sketch,387,0.3435114503816794,0.648854961832061,0.6870229007633588,0.3358778625954198,0.41970748238653444,0.999999999999999,0.9999999999167104,0.173174742999072,0.10048300317648634,688,0.7938931297709924,0.6990778336200225,0.09481529615096984,1375,0.8384223918575063,0.7192827086283882,0.11913968322911817,2750,0.8854961832061069,0.7381596173980451,0.14733656580806176
4,sketch,metadata_observation_ridge,0.1,resnet18_art_painting-photo_seed42_to_sketch,resnet18_art_painting-photo_seed42,resnet18,art_painting|photo,sketch,42,0.3740458015267175,0.6335877862595419,0.6895674300254453,0.3511450381679389,0.4464544099005411,1.0,0.999999999914176,0.1682529080028945,0.09398858111572249,688,0.7824427480916031,0.7005025026241407,0.08194024546746237,1375,0.8536895674300254,0.7193538414369087,0.13433572599311672,2750,0.8893129770992366,0.7370455317405247,0.15226744535871195
4,sketch,metadata_observation_ridge,0.1,resnet18_art_painting-photo_seed387_to_sketch,resnet18_art_painting-photo_seed387,resnet18,art_painting|photo,sketch,387,0.3053435114503817,0.6513994910941476,0.7150127226463104,0.2760814249363867,0.38499158495226643,0.9999999999999996,0.9999999998883972,0.1731730868079062,0.11348666768665588,688,0.7798982188295165,0.707058422030191,0.0728397967993255,1375,0.8307888040712468,0.7291744018030113,0.10161440226823548,2750,0.8753180661577609,0.7496516504203674,0.12566641573739346
4,sketch,metadata_observation_ridge,0.1,resnet18_cartoon-photo_seed42_to_sketch,resnet18_cartoon-photo_seed42,resnet18,cartoon|photo,sketch,42,0.3231552162849873,0.6081424936386769,0.6793893129770993,0.3167938931297709,0.385619559085702,1.0,0.9999999999349091,0.1543136635849651,0.10291596781839556,688,0.7430025445292621,0.6864265362832112,0.05657600824605091,1375,0.811704834605598,0.7079727171593235,0.10373211744627442,2750,0.8396946564885496,0.7280689006579708,0.11162575583057877
4,sketch,metadata_observation_ridge,0.1,resnet18_cartoon-photo_seed387_to_sketch,resnet18_cartoon-photo_seed387,resnet18,cartoon|photo,sketch,387,0.3129770992366412,0.628498727735369,0.6921119592875318,0.3142493638676845,0.3836932929341135,0.999999999999164,0.999999999903656,0.1670567675953629,0.1065557912800949,688,0.7938931297709924,0.6928374961570286,0.10105563361396375,1375,0.8180661577608143,0.7146624529956955,0.10340370476511873,2750,0.8918575063613231,0.7349674270915741,0.15689007926974896
4,sketch,metadata_observation_source_ridge,0.1,cnn3_art_painting_seed42_to_sketch,cnn3_art_painting_seed42,cnn3,art_painting,sketch,42,0.2366412213740458,0.5216284987277354,0.5725190839694656,0.2290076335877862,0.31954063704549557,0.99999999999958,0.9999999998981208,0.0884748114359949,0.06294118710743798,688,0.5572519083969466,0.5490158204421929,0.008236087954753724,1375,0.594147582697201,0.568228647378286,0.025918935318914982,2750,0.6348600508905853,0.5866513024870303,0.048208748403554935
4,sketch,metadata_observation_source_ridge,0.1,cnn3_art_painting_seed387_to_sketch,cnn3_art_painting_seed387,cnn3,art_painting,sketch,387,0.2875318066157761,0.5241730279898219,0.539440203562341,0.2557251908396946,0.3574048126707605,1.0,0.9999999999354666,0.0769142338211798,0.04772688883745637,688,0.544529262086514,0.529588321203207,0.014940940883306997,1375,0.583969465648855,0.5448642230417399,0.03910524260711512,2750,0.6106870229007634,0.5596669498803075,0.05102007302045586
4,sketch,metadata_observation_source_ridge,0.1,cnn3_cartoon_seed42_to_sketch,cnn3_cartoon_seed42,cnn3,cartoon,sketch,42,0.2519083969465648,0.5521628498727735,0.5877862595419847,0.232824427480916,0.290999237079518,0.9999999999270944,0.9999999998820083,0.099497776037387,0.06125435668654659,688,0.5687022900763359,0.5248908330353477,0.04381145704098821,1375,0.6450381679389313,0.5446003950964887,0.1004377728424426,2750,0.6628498727735369,0.5635214367244992,0.09932843604903774
4,sketch,metadata_observation_source_ridge,0.1,cnn3_cartoon_seed387_to_sketch,cnn3_cartoon_seed387,cnn3,cartoon,sketch,387,0.1908396946564885,0.5725190839694656,0.5750636132315522,0.1590330788804071,0.23699247322496325,0.9067738977496588,0.9999999999101745,0.136260062452075,0.07617660181229038,688,0.5954198473282443,0.5362083487177987,0.05921149861044561,1375,0.6195928753180662,0.5600133134426696,0.05957956187539659,2750,0.6603053435114504,0.5826310689688927,0.07767427454255771
4,sketch,metadata_observation_source_ridge,0.1,cnn3_photo_seed42_to_sketch,cnn3_photo_seed42,cnn3,photo,sketch,42,0.1577608142493638,0.4758269720101781,0.5114503816793893,0.1564885496183206,0.2184180280804612,0.9999999999999992,0.9999999999244562,0.0914318998957702,0.05875366518701364,688,0.5063613231552163,0.467623653567973,0.03873766958724334,1375,0.5852417302798982,0.4888254813137455,0.09641624896615275,2750,0.6081424936386769,0.5092143513391659,0.09892814229951097
4,sketch,metadata_observation_source_ridge,0.1,cnn3_photo_seed387_to_sketch,cnn3_photo_seed387,cnn3,photo,sketch,387,0.1552162849872773,0.4376590330788804,0.4681933842239186,0.1552162849872773,0.2067724687483341,0.9999999999999996,0.9999999999152226,0.0867547474106302,0.05096675090557491,688,0.5165394402035624,0.4314836394606599,0.08505580074290248,1375,0.5585241730279898,0.4511766311012553,0.10734754192673457,2750,0.6017811704834606,0.4702168770117265,0.1315642934717341
4,sketch,metadata_observation_source_ridge,0.1,cnn3_art_painting-cartoon_seed42_to_sketch,cnn3_art_painting-cartoon_seed42,cnn3,art_painting|cartoon,sketch,42,0.2111959287531806,0.5776081424936387,0.6234096692111959,0.1984732824427481,0.28293608252212815,0.9999987204352938,0.999999999900075,0.1058900166569212,0.08570048326284489,688,0.5776081424936387,0.5904366274337693,0.012828484940130669,1375,0.6068702290076335,0.6140093782571608,0.007139149249527299,2750,0.678117048346056,0.636259328913401,0.04185771943265504
4,sketch,metadata_observation_source_ridge,0.1,cnn3_art_painting-cartoon_seed387_to_sketch,cnn3_art_painting-cartoon_seed387,cnn3,art_painting|cartoon,sketch,387,0.1755725190839694,0.549618320610687,0.5776081424936387,0.1450381679389313,0.2571304677445177,1.0,0.9999999999556966,0.115851783667619,0.08458467191040653,688,0.6055979643765903,0.5725919426620456,0.0330060217145447,1375,0.6374045801526718,0.5968807509927039,0.040523829159967883,2750,0.6666666666666666,0.6198242917935506,0.046842374873116044
4,sketch,metadata_observation_source_ridge,0.1,cnn3_art_painting-photo_seed42_to_sketch,cnn3_art_painting-photo_seed42,cnn3,art_painting|photo,sketch,42,0.1577608142493638,0.5012722646310432,0.5343511450381679,0.1577608142493638,0.22653592937762573,0.9999999999997722,0.9999999998858065,0.1031158722527271,0.07252131562046353,688,0.5597964376590331,0.5184861843518286,0.0413102533072045,1375,0.5903307888040712,0.5420443658844823,0.048286422919588845,2750,0.6628498727735369,0.5644843539645048,0.0983655188090321
4,sketch,metadata_observation_source_ridge,0.1,cnn3_art_painting-photo_seed387_to_sketch,cnn3_art_painting-photo_seed387,cnn3,art_painting|photo,sketch,387,0.2264631043256997,0.544529262086514,0.5623409669211196,0.2073791348600508,0.29033948526801356,0.9999999999979444,0.9999999998868617,0.0959832005178996,0.06490752067738391,688,0.5623409669211196,0.5356677279161222,0.026673239004997407,1375,0.5992366412213741,0.5560534339471519,0.0431832072742222,2750,0.6437659033078881,0.5755741419431988,0.0681917613646893
4,sketch,metadata_observation_source_ridge,0.1,cnn3_cartoon-photo_seed42_to_sketch,cnn3_cartoon-photo_seed42,cnn3,cartoon|photo,sketch,42,0.3358778625954198,0.5699745547073791,0.5903307888040712,0.3702290076335878,0.3876755223331094,0.999999999999997,0.9999999998650106,0.066221920516156,0.043027875066403584,688,0.5877862595419847,0.5377689892362845,0.050017270305700245,1375,0.6208651399491094,0.5513232773876955,0.06954186256141393,2750,0.6399491094147582,0.5645005114338323,0.07544859798092596
4,sketch,metadata_observation_source_ridge,0.1,cnn3_cartoon-photo_seed387_to_sketch,cnn3_cartoon-photo_seed387,cnn3,cartoon|photo,sketch,387,0.2061068702290076,0.5776081424936387,0.5674300254452926,0.2111959287531806,0.25974825094872217,0.9999999999997192,0.9999999999296402,0.1027438468064149,0.07036075459282407,688,0.5801526717557252,0.5326091607447934,0.047543511010931794,1375,0.6348600508905853,0.55481155778964,0.0800484931009453,2750,0.6552162849872774,0.5759917675106139,0.07922451747666348
4,sketch,metadata_observation_source_ridge,0.1,resnet18_art_painting_seed42_to_sketch,resnet18_art_painting_seed42,resnet18,art_painting,sketch,42,0.4173027989821883,0.6666666666666666,0.6870229007633588,0.4300254452926209,0.4882639646578276,0.999999999999996,0.999999999930995,0.1468700032038195,0.07469769268469388,688,0.7748091603053435,0.6859219593515916,0.08888720095375191,1375,0.8498727735368957,0.7017376434017348,0.1481351301351609,2750,0.8791348600508906,0.7167799539524012,0.16235490609848935
4,sketch,metadata_observation_source_ridge,0.1,resnet18_art_painting_seed387_to_sketch,resnet18_art_painting_seed387,resnet18,art_painting,sketch,387,0.4452926208651399,0.6717557251908397,0.7175572519083969,0.4465648854961832,0.5269782021481292,0.999999999999996,0.9999999998854835,0.1405087829488756,0.07362754044625283,688,0.7798982188295165,0.7076453176253038,0.07225290120421268,1375,0.8384223918575063,0.722161517165163,0.11626087469234336,2750,0.861323155216285,0.7359781183222053,0.12534503689407972
4,sketch,metadata_observation_source_ridge,0.1,resnet18_cartoon_seed42_to_sketch,resnet18_cartoon_seed42,resnet18,cartoon,sketch,42,0.272264631043257,0.6513994910941476,0.7048346055979644,0.2964376590330789,0.32926746048694366,0.9999999999311148,0.999999999885275,0.166800395010574,0.10734044186476216,688,0.7697201017811705,0.6674218825741217,0.10229821920704874,1375,0.8231552162849872,0.6912203386970682,0.131934877587919,2750,0.8740458015267175,0.7133493464457974,0.16069645508092012
4,sketch,metadata_observation_source_ridge,0.1,resnet18_cartoon_seed387_to_sketch,resnet18_cartoon_seed387,resnet18,cartoon,sketch,387,0.3384223918575064,0.6641221374045801,0.6615776081424937,0.3384223918575064,0.3961801689935853,0.9999999999999998,0.9999999999180018,0.1638280188002036,0.08646496522806196,688,0.7709923664122137,0.6568366917349557,0.11415567467725796,1375,0.8206106870229007,0.6767587045778585,0.14385198244504227,2750,0.8816793893129771,0.6955528323657096,0.18612655694726743
4,sketch,metadata_observation_source_ridge,0.1,resnet18_photo_seed42_to_sketch,resnet18_photo_seed42,resnet18,photo,sketch,42,0.188295165394402,0.5979643765903307,0.6717557251908397,0.1768447837150127,0.25225044710502376,1.0,0.9999999999094007,0.1842480442627502,0.12055357498509042,688,0.7633587786259542,0.6599062206791085,0.10345255794684571,1375,0.8142493638676844,0.6871151828376248,0.12713418103005958,2750,0.8854961832061069,0.7121850986953151,0.1733110845107918
4,sketch,metadata_observation_source_ridge,0.1,resnet18_photo_seed387_to_sketch,resnet18_photo_seed387,resnet18,photo,sketch,387,0.2137404580152671,0.6335877862595419,0.712468193384224,0.2315521628498727,0.27998966663440006,1.0,0.9999999998375144,0.1732439151507683,0.11601971845265871,688,0.7608142493638677,0.6626743744437863,0.09813987492008136,1375,0.8142493638676844,0.6886871105087262,0.1255622533589582,2750,0.8854961832061069,0.7127301817870798,0.1727660014190271
4,sketch,metadata_observation_source_ridge,0.1,resnet18_art_painting-cartoon_seed42_to_sketch,resnet18_art_painting-cartoon_seed42,resnet18,art_painting|cartoon,sketch,42,0.4071246819338422,0.6768447837150128,0.7353689567430025,0.3969465648854962,0.4881705935224947,0.999999999998308,0.9999999998556539,0.174315295474169,0.08237245858193852,688,0.821882951653944,0.7012319594122294,0.1206509922417146,1375,0.8625954198473282,0.7177788759753948,0.14481654387193343,2750,0.8804071246819338,0.7334332739827827,0.14697385069915114
4,sketch,metadata_observation_source_ridge,0.1,resnet18_art_painting-cartoon_seed387_to_sketch,resnet18_art_painting-cartoon_seed387,resnet18,art_painting|cartoon,sketch,387,0.3435114503816794,0.648854961832061,0.6870229007633588,0.3358778625954198,0.4241684487543498,0.999999999999999,0.9999999998955905,0.173174742999072,0.08976264996243476,688,0.7938931297709924,0.6797203252501323,0.1141728045208601,1375,0.8384223918575063,0.6990012101804173,0.13942118167708906,2750,0.8854961832061069,0.7171490332539848,0.16834714995212208
4,sketch,metadata_observation_source_ridge,0.1,resnet18_art_painting-photo_seed42_to_sketch,resnet18_art_painting-photo_seed42,resnet18,art_painting|photo,sketch,42,0.3740458015267175,0.6335877862595419,0.6895674300254453,0.3511450381679389,0.4522304083621208,1.0,0.9999999998829076,0.1682529080028945,0.0809497754325551,688,0.7824427480916031,0.6772660072112001,0.10517674088040296,1375,0.8536895674300254,0.694840101159708,0.15884946627031749,2750,0.8893129770992366,0.7114826538702821,0.17783032322895453
4,sketch,metadata_observation_source_ridge,0.1,resnet18_art_painting-photo_seed387_to_sketch,resnet18_art_painting-photo_seed387,resnet18,art_painting|photo,sketch,387,0.3053435114503817,0.6513994910941476,0.7150127226463104,0.2760814249363867,0.39071073284404323,0.9999999999999996,0.9999999998708612,0.1731730868079062,0.10483739216429969,688,0.7798982188295165,0.6929055084637225,0.08699271036579403,1375,0.8307888040712468,0.714386351901856,0.11640245216939082,2750,0.8753180661577609,0.7343949646215221,0.14092310153623877
4,sketch,metadata_observation_source_ridge,0.1,resnet18_cartoon-photo_seed42_to_sketch,resnet18_cartoon-photo_seed42,resnet18,cartoon|photo,sketch,42,0.3231552162849873,0.6081424936386769,0.6793893129770993,0.3167938931297709,0.3887152935106695,1.0,0.9999999998956836,0.1543136635849651,0.08874118519445587,688,0.7430025445292621,0.657723885755241,0.08527865877402108,1375,0.811704834605598,0.6781016053264624,0.1336032292791356,2750,0.8396946564885496,0.6972953732363913,0.14239928325215823
4,sketch,metadata_observation_source_ridge,0.1,resnet18_cartoon-photo_seed387_to_sketch,resnet18_cartoon-photo_seed387,resnet18,cartoon|photo,sketch,387,0.3129770992366412,0.628498727735369,0.6921119592875318,0.3142493638676845,0.38695992242054683,0.999999999999164,0.999999999875804,0.1670567675953629,0.0960048961245201,688,0.7938931297709924,0.6726548384826012,0.12123829128839114,1375,0.8180661577608143,0.6936865047921341,0.12437965296868014,2750,0.8918575063613231,0.7133968688593513,0.17846063750197183
4,sketch,metadata_observation_adapted_ridge,0.001,cnn3_art_painting_seed42_to_sketch,cnn3_art_painting_seed42,cnn3,art_painting,sketch,42,0.2366412213740458,0.5216284987277354,0.5725190839694656,0.2290076335877862,0.29186114025025606,0.99999999999958,0.9999999997951535,0.0884748114359949,0.05527177473598632,688,0.5572519083969466,0.5065478859649207,0.050704022432025875,1375,0.594147582697201,0.5250570818254142,0.06909050087178681,2750,0.6348600508905853,0.5428995190043564,0.09196053188622888
4,sketch,metadata_observation_adapted_ridge,0.001,cnn3_art_painting_seed387_to_sketch,cnn3_art_painting_seed387,cnn3,art_painting,sketch,387,0.2875318066157761,0.5241730279898219,0.539440203562341,0.2557251908396946,0.3426458645499267,1.0,0.9999999998618535,0.0769142338211798,0.04121997954428533,688,0.544529262086514,0.4978793744470802,0.046649887639433785,1375,0.583969465648855,0.5119934941428657,0.07197597150598933,2750,0.6106870229007634,0.5257321693159309,0.08495485358483246
4,sketch,metadata_observation_adapted_ridge,0.001,cnn3_cartoon_seed42_to_sketch,cnn3_cartoon_seed42,cnn3,cartoon,sketch,42,0.2519083969465648,0.5521628498727735,0.5877862595419847,0.232824427480916,0.2866139094547021,0.9999999999270944,0.999999999823124,0.099497776037387,0.0552507771908613,688,0.5687022900763359,0.5028232403552034,0.06587904972113245,1375,0.6450381679389313,0.5214651960801298,0.12357297185880156,2750,0.6628498727735369,0.5394358719062352,0.1234140008673017
4,sketch,metadata_observation_adapted_ridge,0.001,cnn3_cartoon_seed387_to_sketch,cnn3_cartoon_seed387,cnn3,cartoon,sketch,387,0.1908396946564885,0.5725190839694656,0.5750636132315522,0.1590330788804071,0.22799209684273422,0.9067738977496588,0.9999999998565668,0.136260062452075,0.0728165268799095,688,0.5954198473282443,0.5203190402820368,0.07510080704620747,1375,0.6195928753180662,0.5438806961698457,0.07571217914822048,2750,0.6603053435114504,0.5663194077822924,0.09398593572915803
4,sketch,metadata_observation_adapted_ridge,0.001,cnn3_photo_seed42_to_sketch,cnn3_photo_seed42,cnn3,photo,sketch,42,0.1577608142493638,0.4758269720101781,0.5114503816793893,0.1564885496183206,0.1902768274888525,0.9999999999999992,0.9999999998192113,0.0914318998957702,0.06003894347455601,688,0.5063613231552163,0.4530685657937899,0.05329275736142641,1375,0.5852417302798982,0.47531670972858564,0.10992502055131259,2750,0.6081424936386769,0.49669274930044116,0.11144974433823573
4,sketch,metadata_observation_adapted_ridge,0.001,cnn3_photo_seed387_to_sketch,cnn3_photo_seed387,cnn3,photo,sketch,387,0.1552162849872773,0.4376590330788804,0.4681933842239186,0.1552162849872773,0.19077196058441312,0.9999999999999996,0.9999999998320873,0.0867547474106302,0.0546773031826111,688,0.5165394402035624,0.4339109560923311,0.08262848411123125,1375,0.5585241730279898,0.45492064813616717,0.10360352489182267,2750,0.6017811704834606,0.4751818418830205,0.1265993286004401
4,sketch,metadata_observation_adapted_ridge,0.001,cnn3_art_painting-cartoon_seed42_to_sketch,cnn3_art_painting-cartoon_seed42,cnn3,art_painting|cartoon,sketch,42,0.2111959287531806,0.5776081424936387,0.6234096692111959,0.1984732824427481,0.2838058978183165,0.9999987204352938,0.9999999998654799,0.1058900166569212,0.076111182060831,688,0.5776081424936387,0.5644775762710539,0.013130566222584794,1375,0.6068702290076335,0.5868128740780287,0.02005735492960481,2750,0.678117048346056,0.6080352194512814,0.07008182889477466
4,sketch,metadata_observation_adapted_ridge,0.001,cnn3_art_painting-cartoon_seed387_to_sketch,cnn3_art_painting-cartoon_seed387,cnn3,art_painting|cartoon,sketch,387,0.1755725190839694,0.549618320610687,0.5776081424936387,0.1450381679389313,0.24658619912960902,1.0,0.9999999999053404,0.115851783667619,0.08167414840262333,688,0.6055979643765903,0.5582013002616838,0.047396664114906506,1375,0.6374045801526718,0.5824681752053051,0.054936404947366624,2750,0.6666666666666666,0.6054372276988965,0.06122943896777011
4,sketch,metadata_observation_adapted_ridge,0.001,cnn3_art_painting-photo_seed42_to_sketch,cnn3_art_painting-photo_seed42,cnn3,art_painting|photo,sketch,42,0.1577608142493638,0.5012722646310432,0.5343511450381679,0.1577608142493638,0.2194893126931874,0.9999999999997722,0.9999999998827656,0.1031158722527271,0.07679859704653295,688,0.5597964376590331,0.5274937039195062,0.03230273373952686,1375,0.5903307888040712,0.551938775142545,0.038392013661526225,2750,0.6628498727735369,0.5751547154710221,0.08769515730251476
4,sketch,metadata_observation_adapted_ridge,0.001,cnn3_art_painting-photo_seed387_to_sketch,cnn3_art_painting-photo_seed387,cnn3,art_painting|photo,sketch,387,0.2264631043256997,0.544529262086514,0.5623409669211196,0.2073791348600508,0.2763114614088708,0.9999999999979444,0.9999999998536631,0.0959832005178996,0.06404049767987872,688,0.5623409669211196,0.5237985394411331,0.038542427479986485,1375,0.5992366412213741,0.5444322126377468,0.05480442858362733,2750,0.6437659033078881,0.5642022281711411,0.079563675136747
4,sketch,metadata_observation_adapted_ridge,0.001,cnn3_cartoon-photo_seed42_to_sketch,cnn3_cartoon-photo_seed42,cnn3,cartoon|photo,sketch,42,0.3358778625954198,0.5699745547073791,0.5903307888040712,0.3702290076335878,0.3751844414219545,0.999999999999997,0.9999999998117303,0.066221920516156,0.04283862121572767,688,0.5877862595419847,0.5277560125248845,0.06003024701710025,1375,0.6208651399491094,0.5415439067575222,0.07932123319158724,2750,0.6399491094147582,0.5549500046050849,0.08499910480967332
4,sketch,metadata_observation_adapted_ridge,0.001,cnn3_cartoon-photo_seed387_to_sketch,cnn3_cartoon-photo_seed387,cnn3,cartoon|photo,sketch,387,0.2061068702290076,0.5776081424936387,0.5674300254452926,0.2111959287531806,0.2473918943857771,0.9999999999997192,0.9999999998757789,0.1027438468064149,0.06720907078760675,688,0.5801526717557252,0.5149183849936696,0.06523428676205556,1375,0.6348600508905853,0.5369527994561784,0.09790725143440693,2750,0.6552162849872774,0.5580186695713228,0.09719761541595451
4,sketch,metadata_observation_adapted_ridge,0.001,resnet18_art_painting_seed42_to_sketch,resnet18_art_painting_seed42,resnet18,art_painting,sketch,42,0.4173027989821883,0.6666666666666666,0.6870229007633588,0.4300254452926209,0.472034265572862,0.999999999999996,0.9999999998132179,0.1468700032038195,0.058714033726300685,688,0.7748091603053435,0.6402817779457313,0.13452738235961226,1375,0.8498727735368957,0.6545980470929156,0.19527472644398014,2750,0.8791348600508906,0.6683657544022945,0.21076910564859608
4,sketch,metadata_observation_adapted_ridge,0.001,resnet18_art_painting_seed387_to_sketch,resnet18_art_painting_seed387,resnet18,art_painting,sketch,387,0.4452926208651399,0.6717557251908397,0.7175572519083969,0.4465648854961832,0.5051207084252998,0.999999999999996,0.9999999997401908,0.1405087829488756,0.05041099261165376,688,0.7798982188295165,0.6440230867944661,0.13587513203505042,1375,0.8384223918575063,0.6562217389984598,0.18220065285904652,2750,0.861323155216285,0.668020591856178,0.19330256336010698
4,sketch,metadata_observation_adapted_ridge,0.001,resnet18_cartoon_seed42_to_sketch,resnet18_cartoon_seed42,resnet18,cartoon,sketch,42,0.272264631043257,0.6513994910941476,0.7048346055979644,0.2964376590330789,0.31150081911211625,0.9999999999311148,0.999999999817542,0.166800395010574,0.10195067568613261,688,0.7697201017811705,0.6463732899572523,0.12334681182391816,1375,0.8231552162849872,0.6704516375210625,0.1527035787639247,2750,0.8740458015267175,0.6929245914377877,0.18112121008892978
4,sketch,metadata_observation_adapted_ridge,0.001,resnet18_cartoon_seed387_to_sketch,resnet18_cartoon_seed387,resnet18,cartoon,sketch,387,0.3384223918575064,0.6641221374045801,0.6615776081424937,0.3384223918575064,0.37323525142040515,0.9999999999999998,0.9999999998421236,0.1638280188002036,0.08248211117622807,688,0.7709923664122137,0.6344033152017282,0.13658905121048548,1375,0.8206106870229007,0.6546776499868918,0.16593303703600892,2750,0.8816793893129771,0.6738569584062526,0.20782243090672448
4,sketch,metadata_observation_adapted_ridge,0.001,resnet18_photo_seed42_to_sketch,resnet18_photo_seed42,resnet18,photo,sketch,42,0.188295165394402,0.5979643765903307,0.6717557251908397,0.1768447837150127,0.22591017356074033,1.0,0.9999999997769261,0.1842480442627502,0.10244530577422521,688,0.7633587786259542,0.6036953904303654,0.1596633881955889,1375,0.8142493638676844,0.6308059997654347,0.1834433641022497,2750,0.8854961832061069,0.6561003810220253,0.22939580218408162
4,sketch,metadata_observation_adapted_ridge,0.001,resnet18_photo_seed387_to_sketch,resnet18_photo_seed387,resnet18,photo,sketch,387,0.2137404580152671,0.6335877862595419,0.712468193384224,0.2315521628498727,0.25239440494349,1.0,0.9999999997189016,0.1732439151507683,0.10094069257212261,688,0.7608142493638677,0.6134722050592485,0.14734204430461917,1375,0.8142493638676844,0.6395390485517172,0.17471031531596726,2750,0.8854961832061069,0.6638849330850861,0.2216112501210208
4,sketch,metadata_observation_adapted_ridge,0.001,resnet18_art_painting-cartoon_seed42_to_sketch,resnet18_art_painting-cartoon_seed42,resnet18,art_painting|cartoon,sketch,42,0.4071246819338422,0.6768447837150128,0.7353689567430025,0.3969465648854962,0.47176035767309804,0.999999999998308,0.9999999997767649,0.174315295474169,0.07501482859086804,688,0.821882951653944,0.6764641117131942,0.14541883994074978,1375,0.8625954198473282,0.6928234442564397,0.16977197559088852,2750,0.8804071246819338,0.7083794039619445,0.17202772071998929
4,sketch,metadata_observation_adapted_ridge,0.001,resnet18_art_painting-cartoon_seed387_to_sketch,resnet18_art_painting-cartoon_seed387,resnet18,art_painting|cartoon,sketch,387,0.3435114503816794,0.648854961832061,0.6870229007633588,0.3358778625954198,0.4082773629031751,0.999999999999999,0.9999999998223634,0.173174742999072,0.08282239372258565,688,0.7938931297709924,0.655610363281091,0.13828276648990134,1375,0.8384223918575063,0.6747852066673372,0.16363718519016912,2750,0.8854961832061069,0.6929201354885284,0.19257604771757852
4,sketch,metadata_observation_adapted_ridge,0.001,resnet18_art_painting-photo_seed42_to_sketch,resnet18_art_painting-photo_seed42,resnet18,art_painting|photo,sketch,42,0.3740458015267175,0.6335877862595419,0.6895674300254453,0.3511450381679389,0.4252521459152015,1.0,0.9999999997626188,0.1682529080028945,0.06443321142555951,688,0.7824427480916031,0.6227738602993858,0.15966888779221733,1375,0.8536895674300254,0.6392169768264896,0.21447259060353585,2750,0.8893129770992366,0.6549675562466397,0.2343454208525969
4,sketch,metadata_observation_adapted_ridge,0.001,resnet18_art_painting-photo_seed387_to_sketch,resnet18_art_painting-photo_seed387,resnet18,art_painting|photo,sketch,387,0.3053435114503817,0.6513994910941476,0.7150127226463104,0.2760814249363867,0.3714770419000559,0.9999999999999996,0.9999999997847522,0.1731730868079062,0.09310787034582924,688,0.7798982188295165,0.6579728365809014,0.12192538224861504,1375,0.8307888040712468,0.6793058278401642,0.15148297623108253,2750,0.8753180661577609,0.6993387200087877,0.17597934614897315
4,sketch,metadata_observation_adapted_ridge,0.001,resnet18_cartoon-photo_seed42_to_sketch,resnet18_cartoon-photo_seed42,resnet18,cartoon|photo,sketch,42,0.3231552162849873,0.6081424936386769,0.6793893129770993,0.3167938931297709,0.37239434126768745,1.0,0.9999999998363881,0.1543136635849651,0.08649085422801983,688,0.7430025445292621,0.6433790555771768,0.09962348895208528,1375,0.811704834605598,0.6640883537424151,0.1476164808631828,2750,0.8396946564885496,0.68362484456375,0.15606981192479963
4,sketch,metadata_observation_adapted_ridge,0.001,resnet18_cartoon-photo_seed387_to_sketch,resnet18_cartoon-photo_seed387,resnet18,cartoon|photo,sketch,387,0.3129770992366412,0.628498727735369,0.6921119592875318,0.3142493638676845,0.37001756485924897,0.999999999999164,0.9999999998106137,0.1670567675953629,0.09193123332363018,688,0.7938931297709924,0.6545323009447666,0.1393608288262258,1375,0.8180661577608143,0.6758161486744961,0.14225000908631813,2750,0.8918575063613231,0.6958191781208392,0.19603832824048395
4,sketch,metadata_observation_change_ridge,0.1,cnn3_art_painting_seed42_to_sketch,cnn3_art_painting_seed42,cnn3,art_painting,sketch,42,0.2366412213740458,0.5216284987277354,0.5725190839694656,0.2290076335877862,0.29293258941475653,0.99999999999958,0.9999999998364493,0.0884748114359949,0.06981690909562022,688,0.5572519083969466,0.5519720301750302,0.005279878221916445,1375,0.594147582697201,0.5730940745618557,0.021053508135345345,2750,0.6348600508905853,0.5932512575982332,0.04160879329235212
4,sketch,metadata_observation_change_ridge,0.1,cnn3_art_painting_seed387_to_sketch,cnn3_art_painting_seed387,cnn3,art_painting,sketch,387,0.2875318066157761,0.5241730279898219,0.539440203562341,0.2557251908396946,0.33817971957872395,1.0,0.9999999998702495,0.0769142338211798,0.05758630136721829,688,0.544529262086514,0.5457472931948724,0.0012180311083583861,1375,0.583969465648855,0.5634855303733509,0.020483935275504073,2750,0.6106870229007634,0.5805574068855376,0.03012961601522579
4,sketch,metadata_observation_change_ridge,0.1,cnn3_cartoon_seed42_to_sketch,cnn3_cartoon_seed42,cnn3,cartoon,sketch,42,0.2519083969465648,0.5521628498727735,0.5877862595419847,0.232824427480916,0.3042329340787697,0.9999999999270944,0.9999999998300371,0.099497776037387,0.06386600567571386,688,0.5687022900763359,0.5416490427214544,0.02705324735488146,1375,0.6450381679389313,0.5614563317881524,0.08358183615077897,2750,0.6628498727735369,0.5804368454072446,0.0824130273662923
4,sketch,metadata_observation_change_ridge,0.1,cnn3_cartoon_seed387_to_sketch,cnn3_cartoon_seed387,cnn3,cartoon,sketch,387,0.1908396946564885,0.5725190839694656,0.5750636132315522,0.1590330788804071,0.23792693287820454,0.9067738977496588,0.9999999998875143,0.136260062452075,0.08101240723094164,688,0.5954198473282443,0.5511867788773057,0.04423306845093855,1375,0.6195928753180662,0.5756447509105669,0.04394812440749929,2750,0.6603053435114504,0.5988052872520011,0.06150005625944932
4,sketch,metadata_observation_change_ridge,0.1,cnn3_photo_seed42_to_sketch,cnn3_photo_seed42,cnn3,photo,sketch,42,0.1577608142493638,0.4758269720101781,0.5114503816793893,0.1564885496183206,0.1635931824535674,0.9999999999999992,0.9999999999584693,0.0914318998957702,0.07595770093797886,688,0.5063613231552163,0.49086499527815086,0.015496327877065452,1375,0.5852417302798982,0.5169241533012854,0.06831757697861285,2750,0.6081424936386769,0.5416874323278116,0.06645506131086532
4,sketch,metadata_observation_change_ridge,0.1,cnn3_photo_seed387_to_sketch,cnn3_photo_seed387,cnn3,photo,sketch,387,0.1552162849872773,0.4376590330788804,0.4681933842239186,0.1552162849872773,0.18601766175643591,0.9999999999999996,0.9999999999850104,0.0867547474106302,0.06692159890270347,688,0.5165394402035624,0.47437403154062363,0.04216540866293872,1375,0.5585241730279898,0.4981503590714373,0.06037381395655256,2750,0.6017811704834606,0.5208860986452059,0.08089507183825473
4,sketch,metadata_observation_change_ridge,0.1,cnn3_art_painting-cartoon_seed42_to_sketch,cnn3_art_painting-cartoon_seed42,cnn3,art_painting|cartoon,sketch,42,0.2111959287531806,0.5776081424936387,0.6234096692111959,0.1984732824427481,0.317057991941722,0.9999987204352938,0.9999999997894106,0.1058900166569212,0.08427988880938109,688,0.5776081424936387,0.6062876601050378,0.028679517611399086,1375,0.6068702290076335,0.6285833105579418,0.021713081550308266,2750,0.678117048346056,0.6496485310090194,0.028468517337036592
4,sketch,metadata_observation_change_ridge,0.1,cnn3_art_painting-cartoon_seed387_to_sketch,cnn3_art_painting-cartoon_seed387,cnn3,art_painting|cartoon,sketch,387,0.1755725190839694,0.549618320610687,0.5776081424936387,0.1450381679389313,0.25461635072463806,1.0,0.9999999999206571,0.115851783667619,0.08817064574256185,688,0.6055979643765903,0.5810788950845078,0.024519069292082474,1375,0.6374045801526718,0.6058642331306039,0.03154034702206787,2750,0.6666666666666666,0.6292187574463302,0.03744790922033647
4,sketch,metadata_observation_change_ridge,0.1,cnn3_art_painting-photo_seed42_to_sketch,cnn3_art_painting-photo_seed42,cnn3,art_painting|photo,sketch,42,0.1577608142493638,0.5012722646310432,0.5343511450381679,0.1577608142493638,0.2545821837479621,0.9999999999997722,0.9999999999020158,0.1031158722527271,0.08483342530071615,688,0.5597964376590331,0.5718224327616296,0.012025995102596498,1375,0.5903307888040712,0.596224451080657,0.0058936622765858315,2750,0.6628498727735369,0.6192709627684607,0.04357891000507619
4,sketch,metadata_observation_change_ridge,0.1,cnn3_art_painting-photo_seed387_to_sketch,cnn3_art_painting-photo_seed387,cnn3,art_painting|photo,sketch,387,0.2264631043256997,0.544529262086514,0.5623409669211196,0.2073791348600508,0.3038713265129533,0.9999999999979444,0.9999999998771658,0.0959832005178996,0.07266546426967427,688,0.5623409669211196,0.5670387734229808,0.004697806501861246,1375,0.5992366412213741,0.5882625627208846,0.010974078500489481,2750,0.6437659033078881,0.6084769437530335,0.03528895955485456
4,sketch,metadata_observation_change_ridge,0.1,cnn3_cartoon-photo_seed42_to_sketch,cnn3_cartoon-photo_seed42,cnn3,cartoon|photo,sketch,42,0.3358778625954198,0.5699745547073791,0.5903307888040712,0.3702290076335878,0.391681910158844,0.999999999999997,0.9999999998934715,0.066221920516156,0.05033390790331811,688,0.5877862595419847,0.5622037204272194,0.025582539114765268,1375,0.6208651399491094,0.5771836232258813,0.043681516723228064,2750,0.6399491094147582,0.5916733469666873,0.04827576244807097
4,sketch,metadata_observation_change_ridge,0.1,cnn3_cartoon-photo_seed387_to_sketch,cnn3_cartoon-photo_seed387,cnn3,cartoon|photo,sketch,387,0.2061068702290076,0.5776081424936387,0.5674300254452926,0.2111959287531806,0.24536630720863967,0.9999999999997192,0.9999999999142274,0.1027438468064149,0.0763574100102882,688,0.5801526717557252,0.5418400498735916,0.03831262188213358,1375,0.6348600508905853,0.5654103120743325,0.06944973881625283,2750,0.6552162849872774,0.5878022674691608,0.0674140175181166
4,sketch,metadata_observation_change_ridge,0.1,resnet18_art_painting_seed42_to_sketch,resnet18_art_painting_seed42,resnet18,art_painting,sketch,42,0.4173027989821883,0.6666666666666666,0.6870229007633588,0.4300254452926209,0.47875351647579956,0.999999999999996,0.9999999998256911,0.1468700032038195,0.06708409411557342,688,0.7748091603053435,0.6637643388640088,0.11104482144133476,1375,0.8498727735368957,0.6790098070741288,0.17086296646276689,2750,0.8791348600508906,0.6935864067493802,0.18554845330151037
4,sketch,metadata_observation_change_ridge,0.1,resnet18_art_painting_seed387_to_sketch,resnet18_art_painting_seed387,resnet18,art_painting,sketch,387,0.4452926208651399,0.6717557251908397,0.7175572519083969,0.4465648854961832,0.49767866311315384,0.999999999999996,0.9999999997142506,0.1405087829488756,0.061279131299365186,688,0.7798982188295165,0.6634434728419258,0.11645474598759065,1375,0.8384223918575063,0.6774108063759152,0.1610115854815911,2750,0.861323155216285,0.6908191188572977,0.17050403635898725
4,sketch,metadata_observation_change_ridge,0.1,resnet18_cartoon_seed42_to_sketch,resnet18_cartoon_seed42,resnet18,cartoon,sketch,42,0.272264631043257,0.6513994910941476,0.7048346055979644,0.2964376590330789,0.3199870067408371,0.9999999999311148,0.9999999998528128,0.166800395010574,0.10520596062840659,688,0.7697201017811705,0.6580838368305191,0.11163626495065138,1375,0.8231552162849872,0.6820814684884614,0.14107374779652582,2750,0.8740458015267175,0.7044286743000853,0.16961712722663225
4,sketch,metadata_observation_change_ridge,0.1,resnet18_cartoon_seed387_to_sketch,resnet18_cartoon_seed387,resnet18,cartoon,sketch,387,0.3384223918575064,0.6641221374045801,0.6615776081424937,0.3384223918575064,0.38057780651854656,0.9999999999999998,0.9999999999051877,0.1638280188002036,0.08762384960492965,688,0.7709923664122137,0.6506256094996912,0.12036675691252252,1375,0.8206106870229007,0.6711718930818701,0.14943879394103066,2750,0.8816793893129771,0.6905394054162426,0.19113998389673448
4,sketch,metadata_observation_change_ridge,0.1,resnet18_photo_seed42_to_sketch,resnet18_photo_seed42,resnet18,photo,sketch,42,0.188295165394402,0.5979643765903307,0.6717557251908397,0.1768447837150127,0.24482286008986553,1.0,0.9999999997915249,0.1842480442627502,0.10956170907963697,688,0.7633587786259542,0.6309470456322992,0.13241173299365505,1375,0.8142493638676844,0.6578815976445185,0.15636776622316595,2750,0.8854961832061069,0.6828882256918011,0.20260795751430583
4,sketch,metadata_observation_change_ridge,0.1,resnet18_photo_seed387_to_sketch,resnet18_photo_seed387,resnet18,photo,sketch,387,0.2137404580152671,0.6335877862595419,0.712468193384224,0.2315521628498727,0.2553090053194776,1.0,0.9999999997339523,0.1732439151507683,0.11131299894320971,688,0.7608142493638677,0.6402130481735357,0.12060120119033191,1375,0.8142493638676844,0.6668751185162138,0.1473742453514706,2750,0.8854961832061069,0.6915987782602566,0.19389740494585028
4,sketch,metadata_observation_change_ridge,0.1,resnet18_art_painting-cartoon_seed42_to_sketch,resnet18_art_painting-cartoon_seed42,resnet18,art_painting|cartoon,sketch,42,0.4071246819338422,0.6768447837150128,0.7353689567430025,0.3969465648854962,0.4726391647822017,0.999999999998308,0.9999999998242859,0.174315295474169,0.07749031410262909,688,0.821882951653944,0.6821857436994213,0.13969720795452267,1375,0.8625954198473282,0.6987719951392576,0.16382342470807065,2750,0.8804071246819338,0.7145167268525463,0.16589039782938753
4,sketch,metadata_observation_change_ridge,0.1,resnet18_art_painting-cartoon_seed387_to_sketch,resnet18_art_painting-cartoon_seed387,resnet18,art_painting|cartoon,sketch,387,0.3435114503816794,0.648854961832061,0.6870229007633588,0.3358778625954198,0.41497810670950347,0.999999999999999,0.9999999998621649,0.173174742999072,0.08521964703047835,688,0.7938931297709924,0.6648030341654986,0.12909009560549378,1375,0.8384223918575063,0.6839904816315244,0.1544319102259819,2750,0.8854961832061069,0.7021072422001735,0.1833889410059334
4,sketch,metadata_observation_change_ridge,0.1,resnet18_art_painting-photo_seed42_to_sketch,resnet18_art_painting-photo_seed42,resnet18,art_painting|photo,sketch,42,0.3740458015267175,0.6335877862595419,0.6895674300254453,0.3511450381679389,0.4336308938082214,1.0,0.9999999997821878,0.1682529080028945,0.07324768190408443,688,0.7824427480916031,0.6490812471922845,0.13336150089931853,1375,0.8536895674300254,0.6664176750278403,0.18727189240218511,2750,0.8893129770992366,0.6829229249687481,0.20639005213048855
4,sketch,metadata_observation_change_ridge,0.1,resnet18_art_painting-photo_seed387_to_sketch,resnet18_art_painting-photo_seed387,resnet18,art_painting|photo,sketch,387,0.3053435114503817,0.6513994910941476,0.7150127226463104,0.2760814249363867,0.36976032008022364,0.9999999999999996,0.9999999997955533,0.1731730868079062,0.09753164019664792,688,0.7798982188295165,0.6668118346853585,0.11308638414415795,1375,0.8307888040712468,0.6885479891153088,0.142240814955938,2750,0.8753180661577609,0.7088970648828039,0.16642100127495696
4,sketch,metadata_observation_change_ridge,0.1,resnet18_cartoon-photo_seed42_to_sketch,resnet18_cartoon-photo_seed42,resnet18,cartoon|photo,sketch,42,0.3231552162849873,0.6081424936386769,0.6793893129770993,0.3167938931297709,0.3883677022825294,1.0,0.9999999998988509,0.1543136635849651,0.09024387327619493,688,0.7430025445292621,0.6608760087979717,0.08212653573129036,1375,0.811704834605598,0.6813973920341581,0.1303074425714399,2750,0.8396946564885496,0.7007063809929489,0.13898827549560067
4,sketch,metadata_observation_change_ridge,0.1,resnet18_cartoon-photo_seed387_to_sketch,resnet18_cartoon-photo_seed387,resnet18,cartoon|photo,sketch,387,0.3129770992366412,0.628498727735369,0.6921119592875318,0.3142493638676845,0.3759564118076167,0.999999999999164,0.9999999998625329,0.1670567675953629,0.09141581516057128,688,0.7938931297709924,0.6566343855101819,0.13725874426081042,1375,0.8180661577608143,0.677673833675295,0.14039232408551927,2750,0.8918575063613231,0.697454227144675,0.19440327921664813
4,sketch,metadata_observation_adapted_change_ridge,0.1,cnn3_art_painting_seed42_to_sketch,cnn3_art_painting_seed42,cnn3,art_painting,sketch,42,0.2366412213740458,0.5216284987277354,0.5725190839694656,0.2290076335877862,0.3082881896590776,0.99999999999958,0.9999999998588335,0.0884748114359949,0.054927480813488236,688,0.5572519083969466,0.5169089861405587,0.040342922256387914,1375,0.594147582697201,0.5349187970073773,0.059228785689823704,2750,0.6348600508905853,0.5522839767641843,0.082576074126401
4,sketch,metadata_observation_adapted_change_ridge,0.1,cnn3_art_painting_seed387_to_sketch,cnn3_art_painting_seed387,cnn3,art_painting,sketch,387,0.2875318066157761,0.5241730279898219,0.539440203562341,0.2557251908396946,0.3503640716144279,1.0,0.9999999998926984,0.0769142338211798,0.04237850484896147,688,0.544529262086514,0.5075177881182571,0.03701147396825688,1375,0.583969465648855,0.5217443831936988,0.06222508245515623,2750,0.6106870229007634,0.5355814404661021,0.07510558243466126
4,sketch,metadata_observation_adapted_change_ridge,0.1,cnn3_cartoon_seed42_to_sketch,cnn3_cartoon_seed42,cnn3,cartoon,sketch,42,0.2519083969465648,0.5521628498727735,0.5877862595419847,0.232824427480916,0.3135519477032003,0.9999999999270944,0.999999999834873,0.099497776037387,0.048351302211732394,688,0.5687022900763359,0.4995322673979701,0.0691700226783658,1375,0.6450381679389313,0.5159932830632014,0.12904488487572996,2750,0.6628498727735369,0.5319375212999832,0.13091235147355373
4,sketch,metadata_observation_adapted_change_ridge,0.1,cnn3_cartoon_seed387_to_sketch,cnn3_cartoon_seed387,cnn3,cartoon,sketch,387,0.1908396946564885,0.5725190839694656,0.5750636132315522,0.1590330788804071,0.244866520849491,0.9067738977496588,0.9999999998895575,0.136260062452075,0.06673553815887548,688,0.5954198473282443,0.511782167631515,0.0836376796967293,1375,0.6195928753180662,0.5338063699944955,0.08578650532357068,2750,0.6603053435114504,0.554869380087422,0.10543596342402839
4,sketch,metadata_observation_adapted_change_ridge,0.1,cnn3_photo_seed42_to_sketch,cnn3_photo_seed42,cnn3,photo,sketch,42,0.1577608142493638,0.4758269720101781,0.5114503816793893,0.1564885496183206,0.171322738604643,0.9999999999999992,0.9999999999663558,0.0914318998957702,0.05390651499643024,688,0.5063613231552163,0.41737795254036114,0.08898337061485517,1375,0.5852417302798982,0.4387020701801463,0.14653966009975194,2750,0.6081424936386769,0.45927746306423833,0.14886503057443856
4,sketch,metadata_observation_adapted_change_ridge,0.1,cnn3_photo_seed387_to_sketch,cnn3_photo_seed387,cnn3,photo,sketch,387,0.1552162849872773,0.4376590330788804,0.4681933842239186,0.1552162849872773,0.1860398581386755,0.9999999999999996,0.9999999999766508,0.0867547474106302,0.04431841941852413,688,0.5165394402035624,0.3907188404001358,0.12582059980342652,1375,0.5585241730279898,0.40911287018648257,0.14941130284150728,2750,0.6017811704834606,0.4269792453997729,0.1748019250836877
4,sketch,metadata_observation_adapted_change_ridge,0.1,cnn3_art_painting-cartoon_seed42_to_sketch,cnn3_art_painting-cartoon_seed42,cnn3,art_painting|cartoon,sketch,42,0.2111959287531806,0.5776081424936387,0.6234096692111959,0.1984732824427481,0.3300931560182858,0.9999987204352938,0.99999999980519,0.1058900166569212,0.07455955748209883,688,0.5776081424936387,0.5884732735465914,0.010865131052952726,1375,0.6068702290076335,0.6091587322981846,0.0022885032905510805,2750,0.678117048346056,0.6288345710485301,0.049282477297525884
4,sketch,metadata_observation_adapted_change_ridge,0.1,cnn3_art_painting-cartoon_seed387_to_sketch,cnn3_art_painting-cartoon_seed387,cnn3,art_painting|cartoon,sketch,387,0.1755725190839694,0.549618320610687,0.5776081424936387,0.1450381679389313,0.2618858423211154,1.0,0.9999999999304451,0.115851783667619,0.07756923068523246,688,0.6055979643765903,0.5554045088271728,0.050193455549417454,1375,0.6374045801526718,0.5786302851932579,0.058774294959413886,2750,0.6666666666666666,0.6006764746461741,0.0659901920204925
4,sketch,metadata_observation_adapted_change_ridge,0.1,cnn3_art_painting-photo_seed42_to_sketch,cnn3_art_painting-photo_seed42,cnn3,art_painting|photo,sketch,42,0.1577608142493638,0.5012722646310432,0.5343511450381679,0.1577608142493638,0.2493443168912598,0.9999999999997722,0.9999999998766549,0.1031158722527271,0.06940204909048965,688,0.5597964376590331,0.5230613180129713,0.0367351196460618,1375,0.5903307888040712,0.5454159156738946,0.044914873130176614,2750,0.6628498727735369,0.5667554759678648,0.09609439680567211
4,sketch,metadata_observation_adapted_change_ridge,0.1,cnn3_art_painting-photo_seed387_to_sketch,cnn3_art_painting-photo_seed387,cnn3,art_painting|photo,sketch,387,0.2264631043256997,0.544529262086514,0.5623409669211196,0.2073791348600508,0.30345662957736363,0.9999999999979444,0.9999999998635852,0.0959832005178996,0.0594006372310694,688,0.5623409669211196,0.5275496960819979,0.0347912708391217,1375,0.5992366412213741,0.5465679354709478,0.05266870575042626,2750,0.6437659033078881,0.5648487551363242,0.07891714817156392
4,sketch,metadata_observation_adapted_change_ridge,0.1,cnn3_cartoon-photo_seed42_to_sketch,cnn3_cartoon-photo_seed42,cnn3,cartoon|photo,sketch,42,0.3358778625954198,0.5699745547073791,0.5903307888040712,0.3702290076335878,0.38800848531051024,0.999999999999997,0.9999999998772885,0.066221920516156,0.03598898093586036,688,0.5877862595419847,0.5162724939849566,0.07151376555702815,1375,0.6208651399491094,0.5281654686278292,0.09269967132128021,2750,0.6399491094147582,0.5397840784146677,0.10016503100009055
4,sketch,metadata_observation_adapted_change_ridge,0.1,cnn3_cartoon-photo_seed387_to_sketch,cnn3_cartoon-photo_seed387,cnn3,cartoon|photo,sketch,387,0.2061068702290076,0.5776081424936387,0.5674300254452926,0.2111959287531806,0.2504591217434462,0.9999999999997192,0.9999999999163577,0.1027438468064149,0.06325109972269444,688,0.5801526717557252,0.5042361723132753,0.07591649944244983,1375,0.6348600508905853,0.5254584376846009,0.1094016132059844,2750,0.6552162849872774,0.5458035233133995,0.10941276167387781
4,sketch,metadata_observation_adapted_change_ridge,0.1,resnet18_art_painting_seed42_to_sketch,resnet18_art_painting_seed42,resnet18,art_painting,sketch,42,0.4173027989821883,0.6666666666666666,0.6870229007633588,0.4300254452926209,0.4956159415715008,0.999999999999996,0.9999999998566997,0.1468700032038195,0.056508994587394785,688,0.7748091603053435,0.6513606227081169,0.12344853759722663,1375,0.8498727735368957,0.6647249933728565,0.1851477801640392,2750,0.8791348600508906,0.6775969091374795,0.2015379509134111
4,sketch,metadata_observation_adapted_change_ridge,0.1,resnet18_art_painting_seed387_to_sketch,resnet18_art_painting_seed387,resnet18,art_painting,sketch,387,0.4452926208651399,0.6717557251908397,0.7175572519083969,0.4465648854961832,0.5238118092430265,0.999999999999996,0.9999999997661128,0.1405087829488756,0.053737397711735885,688,0.7798982188295165,0.6648338846249551,0.11506433420456141,1375,0.8384223918575063,0.6770632770016984,0.1613591148558079,2750,0.861323155216285,0.688864656836681,0.17245849837960403
4,sketch,metadata_observation_adapted_change_ridge,0.1,resnet18_cartoon_seed42_to_sketch,resnet18_cartoon_seed42,resnet18,cartoon,sketch,42,0.272264631043257,0.6513994910941476,0.7048346055979644,0.2964376590330789,0.32537829782662175,0.9999999999311148,0.9999999998547041,0.166800395010574,0.09656595946697416,688,0.7697201017811705,0.6410905066484793,0.12862959513269112,1375,0.8231552162849872,0.6642804690298643,0.15887474725512296,2750,0.8740458015267175,0.6860050963488644,0.1880407051778531
4,sketch,metadata_observation_adapted_change_ridge,0.1,resnet18_cartoon_seed387_to_sketch,resnet18_cartoon_seed387,resnet18,cartoon,sketch,387,0.3384223918575064,0.6641221374045801,0.6615776081424937,0.3384223918575064,0.3863126092119533,0.9999999999999998,0.9999999999077429,0.1638280188002036,0.07765732998553079,688,0.7709923664122137,0.6305644592822308,0.14042790712998288,1375,0.8206106870229007,0.649885197476796,0.17072548954610478,2750,0.8816793893129771,0.6682235587972363,0.2134558305157408
4,sketch,metadata_observation_adapted_change_ridge,0.1,resnet18_photo_seed42_to_sketch,resnet18_photo_seed42,resnet18,photo,sketch,42,0.188295165394402,0.5979643765903307,0.6717557251908397,0.1768447837150127,0.2663480951518151,1.0,0.999999999823154,0.1842480442627502,0.10085776668125303,688,0.7633587786259542,0.6204809349132694,0.14287784371268486,1375,0.8142493638676844,0.6460548188852915,0.16819454498239295,2750,0.8854961832061069,0.6699416607256266,0.21555452248048035
4,sketch,metadata_observation_adapted_change_ridge,0.1,resnet18_photo_seed387_to_sketch,resnet18_photo_seed387,resnet18,photo,sketch,387,0.2137404580152671,0.6335877862595419,0.712468193384224,0.2315521628498727,0.2733899716793031,1.0,0.9999999997597306,0.1732439151507683,0.10101834425843052,688,0.7608142493638677,0.6245179492305268,0.13629630013334082,1375,0.8142493638676844,0.649858691664313,0.16439067220337145,2750,0.8854961832061069,0.6735251408873728,0.2119710423187341
4,sketch,metadata_observation_adapted_change_ridge,0.1,resnet18_art_painting-cartoon_seed42_to_sketch,resnet18_art_painting-cartoon_seed42,resnet18,art_painting|cartoon,sketch,42,0.4071246819338422,0.6768447837150128,0.7353689567430025,0.3969465648854962,0.4737557854134382,0.999999999998308,0.9999999998274276,0.174315295474169,0.07091124769367077,688,0.821882951653944,0.6689255485411725,0.1529574031127715,1375,0.8625954198473282,0.6847725816277207,0.17782283821960754,2750,0.8804071246819338,0.6998842655108424,0.18052285917109145
4,sketch,metadata_observation_adapted_change_ridge,0.1,resnet18_art_painting-cartoon_seed387_to_sketch,resnet18_art_painting-cartoon_seed387,resnet18,art_painting|cartoon,sketch,387,0.3435114503816794,0.648854961832061,0.6870229007633588,0.3358778625954198,0.4190421527116966,0.999999999999999,0.9999999998665914,0.173174742999072,0.07851625850917435,688,0.7938931297709924,0.6522250729026702,0.14166805686832218,1375,0.8384223918575063,0.6706087592899936,0.1678136325675127,2750,0.8854961832061069,0.6880473422393565,0.19744884096675042
4,sketch,metadata_observation_adapted_change_ridge,0.1,resnet18_art_painting-photo_seed42_to_sketch,resnet18_art_painting-photo_seed42,resnet18,art_painting|photo,sketch,42,0.3740458015267175,0.6335877862595419,0.6895674300254453,0.3511450381679389,0.4479400524311017,1.0,0.9999999998062526,0.1682529080028945,0.06591003975746484,688,0.7824427480916031,0.6411449203114975,0.14129782778010558,1375,0.8536895674300254,0.65713766841378,0.19655189901624548,2750,0.8893129770992366,0.6724411947477669,0.21687178235146976
4,sketch,metadata_observation_adapted_change_ridge,0.1,resnet18_art_painting-photo_seed387_to_sketch,resnet18_art_painting-photo_seed387,resnet18,art_painting|photo,sketch,387,0.3053435114503817,0.6513994910941476,0.7150127226463104,0.2760814249363867,0.37695393537325045,0.9999999999999996,0.9999999998130642,0.1731730868079062,0.09380325983131996,688,0.7798982188295165,0.6624905461548085,0.11740767267470797,1375,0.8307888040712468,0.6836939368133881,0.1470948672578587,2750,0.8753180661577609,0.7035955443488273,0.17172252180893355
4,sketch,metadata_observation_adapted_change_ridge,0.1,resnet18_cartoon-photo_seed42_to_sketch,resnet18_cartoon-photo_seed42,resnet18,cartoon|photo,sketch,42,0.3231552162849873,0.6081424936386769,0.6793893129770993,0.3167938931297709,0.3867232574078528,1.0,0.9999999998885123,0.1543136635849651,0.0801194657178655,688,0.7430025445292621,0.6367046094876674,0.10629793504159468,1375,0.811704834605598,0.6562900827807356,0.1554147518248623,2750,0.8396946564885496,0.6748480620577477,0.16484659443080185
4,sketch,metadata_observation_adapted_change_ridge,0.1,resnet18_cartoon-photo_seed387_to_sketch,resnet18_cartoon-photo_seed387,resnet18,cartoon|photo,sketch,387,0.3129770992366412,0.628498727735369,0.6921119592875318,0.3142493638676845,0.37638058976027483,0.999999999999164,0.9999999998579367,0.1670567675953629,0.085387275840542,688,0.7938931297709924,0.6430792337451243,0.15081389602586803,1375,0.8180661577608143,0.6635492147004491,0.15451694306036512,2750,0.8918575063613231,0.6828746989530579,0.20898280740826525
