case_id,source_id,model,sources,source_count,target,seed,parameter_count,source_size,source_accuracy,zero_shot_val_accuracy,zero_shot_val_loss,zero_shot_test_accuracy,zero_shot_test_loss,n_5,n_10,n_25,n_50,n_100,accuracy_5,accuracy_10,accuracy_25,accuracy_50,accuracy_100,n_0,accuracy_0,curve_a0,curve_a,curve_c,curve_fit_mae,curve_fit_rmse,curve_fit_max_error,feature_dimension,mmd_rbf_squared_5,mmd_rbf_5,mmd_rbf_gamma_5,centroid_l2_5,centroid_cosine_distance_5,covariance_frobenius_5,covariance_frobenius_normalized_5,source_feature_variance_5,target_feature_variance_5,feature_variance_difference_5,feature_mean_absolute_difference_5,feature_std_absolute_difference_5,mmd_rbf_squared_10,mmd_rbf_10,mmd_rbf_gamma_10,centroid_l2_10,centroid_cosine_distance_10,covariance_frobenius_10,covariance_frobenius_normalized_10,source_feature_variance_10,target_feature_variance_10,feature_variance_difference_10,feature_mean_absolute_difference_10,feature_std_absolute_difference_10,best_epoch_5,best_train_accuracy_5,best_val_accuracy_5,optimization_steps_5,adapted_checkpoint,best_epoch_10,best_train_accuracy_10,best_val_accuracy_10,optimization_steps_10,adapted_mmd_rbf_squared_10,delta_mmd_rbf_squared_10,adapted_centroid_l2_10,delta_centroid_l2_10,adapted_centroid_cosine_distance_10,delta_centroid_cosine_distance_10,adapted_covariance_frobenius_normalized_10,delta_covariance_frobenius_normalized_10
cnn3_art_painting_seed42_to_cartoon,cnn3_art_painting_seed42,cnn3,art_painting,1,cartoon,42,94151,1433,0.5560975609756098,0.3404255319148936,2.5732971921880194,0.3518123667377398,2.341305909634653,82,164,410,821,1640,0.5138592750533049,0.5437100213219617,0.6162046908315565,0.6396588486140725,0.6844349680170576,0,0.3518123667377398,0.3518123667377398,1.0,0.0829366496853975,0.0207955976417441,0.0252723995332688,0.0368382266693141,128,0.2055630068143421,0.4533905676283331,0.758728242849,0.4655488592484875,0.1461237886439926,0.0764180888046683,0.0005970163187864,0.3346609102904143,0.214974820059242,0.1196860902311722,0.0277197731633121,0.0119921605229948,0.1892115096771758,0.4349844936054339,0.7326650154419706,0.451115703321486,0.1393807557434937,0.0700596992423255,0.0005473414003306,0.3346609102904143,0.2307015222045726,0.1039593880858416,0.0269368824509799,0.0103056477350786,93,0.7926829268292683,0.5191489361702127,300,outputs\adapted_models\cnn3_art_painting_seed42_to_cartoon_fraction10.pth,81,0.7378048780487805,0.5659574468085107,600,0.2232559988791462,0.0340444892019704,0.4935750708736979,0.0424593675522119,0.1655075377477547,0.026126782004261,0.0005163992320663,-3.094216826422271e-05
cnn3_art_painting_seed42_to_photo,cnn3_art_painting_seed42,cnn3,art_painting,1,photo,42,94151,1433,0.5560975609756098,0.4910179640718562,1.8277780909738144,0.4580838323353293,1.8148854421284384,58,117,292,585,1169,0.5778443113772455,0.5808383233532934,0.6107784431137725,0.688622754491018,0.6976047904191617,0,0.4580838323353293,0.4580838323353293,1.0,0.0704769098739613,0.0225149201798637,0.0253677398503447,0.0344500252208459,128,0.063864769942322,0.2527147996107906,0.7966067060282523,0.2433111216611512,0.0381960368127702,0.0704901839535576,0.0005507045621371,0.3346609102904143,0.2273344408355806,0.1073264694548336,0.0151513697748061,0.0098617172231266,0.0532751741763219,0.2308141550605638,0.8084293476843882,0.2188378233034797,0.0314038781075713,0.0630709449277329,0.0004927417572479,0.3346609102904143,0.2411123462123831,0.0935485640780311,0.0137400212357101,0.0081596553696301,31,0.7758620689655172,0.5688622754491018,200,outputs\adapted_models\cnn3_art_painting_seed42_to_photo_fraction10.pth,46,0.7692307692307693,0.5748502994011976,400,0.0512768517648882,-0.0019983224114336,0.2023459042599501,-0.0164919190435295,0.0275754740576049,-0.0038284040499663,0.0004912620151861,-1.4797420617462288e-06
cnn3_art_painting_seed42_to_sketch,cnn3_art_painting_seed42,cnn3,art_painting,1,sketch,42,94151,1433,0.5560975609756098,0.2366412213740458,2.775936262601508,0.2290076335877862,2.8246642542249374,138,275,688,1375,2750,0.4847328244274809,0.5368956743002544,0.5572519083969466,0.594147582697201,0.6348600508905853,0,0.2290076335877862,0.2290076335877862,0.99999999999958,0.0884748114359949,0.0085843396408078,0.0110673381320449,0.0174572591232522,128,0.47341306985726,0.6880501942861873,0.7024974345920812,0.7260430521583187,0.3190841568022764,0.1030260027474058,0.0008048906464641,0.3346609102904143,0.0634180123813033,0.2712428979091109,0.0427899961372043,0.0293880039792305,0.4750660546096343,0.6892503569891236,0.6813679422951145,0.7344580557303851,0.3275094698742019,0.1031648462208486,0.0008059753611003,0.3346609102904143,0.0655468500087899,0.2691140602816243,0.0432010213623785,0.0291625099984337,95,0.5507246376811594,0.5216284987277354,500,outputs\adapted_models\cnn3_art_painting_seed42_to_sketch_fraction10.pth,89,0.6290909090909091,0.5725190839694656,900,0.7821465012746692,0.3070804466650349,0.901353499555104,0.166895443824719,0.4726583781049425,0.1451489082307406,0.0007558548937661,-5.012046733415452e-05
cnn3_art_painting_seed387_to_cartoon,cnn3_art_painting_seed387,cnn3,art_painting,1,cartoon,387,94151,1433,0.5463414634146342,0.3531914893617021,2.5667391026273685,0.3432835820895522,2.426387380181091,82,164,410,821,1640,0.5245202558635395,0.5479744136460555,0.5884861407249466,0.6311300639658849,0.673773987206823,0,0.3432835820895522,0.3432835820895522,0.9999999999798244,0.0820785502974741,0.0151007417941019,0.0180206495419212,0.0314472054755702,128,0.1962961930421238,0.4430532620827025,0.8889911708333793,0.4155235312732092,0.1109296434785861,0.0768439434868647,0.0006003433084911,0.3032771629347707,0.1825522841975755,0.1207248787371951,0.026478169327976,0.0134465200875597,0.1770647300129257,0.4207906011461351,0.8659544373404088,0.4100332753205152,0.1097660990809045,0.0704931753724842,0.0005507279325975,0.3032771629347707,0.1973685295268633,0.1059086334079073,0.0261086930148317,0.0116672917766325,82,0.7560975609756098,0.5531914893617021,300,outputs\adapted_models\cnn3_art_painting_seed387_to_cartoon_fraction10.pth,96,0.7317073170731707,0.5957446808510638,600,0.1922881483430327,0.015223418330107,0.4257175577139596,0.0156842823934444,0.1219203788338014,0.0121542797528969,0.0005192177219175,-3.151021067996447e-05
cnn3_art_painting_seed387_to_photo,cnn3_art_painting_seed387,cnn3,art_painting,1,photo,387,94151,1433,0.5463414634146342,0.4790419161676646,2.1724891605491408,0.4431137724550898,2.1316850285330218,58,117,292,585,1169,0.4820359281437126,0.5508982035928144,0.6227544910179641,0.6437125748502994,0.6946107784431138,0,0.4431137724550898,0.4431137724550898,1.0,0.0617726027191434,0.0346990493797333,0.0447024227344577,0.0850752817969542,128,0.0657809809544485,0.2564780321088894,0.8769263662627422,0.240630111843873,0.035935378828558,0.0642202328156023,0.0005017205688718,0.3032771629347707,0.1966761430144586,0.106601019920312,0.0164350672591386,0.0101916870001008,0.0528070174601948,0.2297977751419601,0.9352351027841576,0.2117730573568739,0.0282746531717683,0.0573244479881669,0.0004478472499075,0.3032771629347707,0.2121294248337498,0.0911477381010208,0.0143917750027825,0.00812556799407,18,0.603448275862069,0.5508982035928144,200,outputs\adapted_models\cnn3_art_painting_seed387_to_photo_fraction10.pth,29,0.6837606837606838,0.5449101796407185,400,0.0514855924608559,-0.0013214249993388,0.2171647393873364,0.0053916820304625,0.0313491221104562,0.0030744689386879,0.0004894633155193,4.161606561182789e-05
cnn3_art_painting_seed387_to_sketch,cnn3_art_painting_seed387,cnn3,art_painting,1,sketch,387,94151,1433,0.5463414634146342,0.2875318066157761,2.334374794219893,0.2557251908396946,2.2914224192689696,138,275,688,1375,2750,0.4821882951653944,0.5,0.544529262086514,0.583969465648855,0.6106870229007634,0,0.2557251908396946,0.2557251908396946,1.0,0.0769142338211798,0.009515457822674,0.0111437868397994,0.0169493529701589,128,0.3967904566462876,0.6299130548308136,0.810807414881745,0.609905975633844,0.2219019144412423,0.0982747631647458,0.0007677715872245,0.3032771629347707,0.0769878099482509,0.2262893529865198,0.0396006604830228,0.0263677417834134,0.3858306229191166,0.6211526566948874,0.8225603340277617,0.6171623427371332,0.2286423376474273,0.0991792137522424,0.0007748376074393,0.3032771629347707,0.0825422069454201,0.2207349559893505,0.0400060628234752,0.0258827190727702,99,0.5797101449275363,0.5241730279898219,500,outputs\adapted_models\cnn3_art_painting_seed387_to_sketch_fraction10.pth,68,0.5563636363636364,0.539440203562341,900,0.6962694074270869,0.3104387845079703,0.8563180264360102,0.2391556836988769,0.4306739195133006,0.2020315818658732,0.0008522241717083,7.738656426904363e-05
cnn3_cartoon_seed42_to_art_painting,cnn3_cartoon_seed42,cnn3,cartoon,1,art_painting,42,94151,1640,0.7404255319148936,0.3024390243902439,4.209174142232755,0.2634146341463415,4.163615882687452,71,143,358,716,1433,0.3097560975609756,0.3560975609756097,0.4048780487804878,0.4073170731707317,0.4682926829268293,0,0.2634146341463415,0.2634146341463415,0.9999999999998976,0.0337362711979295,0.0216393722076871,0.0297059567836974,0.0526214322740237,128,0.1332979210084008,0.3650998781270693,0.8856209463336835,0.3430922845421127,0.0806209857769507,0.0682284353764063,0.0005330346513781,0.2857654344105202,0.2611178027868341,0.0246476316236861,0.0214254116468674,0.0078894570848853,0.1366345550381407,0.369641116541627,0.8782460782094157,0.3537261467223523,0.0854864750880157,0.0679443524946282,0.0005308152538642,0.2857654344105202,0.256129612801437,0.0296358216090832,0.0221797613545398,0.0081935227297728,99,0.6338028169014085,0.3414634146341463,300,outputs\adapted_models\cnn3_cartoon_seed42_to_art_painting_fraction10.pth,37,0.4405594405594406,0.375609756097561,500,0.1184657352284308,-0.0181688198097098,0.3347865616491161,-0.0189395850732361,0.0793178948172835,-0.0061685802707321,0.0005526381288059,2.182287494175556e-05
cnn3_cartoon_seed42_to_photo,cnn3_cartoon_seed42,cnn3,cartoon,1,photo,42,94151,1640,0.7404255319148936,0.3592814371257485,3.64088541590525,0.311377245508982,4.080771280619913,58,117,292,585,1169,0.4880239520958084,0.5059880239520959,0.5688622754491018,0.6227544910179641,0.6407185628742516,0,0.311377245508982,0.311377245508982,1.0,0.0838638320777813,0.0177476222508018,0.0213576304768521,0.0324549095478157,128,0.2598430014721788,0.5097479783894968,0.8799477701469227,0.4741055897289365,0.143624210857056,0.0823399843231383,0.0006432811275245,0.2857654344105202,0.1767023504269882,0.109063083983532,0.0298893849152009,0.0124656621727964,0.2268932098696925,0.4763330871036491,0.88022702683386,0.4438768422412842,0.1278063753208288,0.0764465098783657,0.0005972383584247,0.2857654344105202,0.1939827753196415,0.0917826590908787,0.0278164294652534,0.0111900697252153,93,0.6896551724137931,0.5089820359281437,200,outputs\adapted_models\cnn3_cartoon_seed42_to_photo_fraction10.pth,34,0.6153846153846154,0.4910179640718562,400,0.1789793797935104,-0.047913830076182,0.41523778290341,-0.0286390593378741,0.1187629208377021,-0.0090434544831266,0.0006134345834556,1.6196225030911445e-05
cnn3_cartoon_seed42_to_sketch,cnn3_cartoon_seed42,cnn3,cartoon,1,sketch,42,94151,1640,0.7404255319148936,0.2519083969465648,2.258599834587738,0.232824427480916,2.3414940918978235,138,275,688,1375,2750,0.5203562340966921,0.5699745547073791,0.5687022900763359,0.6450381679389313,0.6628498727735369,0,0.232824427480916,0.232824427480916,0.9999999999270944,0.099497776037387,0.0133459889161677,0.0164360806581491,0.0308938406025337,128,0.231371525472563,0.4810109411152339,0.9962969015421008,0.3962408472051368,0.0867753091540065,0.1004680815008408,0.0007849068867253,0.2857654344105202,0.0637439999811563,0.2220214344293639,0.0249121413866977,0.0235291697321694,0.2431286732931046,0.4930807979359007,1.0914929479500308,0.4020659510442836,0.0899971961621367,0.1004267261272234,0.0007845837978689,0.2857654344105202,0.0665591361761869,0.2192062982343333,0.0253845973923649,0.0231741237631324,69,0.6304347826086957,0.5521628498727735,500,outputs\adapted_models\cnn3_cartoon_seed42_to_sketch_fraction10.pth,94,0.6545454545454545,0.5877862595419847,900,0.3296493359205876,0.086520662627483,0.5001811301791462,0.0981151791348626,0.1461079555071236,0.0561107593449869,0.0008713586913243,8.677489345543287e-05
cnn3_cartoon_seed387_to_art_painting,cnn3_cartoon_seed387,cnn3,cartoon,1,art_painting,387,94151,1640,0.7446808510638298,0.2975609756097561,3.565320754632717,0.2829268292682926,3.5878745474466465,71,143,358,716,1433,0.3439024390243902,0.375609756097561,0.4048780487804878,0.4195121951219512,0.4682926829268293,0,0.2829268292682926,0.2829268292682926,0.9999999999999968,0.0324657595163511,0.0141279420115329,0.0201354033766267,0.0346411222153873,128,0.210130557332139,0.4583999970900295,0.8051696901817424,0.4676456700096047,0.1570049127134473,0.0840015416472511,0.0006562620441191,0.3103060028416032,0.301545009832272,0.0087609930093311,0.029573885848697,0.0100238372238729,0.2271077551328266,0.4765582389727688,0.7819489980633689,0.4770112567094656,0.1636649528029603,0.0848886479862078,0.0006631925623922,0.3103060028416032,0.3019123491077331,0.0083936537338701,0.0300934060616589,0.0099078542033679,13,0.380281690140845,0.3512195121951219,300,outputs\adapted_models\cnn3_cartoon_seed387_to_art_painting_fraction10.pth,62,0.5804195804195804,0.3902439024390244,500,0.1599702754529646,-0.067137479679862,0.4148203539387315,-0.062190902770734,0.1276198689096598,-0.0360450838933004,0.0006646555342462,1.4629718540550571e-06
cnn3_cartoon_seed387_to_photo,cnn3_cartoon_seed387,cnn3,cartoon,1,photo,387,94151,1640,0.7446808510638298,0.4071856287425149,3.028132432949043,0.3982035928143712,3.581795835209464,58,117,292,585,1169,0.4700598802395209,0.5029940119760479,0.5299401197604791,0.5898203592814372,0.6646706586826348,0,0.3982035928143712,0.3982035928143712,0.999999999999751,0.0550221952466121,0.0332133645457108,0.0406720681666959,0.0726435149633466,128,0.3371416935291209,0.580639038929627,0.7674751869416369,0.6105259407892742,0.2509350797773054,0.1016518366027994,0.0007941549734593,0.3103060028416032,0.2176038001460651,0.092702202695538,0.0376204791506367,0.0148258912094738,0.3270247567110185,0.5718607843793964,0.7536242479251275,0.5784522540509333,0.2280597155078919,0.0962838860633246,0.0007522178598697,0.3103060028416032,0.2321019452324741,0.0782040576091291,0.0361718227026085,0.0133378046899252,68,0.6896551724137931,0.5389221556886228,200,outputs\adapted_models\cnn3_cartoon_seed387_to_photo_fraction10.pth,65,0.6581196581196581,0.5568862275449101,400,0.2052709322010975,-0.121753824509921,0.4930546401024628,-0.0853976139484704,0.1780790755301876,-0.0499806399777042,0.000777023150653,2.480529078339262e-05
cnn3_cartoon_seed387_to_sketch,cnn3_cartoon_seed387,cnn3,cartoon,1,sketch,387,94151,1640,0.7446808510638298,0.1908396946564885,2.377525902279764,0.1590330788804071,2.483399422720795,138,275,688,1375,2750,0.5279898218829516,0.5610687022900763,0.5954198473282443,0.6195928753180662,0.6603053435114504,0,0.1590330788804071,0.1590330788804071,0.9067738977496588,0.136260062452075,0.0041469332817381,0.0050515619578159,0.007873427344707,128,0.2770017627654644,0.5263095693272776,0.9272107564504865,0.4664319773721514,0.1230670270846661,0.1015410009770409,0.0007932890701331,0.3103060028416032,0.0602583287630781,0.2500476740785251,0.029553385546699,0.0264111613649077,0.2854571753996338,0.5342819250167778,1.0043039992987453,0.4725870869484888,0.1271536675506747,0.1015353466877291,0.0007932448959978,0.3103060028416032,0.0632410964277945,0.2470649064138087,0.0300824998536644,0.0260560353788916,98,0.644927536231884,0.5725190839694656,500,outputs\adapted_models\cnn3_cartoon_seed387_to_sketch_fraction10.pth,92,0.6181818181818182,0.5750636132315522,900,0.3512436368955864,0.0657864614959526,0.5270224074079128,0.054435320459424,0.1639642109585355,0.0368105434078608,0.000792348595848,-8.963001497573836e-07
cnn3_photo_seed42_to_art_painting,cnn3_photo_seed42,cnn3,photo,1,art_painting,42,94151,1169,0.688622754491018,0.2780487804878049,4.732010557593369,0.2292682926829268,5.5170353400998,71,143,358,716,1433,0.324390243902439,0.373170731707317,0.375609756097561,0.4365853658536585,0.473170731707317,0,0.2292682926829268,0.2292682926829268,1.0,0.0433191027721557,0.0199443368233347,0.0242994467242957,0.0357249023723121,128,0.0340738041996317,0.1845909103927704,0.9203868803843792,0.1663379533944159,0.0190767600515719,0.0834355444352381,0.0006518401909002,0.2832781850858522,0.2735914240662581,0.0096867610195941,0.0109828010236115,0.0071673618688864,0.0350594018706529,0.1872415602120772,0.9195315185609227,0.1702958679674364,0.0197042192537414,0.0875023471848211,0.0006836120873814,0.2832781850858522,0.2586568615208873,0.0246213235649649,0.0113367293863601,0.0074866241949821,91,0.5352112676056338,0.3804878048780488,300,outputs\adapted_models\cnn3_photo_seed42_to_art_painting_fraction10.pth,91,0.5454545454545454,0.4195121951219512,500,0.021506601863537,-0.0135528000071158,0.1131447176743439,-0.0571511502930924,0.008470993337135,-0.0112332259166063,0.0004471393890105,-0.0002364726983708
cnn3_photo_seed42_to_cartoon,cnn3_photo_seed42,cnn3,photo,1,cartoon,42,94151,1169,0.688622754491018,0.1957446808510638,6.126981889440658,0.1833688699360341,5.4081391617179175,82,164,410,821,1640,0.4669509594882729,0.4904051172707889,0.5650319829424307,0.5927505330490405,0.6375266524520256,0,0.1833688699360341,0.1833688699360341,1.0,0.1020575702927345,0.0116506178144506,0.0146362048492528,0.0246248452658657,128,0.2230342920051178,0.4722650654083126,0.9017739557041378,0.4392388127001135,0.1195869677003849,0.0964352952712543,0.0007534007443066,0.2832781850858522,0.1488944696598209,0.1343837154260313,0.0255051248229301,0.0123160912124506,0.2105159306491988,0.4588201506573123,0.8989441441906229,0.4295045193829419,0.1164687493743478,0.0932048815014502,0.00072816313673,0.2832781850858522,0.1674179456199738,0.1158602394658784,0.0246413341489507,0.0111810499580714,85,0.6951219512195121,0.4680851063829787,300,outputs\adapted_models\cnn3_photo_seed42_to_cartoon_fraction10.pth,88,0.6646341463414634,0.5106382978723404,600,0.2263391266644665,0.0158231960152677,0.3917375200802135,-0.0377669993027283,0.0935870748643811,-0.0228816745099666,0.0005497573189156,-0.0001784058178143
cnn3_photo_seed42_to_sketch,cnn3_photo_seed42,cnn3,photo,1,sketch,42,94151,1169,0.688622754491018,0.1577608142493638,4.276752093366084,0.1564885496183206,4.326551083086708,138,275,688,1375,2750,0.4529262086513995,0.4936386768447837,0.5063613231552163,0.5852417302798982,0.6081424936386769,0,0.1564885496183206,0.1564885496183206,0.9999999999999992,0.0914318998957702,0.0131887329219536,0.0168348967523184,0.0295647098943164,128,0.5501343367277942,0.7417104129832574,0.7648592650928578,0.7208944588987292,0.2980239682611361,0.126610807689336,0.0009891469350729,0.2832781850858522,0.0212670042661399,0.2620111808197123,0.0433823602307179,0.0308916195349089,0.5386567567623233,0.7339323925010555,0.7276606243785684,0.7241509624675162,0.3010866794828251,0.1264506828389399,0.0009878959596792,0.2832781850858522,0.0222537893513597,0.2610243957344925,0.0436021921500692,0.030684468782836,96,0.5362318840579711,0.4758269720101781,500,outputs\adapted_models\cnn3_photo_seed42_to_sketch_fraction10.pth,94,0.5636363636363636,0.5114503816793893,900,0.8061028923852802,0.2674461356229569,0.881916619536799,0.1577656570692828,0.4348684271258844,0.1337817476430594,0.0006693661703542,-0.0003185297893249
cnn3_photo_seed387_to_art_painting,cnn3_photo_seed387,cnn3,photo,1,art_painting,387,94151,1169,0.7305389221556886,0.2585365853658536,4.277600693121189,0.2341463414634146,4.974208161889053,71,143,358,716,1433,0.3146341463414634,0.3585365853658536,0.3902439024390244,0.4585365853658537,0.5097560975609756,0,0.2341463414634146,0.2341463414634146,0.9999999999999994,0.0457586615943139,0.0326683807142998,0.0383099467908027,0.0589254935193024,128,0.0327152820197975,0.1808736631458476,1.1467027672262142,0.1454087271592611,0.0137880539632648,0.0709270504666896,0.000554117581771,0.2423032789101256,0.2319180992078136,0.010385179702312,0.009223687330697,0.006602114364994,0.0371367517072451,0.1927089819059951,1.0983121741330728,0.1541095248160637,0.0152038809108446,0.0735071488584126,0.0005742746004563,0.2423032789101256,0.214759700832928,0.0275435780771976,0.0098019373901319,0.0070036370035452,22,0.352112676056338,0.2975609756097561,300,outputs\adapted_models\cnn3_photo_seed387_to_art_painting_fraction10.pth,95,0.5104895104895105,0.3707317073170731,500,0.0197600078492681,-0.0173767438579769,0.1066661797295474,-0.0474433450865162,0.0071233992413859,-0.0080804816694586,0.0003611707949662,-0.00021310380549
cnn3_photo_seed387_to_cartoon,cnn3_photo_seed387,cnn3,photo,1,cartoon,387,94151,1169,0.7305389221556886,0.1787234042553191,6.109404965664478,0.1577825159914712,5.382327325816856,82,164,410,821,1640,0.4626865671641791,0.4562899786780384,0.5692963752665245,0.5948827292110874,0.6588486140724946,0,0.1577825159914712,0.1577825159914712,1.0,0.1067637080077372,0.0211188298438617,0.0290895445097952,0.0554204548677625,128,0.174123576008091,0.4172811714037562,1.076209141934666,0.3474623799587286,0.0726169750861334,0.0867753038665697,0.0006779320614575,0.2423032789101256,0.1397610746162189,0.1025422042939067,0.0212971521371361,0.0113501701177721,0.155602655671255,0.3944650246488972,1.1061688384451906,0.3259758480654108,0.0656610508353541,0.0805455640742621,0.0006292622193301,0.2423032789101256,0.1667070728177305,0.075596206092395,0.0200324516435868,0.0093817755627323,97,0.6951219512195121,0.4468085106382978,300,outputs\adapted_models\cnn3_photo_seed387_to_cartoon_fraction10.pth,53,0.6036585365853658,0.4468085106382978,600,0.1150543167686635,-0.0405483389025914,0.263707742448252,-0.0622681056171587,0.0429117316892884,-0.0227493191460656,0.0005513142651861,-7.794795414391078e-05
cnn3_photo_seed387_to_sketch,cnn3_photo_seed387,cnn3,photo,1,sketch,387,94151,1169,0.7305389221556886,0.1552162849872773,5.514809300274643,0.1552162849872773,5.546551352542169,138,275,688,1375,2750,0.4274809160305343,0.4643765903307888,0.5165394402035624,0.5585241730279898,0.6017811704834606,0,0.1552162849872773,0.1552162849872773,0.9999999999999996,0.0867547474106302,0.0132651373410921,0.0163009220485642,0.0267463982712743,128,0.4915915184418575,0.7011358773032924,0.9803394413531968,0.6081040806403651,0.2091916877894608,0.1150531989501644,0.0008988531167981,0.2423032789101256,0.0369587332223645,0.2053445456877611,0.0378217359912018,0.0247528122280592,0.4920983665288891,0.7014972320179811,0.9577169405131444,0.6152535905532969,0.2150427196627677,0.1154761147725998,0.0009021571466609,0.2423032789101256,0.0409736526727059,0.2013296262374197,0.0385122527489741,0.0241433354497573,98,0.4710144927536231,0.4376590330788804,500,outputs\adapted_models\cnn3_photo_seed387_to_sketch_fraction10.pth,100,0.52,0.4681933842239186,900,0.6391149335693976,0.1470165670405085,0.6787776964688997,0.0635241059156028,0.256759265524994,0.0417165458622263,0.0006130069564742,-0.0002891501901866
cnn3_sketch_seed42_to_art_painting,cnn3_sketch_seed42,cnn3,sketch,1,art_painting,42,94151,2750,0.72264631043257,0.1317073170731707,19.84606859160633,0.1341463414634146,17.64549307474276,71,143,358,716,1433,0.2707317073170732,0.2658536585365854,0.3341463414634146,0.3634146341463414,0.4463414634146341,0,0.1341463414634146,0.1341463414634146,1.0,0.0470925598889062,0.0237305436656641,0.0334056501876215,0.0612273380263738,128,0.8219543879741139,0.906617001811743,1.0990198266187166,0.845643677713638,0.4097363825987574,0.0733635965560544,0.0005731530980941,0.1886247134135523,0.0728199354833131,0.1158047779302392,0.0507083642118652,0.0145736203640763,0.7833991534990615,0.8850983863385253,0.9943191465908494,0.8488615769699234,0.4145702942955699,0.0720480711323765,0.0005628755557216,0.1886247134135523,0.0788496160020239,0.1097750974115284,0.0508963004406615,0.0137129210321951,83,0.2816901408450704,0.2926829268292683,300,outputs\adapted_models\cnn3_sketch_seed42_to_art_painting_fraction10.pth,76,0.3916083916083916,0.3073170731707317,500,0.932261586330136,0.1488624328310746,0.8912770949096559,0.0424155179397325,0.4563663846017175,0.0417960903061476,0.0005771913936122,1.431583789065214e-05
cnn3_sketch_seed42_to_cartoon,cnn3_sketch_seed42,cnn3,sketch,1,cartoon,42,94151,2750,0.72264631043257,0.2340425531914893,9.332248225110645,0.2814498933901919,6.327672441885161,82,164,410,821,1640,0.3773987206823028,0.4584221748400853,0.5415778251599147,0.6140724946695096,0.6183368869936035,0,0.2814498933901919,0.2814498933901919,0.9999999999999998,0.0713204160609073,0.04190037355294,0.0529643320444752,0.0982919201358277,128,0.3149689253688568,0.5612209238516119,1.1372514216345826,0.4994686345161311,0.1568357319057405,0.0919467243066485,0.0007183337836456,0.1886247134135523,0.2255391501992098,0.0369144367856575,0.0292693678893564,0.0087596181274257,0.3125219712247093,0.5590366456903424,1.1096616755635305,0.4885379623512234,0.1509987649870048,0.0942889511922992,0.0007366324311898,0.1886247134135523,0.2360631934727665,0.0474384800592141,0.0287963399201869,0.0090372131926676,74,0.5975609756097561,0.4340425531914894,300,outputs\adapted_models\cnn3_sketch_seed42_to_cartoon_fraction10.pth,88,0.6036585365853658,0.4553191489361702,600,0.2850623859177421,-0.0274595853069671,0.4764123695710601,-0.0121255927801632,0.1434388474980306,-0.0075599174889741,0.0008959532706851,0.0001593208394953
cnn3_sketch_seed42_to_photo,cnn3_sketch_seed42,cnn3,sketch,1,photo,42,94151,2750,0.72264631043257,0.1017964071856287,22.86696492269368,0.092814371257485,23.858507990123268,58,117,292,585,1169,0.2155688622754491,0.344311377245509,0.4311377245508982,0.5299401197604791,0.5898203592814372,0,0.092814371257485,0.092814371257485,1.0,0.0840409401656937,0.0577302387624956,0.0753241922885918,0.1404515618195901,128,1.0090189133325254,1.004499334660071,1.145932882720932,0.9234095970915562,0.4750246302871874,0.0765050460335303,0.0005976956721369,0.1886247134135523,0.0251620593370612,0.1634626540764911,0.0554659553694969,0.0201418742365181,0.9049156210753628,0.951270529910058,1.006263543434374,0.9078931771751804,0.4631368787961163,0.0745114268006242,0.0005821205218798,0.1886247134135523,0.0393512928624699,0.1492734205510823,0.0545494964495766,0.0180114418818554,59,0.293103448275862,0.3053892215568862,200,outputs\adapted_models\cnn3_sketch_seed42_to_photo_fraction10.pth,100,0.4102564102564102,0.3772455089820359,400,1.057275686440266,0.1523600653649033,0.9806077566574408,0.0727145794822604,0.5415934886808755,0.0784566098847592,0.0005311001855012,-5.1020336378542136e-05
cnn3_sketch_seed387_to_art_painting,cnn3_sketch_seed387,cnn3,sketch,1,art_painting,387,94151,2750,0.727735368956743,0.1170731707317073,24.52039780035252,0.1390243902439024,21.73718849740377,71,143,358,716,1433,0.275609756097561,0.2853658536585365,0.3048780487804878,0.4073170731707317,0.4097560975609756,0,0.1390243902439024,0.1390243902439024,0.9999999992122746,0.0459772377102066,0.0257773056033546,0.0294828038364624,0.0436757436360528,128,0.8839903569112251,0.9402076137275348,1.3491115734335228,0.8365123911182718,0.3945121786459237,0.0696797853852573,0.0005443733233223,0.161149269707047,0.0698650634770971,0.0912842062299499,0.0419507683605477,0.0117901893626319,0.8425132410509877,0.9178852003660304,1.14470814943918,0.8416170533816654,0.3997665504168055,0.0684097524276524,0.000534451190841,0.161149269707047,0.0710557680118213,0.0900935016952257,0.0423170936015678,0.0111583008931604,93,0.3380281690140845,0.2926829268292683,300,outputs\adapted_models\cnn3_sketch_seed387_to_art_painting_fraction10.pth,90,0.4055944055944055,0.4,500,0.9577325613150308,0.115219320264043,0.8553560350349579,0.0137389816532925,0.4094715374001572,0.0097049869833517,0.0005355714393151,1.1202484741575523e-06
cnn3_sketch_seed387_to_cartoon,cnn3_sketch_seed387,cnn3,sketch,1,cartoon,387,94151,2750,0.727735368956743,0.2127659574468085,9.839497489117562,0.2217484008528784,7.316526205554954,82,164,410,821,1640,0.3837953091684435,0.4626865671641791,0.5479744136460555,0.6076759061833689,0.6588486140724946,0,0.2217484008528784,0.2217484008528784,1.0,0.0883527999861967,0.0396096260720843,0.0503808839032761,0.0895037442257311,128,0.3720002498751084,0.6099182321222316,1.4647016542291065,0.4949326042471916,0.1464678647326548,0.0652597425426019,0.000509841738614,0.161149269707047,0.1685795621476158,0.0074302924405687,0.0241589263622747,0.0061772071723063,0.333872939931733,0.577817393240921,1.3351276084447588,0.4835587965373143,0.1407408471974354,0.0696275420042127,0.0005439651719079,0.161149269707047,0.1791121494262867,0.0179628797192396,0.0237228591457426,0.0059890338252121,74,0.573170731707317,0.4808510638297872,300,outputs\adapted_models\cnn3_sketch_seed387_to_cartoon_fraction10.pth,82,0.5304878048780488,0.4808510638297872,600,0.3412579060804089,0.0073849661486759,0.4754397256966768,-0.0081190708406375,0.1366037926569701,-0.0041370545404653,0.0005788412157147,3.487604380687532e-05
cnn3_sketch_seed387_to_photo,cnn3_sketch_seed387,cnn3,sketch,1,photo,387,94151,2750,0.727735368956743,0.1017964071856287,28.64845202782911,0.092814371257485,32.6721646428822,58,117,292,585,1169,0.2634730538922156,0.3502994011976048,0.4610778443113772,0.5538922155688623,0.6107784431137725,0,0.092814371257485,0.092814371257485,0.9999999999999998,0.0919913888809563,0.0536442177691109,0.0677631033698872,0.1130892969082432,128,1.0617523789509236,1.0304136931111327,1.3444021509798638,0.9184006098406324,0.4636203839663522,0.0687073478266958,0.000536776154896,0.161149269707047,0.0259405639051102,0.1352087058019368,0.0466659656073326,0.015606547696986,1.012906353279392,1.0064324881875546,1.2169001625953826,0.903845365898068,0.4514974911441086,0.0676184181910616,0.0005282688921176,0.161149269707047,0.035186494609071,0.125962775097976,0.0458050474898091,0.013950892632393,100,0.3448275862068966,0.2994011976047904,200,outputs\adapted_models\cnn3_sketch_seed387_to_photo_fraction10.pth,100,0.452991452991453,0.3712574850299401,400,1.158127846971908,0.145221493692516,0.8963976833748718,-0.0074476825231961,0.438692231060431,-0.0128052600836776,0.0004375666793486,-9.07022127689632e-05
cnn3_art_painting-cartoon_seed42_to_photo,cnn3_art_painting-cartoon_seed42,cnn3,art_painting|cartoon,2,photo,42,94151,3073,0.6636363636363637,0.4550898203592814,2.15200505285206,0.4341317365269461,2.2177367867110016,58,117,292,585,1169,0.562874251497006,0.562874251497006,0.6437125748502994,0.7065868263473054,0.7245508982035929,0,0.4341317365269461,0.4341317365269461,0.9999999999999288,0.0834302618695599,0.0288308257531438,0.0352623761311943,0.0570609222592809,128,0.0969522453455555,0.3113715551323781,0.6915392940391344,0.3374772945455613,0.0820500731671169,0.0863033685812011,0.0006742450670406,0.3744825033658201,0.2818263271203111,0.092656176245509,0.0183182117323437,0.0115529675318481,0.0826084084534208,0.287416785267355,0.6975581991722465,0.3109163231778482,0.0713073616899456,0.0788288698419369,0.0006158505456401,0.3744825033658201,0.3009176901765069,0.0735648131893131,0.0173686126496097,0.0101905513432631,89,0.8793103448275862,0.562874251497006,200,outputs\adapted_models\cnn3_art_painting-cartoon_seed42_to_photo_fraction10.pth,94,0.8547008547008547,0.5688622754491018,400,0.0638969721936051,-0.0187114362598156,0.2516549572889291,-0.059261365888919,0.0460832113720111,-0.0252241503179345,0.0006370931343707,2.124258873063573e-05
cnn3_art_painting-cartoon_seed42_to_sketch,cnn3_art_painting-cartoon_seed42,cnn3,art_painting|cartoon,2,sketch,42,94151,3073,0.6636363636363637,0.2111959287531806,2.7091895921236384,0.1984732824427481,2.8916490860567747,138,275,688,1375,2750,0.5381679389312977,0.5623409669211196,0.5776081424936387,0.6068702290076335,0.678117048346056,0,0.1984732824427481,0.1984732824427481,0.9999987204352938,0.1058900166569212,0.0139856212372807,0.0166630983069229,0.0246233984540613,128,0.2885692887904734,0.5371864562612068,0.7235780113448725,0.5458212351918101,0.181144439313587,0.1013816379471134,0.0007920440464618,0.3744825033658201,0.0969510874628886,0.2775314159029314,0.0336157466504895,0.026408704848701,0.2841958197213239,0.533100196699761,0.7410196995128873,0.5493486205415352,0.1854186795219224,0.1020492051395361,0.0007972594151526,0.3744825033658201,0.1046258392685963,0.2698566640972237,0.0340624897447498,0.025937244060292,91,0.6956521739130435,0.5776081424936387,500,outputs\adapted_models\cnn3_art_painting-cartoon_seed42_to_sketch_fraction10.pth,92,0.6290909090909091,0.6234096692111959,900,0.333607978303668,0.0494121585823441,0.5913206987915038,0.0419720782499686,0.2171472630552369,0.0317285835333145,0.0011060151451315,0.0003087557299789
cnn3_art_painting-cartoon_seed387_to_photo,cnn3_art_painting-cartoon_seed387,cnn3,art_painting|cartoon,2,photo,387,94151,3073,0.65,0.4730538922155688,2.1845231198979,0.4700598802395209,2.073775148677255,58,117,292,585,1169,0.5868263473053892,0.5778443113772455,0.6586826347305389,0.7005988023952096,0.7245508982035929,0,0.4700598802395209,0.4700598802395209,0.9999999999993554,0.0762310681486096,0.0235673930617403,0.0299051400760421,0.0537850380748284,128,0.1407029990648782,0.3751039843361815,0.6748663604390339,0.3931885224104329,0.1056144297544511,0.0953590210105482,0.0007449923516449,0.3777393622935801,0.2313274415760504,0.1464119207175296,0.0216700692447883,0.0144521819944406,0.1144450574042941,0.3382972914527902,0.6749405734041947,0.3611790086686826,0.0910819278161731,0.089235133654592,0.0006971494816765,0.3777393622935801,0.2518843825771072,0.1258549797164729,0.0203887893870343,0.0124304727254373,59,0.7586206896551724,0.5808383233532934,200,outputs\adapted_models\cnn3_art_painting-cartoon_seed387_to_photo_fraction10.pth,24,0.6752136752136753,0.5688622754491018,400,0.1126339959208508,-0.0018110614834432,0.355493719688613,-0.0056852889800695,0.0904464798023547,-0.0006354480138183,0.0006744665098184,-2.268297185808597e-05
cnn3_art_painting-cartoon_seed387_to_sketch,cnn3_art_painting-cartoon_seed387,cnn3,art_painting|cartoon,2,sketch,387,94151,3073,0.65,0.1755725190839694,2.991893304819976,0.1450381679389313,3.098020791400783,138,275,688,1375,2750,0.5050890585241731,0.5419847328244275,0.6055979643765903,0.6374045801526718,0.6666666666666666,0,0.1450381679389313,0.1450381679389313,1.0,0.115851783667619,0.0077905156625071,0.0088081233296051,0.0122138966551001,128,0.347301805097483,0.589323175428799,0.6589552502757278,0.6317070065374285,0.2482694395059056,0.114761837801031,0.0008965768578205,0.3777393622935801,0.0956275369107307,0.2821118253828493,0.0371155542962772,0.0272127541176635,0.3513119915704219,0.59271577638057,0.6679118966965601,0.6337271779214289,0.2516644720539366,0.1153504790137556,0.0009011756172949,0.3777393622935801,0.1020195018730616,0.2757198604205185,0.0373249586618747,0.026609095859924,92,0.6086956521739131,0.549618320610687,500,outputs\adapted_models\cnn3_art_painting-cartoon_seed387_to_sketch_fraction10.pth,100,0.6072727272727273,0.5776081424936387,900,0.4020712490822109,0.050759257511789,0.6696204491822197,0.0358932712607908,0.2821400610924435,0.0304755890385068,0.0009388680267952,3.769240950031439e-05
cnn3_art_painting-photo_seed42_to_cartoon,cnn3_art_painting-photo_seed42,cnn3,art_painting|photo,2,cartoon,42,94151,2602,0.6102150537634409,0.2978723404255319,3.574679760222739,0.2729211087420042,3.315207410214552,82,164,410,821,1640,0.4989339019189765,0.5522388059701493,0.6204690831556503,0.652452025586354,0.6993603411513859,0,0.2729211087420042,0.2729211087420042,1.0,0.1046336866219455,0.0199535360981487,0.0249629524384701,0.043154840577463,128,0.2475477678480184,0.4975417247307189,0.996407187417768,0.4527053795352234,0.1288078516431841,0.0485148996536492,0.0003790226535441,0.2507769966159228,0.1737668231129547,0.077010173502968,0.0263545487005489,0.0098889661674972,0.2204665771681913,0.469538685486288,0.9842294042297768,0.425091437005432,0.115992717232243,0.0481702086948688,0.0003763297554286,0.2507769966159228,0.1994220539720581,0.0513549426438646,0.0251478160784634,0.00834737059196,88,0.8048780487804879,0.5574468085106383,300,outputs\adapted_models\cnn3_art_painting-photo_seed42_to_cartoon_fraction10.pth,85,0.8109756097560976,0.5957446808510638,600,0.1725654667635119,-0.0479011104046793,0.3583003153463771,-0.0667911216590549,0.0802779184610688,-0.0357147987711742,0.0003393201835711,-3.7009571857488674e-05
cnn3_art_painting-photo_seed42_to_sketch,cnn3_art_painting-photo_seed42,cnn3,art_painting|photo,2,sketch,42,94151,2602,0.6102150537634409,0.1577608142493638,3.8279836475090825,0.1577608142493638,3.894695315955553,138,275,688,1375,2750,0.4910941475826972,0.5139949109414759,0.5597964376590331,0.5903307888040712,0.6628498727735369,0,0.1577608142493638,0.1577608142493638,0.9999999999997722,0.1031158722527271,0.0121045487640574,0.0166028184873601,0.0350438756143307,128,0.5471617746692892,0.7397038425405732,0.915872581038806,0.6840009483037186,0.2730750724360344,0.0699117590219124,0.0005461856173586,0.2507769966159228,0.0641802752201337,0.186596721395789,0.0406675906727453,0.0234485516199883,0.5162221751246776,0.7184860298744002,0.8520770148304546,0.6924661282945869,0.2809792383745858,0.0712022483728556,0.0005562675654129,0.2507769966159228,0.0684276958758058,0.1823493007401169,0.0412530828591048,0.0231672211823782,95,0.5579710144927537,0.5012722646310432,500,outputs\adapted_models\cnn3_art_painting-photo_seed42_to_sketch_fraction10.pth,89,0.6036363636363636,0.5343511450381679,900,0.5292340424323336,0.013011867307656,0.7191172852104216,0.0266511569158347,0.3066409999647169,0.0256617615901311,0.0007456887129737,0.0001894211475608
cnn3_art_painting-photo_seed387_to_cartoon,cnn3_art_painting-photo_seed387,cnn3,art_painting|photo,2,cartoon,387,94151,2602,0.6290322580645161,0.2851063829787234,2.972310881919049,0.326226012793177,2.7167852275661315,82,164,410,821,1640,0.5415778251599147,0.5756929637526652,0.6460554371002132,0.67590618336887,0.6780383795309168,0,0.326226012793177,0.326226012793177,1.0,0.0995624296764095,0.0135612367509797,0.016705847320036,0.0244657103396767,128,0.1968617332575506,0.4436910335555031,0.9143948758770608,0.4214747118874973,0.1155411829330842,0.0585241717204796,0.0004572200915662,0.2816236451857478,0.2008661727518875,0.0807574724338602,0.0265790902371291,0.0112302829961161,0.1771583920981636,0.4209018794186641,0.8976304492218883,0.4033819664248266,0.1080826318201756,0.0539630792479129,0.0004215865566243,0.2816236451857478,0.223946792636089,0.0576768525496587,0.0258604543510401,0.009366963879363,95,0.8048780487804879,0.5914893617021276,300,outputs\adapted_models\cnn3_art_painting-photo_seed387_to_cartoon_fraction10.pth,98,0.7865853658536586,0.5914893617021276,600,0.1963060448371223,0.0191476527389587,0.4232322213681388,0.0198502549433122,0.1208406708311017,0.0127580390109261,0.0004292992991766,7.712742552325018e-06
cnn3_art_painting-photo_seed387_to_sketch,cnn3_art_painting-photo_seed387,cnn3,art_painting|photo,2,sketch,387,94151,2602,0.6290322580645161,0.2264631043256997,2.756218995150112,0.2073791348600508,2.7650727667578,138,275,688,1375,2750,0.5050890585241731,0.5432569974554707,0.5623409669211196,0.5992366412213741,0.6437659033078881,0,0.2073791348600508,0.2073791348600508,0.9999999999979444,0.0959832005178996,0.0066878579801515,0.0088123956229309,0.0143887484014275,128,0.4372595464564348,0.6612560369905404,0.7995567472821848,0.640342642016296,0.2436341105189892,0.0760586703266509,0.0005942083619269,0.2816236451857478,0.0762218937932234,0.2054017513925243,0.0401503188980779,0.023960694380363,0.4377053792151149,0.6615930616437229,0.8189733470452968,0.6496863147208163,0.2523287069520372,0.0770829923451312,0.0006022108776963,0.2816236451857478,0.0822016809600766,0.1994219642256711,0.0406572507473599,0.0233849515937497,93,0.6159420289855072,0.544529262086514,500,outputs\adapted_models\cnn3_art_painting-photo_seed387_to_sketch_fraction10.pth,72,0.6254545454545455,0.5623409669211196,900,0.5349686164855811,0.0972632372704662,0.71792272207801,0.0682364073571937,0.3079027737555732,0.0555740668035359,0.0007436228593878,0.0001414119816915
cnn3_art_painting-sketch_seed42_to_cartoon,cnn3_art_painting-sketch_seed42,cnn3,art_painting|sketch,2,cartoon,42,94151,4183,0.6872909698996655,0.4042553191489361,2.5557593609424347,0.4754797441364605,2.042445558983126,82,164,410,821,1640,0.5437100213219617,0.5991471215351812,0.6375266524520256,0.6886993603411514,0.7100213219616205,0,0.4754797441364605,0.4754797441364605,0.9999999999998992,0.0637905543870421,0.0259306648252677,0.0329157283099134,0.0606107895933518,128,0.0975877303478669,0.3123903493193523,0.7495113707223217,0.2854063609032423,0.0560550138376467,0.1495864372598039,0.0011686440410922,0.3805495842513232,0.2617258063109022,0.118823777940421,0.0148840345579603,0.0111536372547674,0.0916859289558242,0.3027968443623947,0.7371600603838697,0.2868843490138887,0.0583288311884674,0.1471649053503615,0.0011497258230496,0.3805495842513232,0.2768695579420196,0.1036800263093036,0.0152134730938965,0.0107866602241457,86,0.7682926829268293,0.5531914893617021,300,outputs\adapted_models\cnn3_art_painting-sketch_seed42_to_cartoon_fraction10.pth,81,0.7621951219512195,0.6127659574468085,600,0.0852983510526124,-0.0063875779032117,0.2826438376378842,-0.0042405113760045,0.0591460815910575,0.00081725040259,0.0011556734377613,5.947614711732975e-06
cnn3_art_painting-sketch_seed42_to_photo,cnn3_art_painting-sketch_seed42,cnn3,art_painting|sketch,2,photo,42,94151,4183,0.6872909698996655,0.5089820359281437,2.153792227099756,0.5179640718562875,2.0796468186521246,58,117,292,585,1169,0.5508982035928144,0.5898203592814372,0.625748502994012,0.6676646706586826,0.7395209580838323,0,0.5179640718562875,0.5179640718562875,0.9999999999999984,0.0527974447618132,0.0327448797968517,0.0417453734109887,0.07148193628319,128,0.292172890947981,0.5405301942981363,0.5981737323405275,0.6428997169527906,0.2861564936445603,0.1709023124676345,0.0013351743161533,0.3805495842513232,0.2065577948020085,0.1739917894493147,0.0345509644142701,0.0163177917273104,0.2903767801110994,0.5388661987090111,0.5937944297854442,0.6171288227364354,0.2690368896631404,0.1673878374908403,0.0013077174803971,0.3805495842513232,0.2289470666320996,0.1516025176192236,0.0333501371817912,0.0150242907589784,21,0.603448275862069,0.5988023952095808,200,outputs\adapted_models\cnn3_art_painting-sketch_seed42_to_photo_fraction10.pth,28,0.7094017094017094,0.6287425149700598,400,0.2617777516414628,-0.0285990284696366,0.6013350858941314,-0.015793736842304,0.2589455707829072,-0.0100913188802331,0.00127640114216,-3.1316338237098035e-05
cnn3_art_painting-sketch_seed387_to_cartoon,cnn3_art_painting-sketch_seed387,cnn3,art_painting|sketch,2,cartoon,387,94151,4183,0.6488294314381271,0.3446808510638298,2.8594424552105844,0.4115138592750533,2.327633530346316,82,164,410,821,1640,0.5373134328358209,0.5714285714285714,0.6332622601279317,0.6844349680170576,0.7121535181236673,0,0.4115138592750533,0.4115138592750533,0.9999999999994684,0.0793425382294,0.0258685136980303,0.0318041789642233,0.0482369789771918,128,0.0942997244535404,0.3070826020039891,0.8356549134896326,0.2697627147877171,0.0466761031255859,0.1181865496433823,0.0009233324190889,0.3181628167914145,0.2101244084043451,0.1080384083870694,0.0160237235759286,0.0108631271345139,0.1127758427879408,0.3358211470231451,0.895831078812825,0.2619924498195035,0.0456082464426431,0.1133370493196141,0.0008854456978094,0.3181628167914145,0.2327172483217555,0.085445568469659,0.0158961522931263,0.0099999956742731,84,0.7439024390243902,0.5872340425531914,300,outputs\adapted_models\cnn3_art_painting-sketch_seed387_to_cartoon_fraction10.pth,55,0.6524390243902439,0.6127659574468085,600,0.0933404263986557,-0.0194354163892851,0.2671505379102641,0.0051580880907606,0.0486811298919649,0.0030728834493218,0.0009148890012825,2.9443303473114133e-05
cnn3_art_painting-sketch_seed387_to_photo,cnn3_art_painting-sketch_seed387,cnn3,art_painting|sketch,2,photo,387,94151,4183,0.6488294314381271,0.4790419161676646,2.2363647586571243,0.467065868263473,2.247558559486252,58,117,292,585,1169,0.5149700598802395,0.5449101796407185,0.6317365269461078,0.6766467065868264,0.7305389221556886,0,0.467065868263473,0.467065868263473,0.9999999999999454,0.0640053530307313,0.0399680169633612,0.0504322253247808,0.0745144706235199,128,0.2975151396283249,0.545449484029754,0.7438268134550189,0.5759010547005334,0.2240513908164996,0.142145203545808,0.0011105094027016,0.3181628167914145,0.2180960321217126,0.1000667846697019,0.0332873512174105,0.0149936043669233,0.2483304310891769,0.4983276342820825,0.691320460368256,0.5521880878473494,0.2090270925078932,0.1361502622014273,0.0010636739234486,0.3181628167914145,0.2347240511395302,0.0834387656518843,0.0323074954791138,0.0140462607059823,29,0.6724137931034483,0.5568862275449101,200,outputs\adapted_models\cnn3_art_painting-sketch_seed387_to_photo_fraction10.pth,20,0.5982905982905983,0.5748502994011976,400,0.2444125898222064,-0.0039178412669704,0.5201417054103268,-0.0320463824370226,0.1863939478714306,-0.0226331446364626,0.0009593853390647,-0.0001042885843838
cnn3_cartoon-photo_seed42_to_art_painting,cnn3_cartoon-photo_seed42,cnn3,cartoon|photo,2,art_painting,42,94151,2809,0.7238805970149254,0.2878048780487804,3.3543804633908154,0.2853658536585365,3.293849535686214,71,143,358,716,1433,0.3707317073170731,0.4365853658536585,0.4585365853658537,0.4634146341463415,0.4951219512195122,0,0.2853658536585365,0.2853658536585365,0.9999999999999958,0.0443472132930882,0.0120932335357019,0.0173336904510335,0.0380930432828125,128,0.0419468526665767,0.2048093080564863,0.7936680335178684,0.2072727464585618,0.0317273833725546,0.0772590084934707,0.0006035860038552,0.3133954485114975,0.346815745440746,0.0334202969292485,0.0129036366561146,0.0083794607108071,0.0399822442291055,0.1999556056456171,0.7860165049540856,0.2118177479028331,0.0329691744860436,0.0668005481011144,0.0005218792820399,0.3133954485114975,0.3305830272991709,0.0171875787876734,0.0133478090364096,0.0078293057636888,81,0.704225352112676,0.3560975609756097,300,outputs\adapted_models\cnn3_cartoon-photo_seed42_to_art_painting_fraction10.pth,96,0.6783216783216783,0.4,500,0.0471735067017042,0.0071912624725987,0.1976451663624492,-0.0141725815403838,0.0274027521266193,-0.0055664223594242,0.0004757736287289,-4.610565331096279e-05
cnn3_cartoon-photo_seed42_to_sketch,cnn3_cartoon-photo_seed42,cnn3,cartoon|photo,2,sketch,42,94151,2809,0.7238805970149254,0.3358778625954198,1.639142829953259,0.3702290076335878,1.6987304056570427,138,275,688,1375,2750,0.5330788804071247,0.5534351145038168,0.5877862595419847,0.6208651399491094,0.6399491094147582,0,0.3702290076335878,0.3702290076335878,0.999999999999997,0.066221920516156,0.0087826378978354,0.0101323537477578,0.0126991908047103,128,0.2631843695518447,0.5130149798513146,0.871828471392964,0.4540382462467382,0.116034244249668,0.0953412886649179,0.0007448538176946,0.3133954485114975,0.0610210776310235,0.252374370880474,0.027967406722518,0.0244412704900299,0.2735506005974002,0.5230206502590506,0.9246701003565404,0.454314091179037,0.1169683602284389,0.0960628905372835,0.0007504913323225,0.3133954485114975,0.065941791902932,0.2474536566085654,0.0281717591994065,0.0237076503441037,93,0.6884057971014492,0.5699745547073791,500,outputs\adapted_models\cnn3_cartoon-photo_seed42_to_sketch_fraction10.pth,60,0.6036363636363636,0.5903307888040712,900,0.3376590498519456,0.0641084492545454,0.5039403303120331,0.0496262391329961,0.1468042230678519,0.029835862839413,0.0007390003475934,-1.1490984729085016e-05
cnn3_cartoon-photo_seed387_to_art_painting,cnn3_cartoon-photo_seed387,cnn3,cartoon|photo,2,art_painting,387,94151,2809,0.7263681592039801,0.2926829268292683,2.930402783649724,0.2926829268292683,2.8041224409894245,71,143,358,716,1433,0.3414634146341463,0.4097560975609756,0.4414634146341463,0.4585365853658537,0.4902439024390244,0,0.2926829268292683,0.2926829268292683,0.999999999999874,0.0380318885160118,0.0175348940567975,0.0263562087612079,0.0573956832304807,128,0.0563678590887775,0.2374191632720019,0.8062652337880605,0.2409637185187626,0.0418363981384289,0.0736358056959549,0.0005752797319996,0.3132789621902425,0.304614514795958,0.0086644473942845,0.0152446438127197,0.0071566456941828,0.0679783470601029,0.2607265752854951,0.7853090948032798,0.2582702360933918,0.0479423400190304,0.0663300978926328,0.0005182038897861,0.3132789621902425,0.2993968226442187,0.0138821395460237,0.0162927074624955,0.0072862381271612,87,0.676056338028169,0.3804878048780488,300,outputs\adapted_models\cnn3_cartoon-photo_seed387_to_art_painting_fraction10.pth,54,0.5454545454545454,0.4146341463414634,500,0.0519935666150503,-0.0159847804450525,0.2241823638928589,-0.0340878722005328,0.0360134459566662,-0.0119288940623641,0.0004871779606472,-3.1025929138860965e-05
cnn3_cartoon-photo_seed387_to_sketch,cnn3_cartoon-photo_seed387,cnn3,cartoon|photo,2,sketch,387,94151,2809,0.7263681592039801,0.2061068702290076,1.9658724636825289,0.2111959287531806,2.0437525246889536,138,275,688,1375,2750,0.5356234096692112,0.5483460559796438,0.5801526717557252,0.6348600508905853,0.6552162849872774,0,0.2111959287531806,0.2111959287531806,0.9999999999997192,0.1027438468064149,0.008581763630433,0.0100385193258065,0.0167967184812333,128,0.3142166448443437,0.5605503053645977,0.8344846553927939,0.5160916838280745,0.1520625361344603,0.1056174683684604,0.0008251364716285,0.3132789621902425,0.0525580173528864,0.2607209448373561,0.0330588405195634,0.0273601964347349,0.3147543034231985,0.5610296814101715,0.9202929846464344,0.5182817159076364,0.1545963701456327,0.1063382820692144,0.0008307678286657,0.3132789621902425,0.058924991093412,0.2543539710968305,0.0331780527490596,0.0265109903175051,89,0.6304347826086957,0.5776081424936387,500,outputs\adapted_models\cnn3_cartoon-photo_seed387_to_sketch_fraction10.pth,84,0.6218181818181818,0.5674300254452926,900,0.4889024528353882,0.1741481494121897,0.6668735615263672,0.1485918456187308,0.2626516569728041,0.1080552868271714,0.0008240496194238,-6.718209241826948e-06
cnn3_cartoon-sketch_seed42_to_art_painting,cnn3_cartoon-sketch_seed42,cnn3,cartoon|sketch,2,art_painting,42,94151,4390,0.732484076433121,0.224390243902439,4.121956615913205,0.2585365853658536,4.18575212432117,71,143,358,716,1433,0.3268292682926829,0.3536585365853658,0.3804878048780488,0.4317073170731707,0.4804878048780487,0,0.2585365853658536,0.2585365853658536,1.0,0.0364097818422564,0.0253523838665967,0.0299596517860581,0.0495509514397127,128,0.4236464563855201,0.6508812920844477,0.7731616781993843,0.7116104207681859,0.3616220751492482,0.1146746985144908,0.0008958960821444,0.2867850356320961,0.3178787310426677,0.0310936954105715,0.0416321017539055,0.0163562964009869,0.4019674716426737,0.6340090469722603,0.6647312325090367,0.7243906667113725,0.3760164160429404,0.1122488662284392,0.0008769442674096,0.2867850356320961,0.3205881344907841,0.033803098858688,0.0422767678617267,0.0159433253043336,26,0.352112676056338,0.3414634146341463,300,outputs\adapted_models\cnn3_cartoon-sketch_seed42_to_art_painting_fraction10.pth,87,0.6153846153846154,0.375609756097561,500,0.3839090984507699,-0.0180583731919037,0.7012645633789426,-0.0231261033324299,0.3529268378949909,-0.0230895781479494,0.0008637688238399,-1.3175443569682756e-05
cnn3_cartoon-sketch_seed42_to_photo,cnn3_cartoon-sketch_seed42,cnn3,cartoon|sketch,2,photo,42,94151,4390,0.732484076433121,0.3053892215568862,3.5191745072781684,0.3323353293413174,3.8563990907040897,58,117,292,585,1169,0.4550898203592814,0.5,0.5718562874251497,0.6407185628742516,0.6796407185628742,0,0.3323353293413174,0.3323353293413174,1.0,0.0812078032065945,0.0356466033429067,0.0430747033844013,0.0654512687142144,128,0.548585092020798,0.7406653036431489,0.8074614731057826,0.7930651812373986,0.422082452329326,0.1020790823739379,0.0007974928310463,0.2867850356320961,0.2288663804109041,0.0579186552211919,0.0449169549349269,0.0159220716612626,0.4763714408646872,0.6901966682509321,0.6812572344898411,0.7705072828029663,0.4070496379217519,0.1138066673324194,0.0008891145885345,0.2867850356320961,0.2574759729817326,0.0293090626503635,0.0442097861243515,0.0170594232496293,77,0.7068965517241379,0.5089820359281437,200,outputs\adapted_models\cnn3_cartoon-sketch_seed42_to_photo_fraction10.pth,88,0.7863247863247863,0.5089820359281437,400,0.3829706719780867,-0.0934007688866004,0.6034208969053674,-0.1670863858975989,0.2430036592572984,-0.1640459786644535,0.0007748922574639,-0.0001142223310705
cnn3_cartoon-sketch_seed387_to_art_painting,cnn3_cartoon-sketch_seed387,cnn3,cartoon|sketch,2,art_painting,387,94151,4390,0.7404458598726115,0.2634146341463415,4.293421880210318,0.2682926829268293,4.276015565453506,71,143,358,716,1433,0.3219512195121951,0.3463414634146341,0.3926829268292683,0.3829268292682927,0.4804878048780487,0,0.2682926829268293,0.2682926829268293,0.9999999999999968,0.0312946709773587,0.0252450346789326,0.0333284495500879,0.0633343558948805,128,0.3653235614316229,0.6044200207071428,0.7459717611559444,0.6661890463553702,0.3190855048969684,0.1224764169184798,0.0009568470071756,0.2848566763646539,0.3302652962518884,0.0454086198872344,0.0391159615290134,0.016486388592886,0.3571109395830351,0.5975875999240907,0.6757956313633559,0.680289005038393,0.3321517659859873,0.1208394130033823,0.0009440579140889,0.2848566763646539,0.3252152487201162,0.0403585723554623,0.0393793144601826,0.0166962234246854,74,0.5070422535211268,0.3219512195121951,300,outputs\adapted_models\cnn3_cartoon-sketch_seed387_to_art_painting_fraction10.pth,90,0.5874125874125874,0.3463414634146341,500,0.3986210888813789,0.0415101492983438,0.701957931805359,0.021668926766966,0.3539595619922604,0.0218077960062731,0.0010025446843207,5.848677023188615e-05
cnn3_cartoon-sketch_seed387_to_photo,cnn3_cartoon-sketch_seed387,cnn3,cartoon|sketch,2,photo,387,94151,4390,0.7404458598726115,0.3293413173652694,3.820540765088476,0.3562874251497006,4.053162945958668,58,117,292,585,1169,0.5269461077844312,0.5568862275449101,0.6197604790419161,0.6766467065868264,0.7065868263473054,0,0.3562874251497006,0.3562874251497006,0.9999999999999998,0.095190554423842,0.0231461003905305,0.0274814376218854,0.0364138017421314,128,0.5052706311595295,0.7108239100927385,0.7706397483895743,0.7617005922307848,0.3956171597818934,0.1281066427209477,0.0010008331462574,0.2848566763646539,0.2536994024220157,0.0311572739426382,0.0426672975712284,0.017365022969264,0.4375191628248761,0.661452313341541,0.6729597817389699,0.7419236010162339,0.3788532951575397,0.1228893248431125,0.0009600728503368,0.2848566763646539,0.264812040131053,0.0200446362336009,0.0424641449459187,0.0174246452769448,81,0.5689655172413793,0.5389221556886228,200,outputs\adapted_models\cnn3_cartoon-sketch_seed387_to_photo_fraction10.pth,90,0.7350427350427351,0.5688622754491018,400,0.3806586284952072,-0.0568605343296688,0.6879245682554124,-0.0539990327608215,0.3303720959347264,-0.0484811992228133,0.0009559825806231,-4.090269713663184e-06
cnn3_photo-sketch_seed42_to_art_painting,cnn3_photo-sketch_seed42,cnn3,photo|sketch,2,art_painting,42,94151,3919,0.7232142857142857,0.224390243902439,5.264236673494665,0.2268292682926829,5.813270568847656,71,143,358,716,1433,0.3219512195121951,0.3829268292682927,0.4560975609756098,0.4634146341463415,0.4926829268292683,0,0.2268292682926829,0.2268292682926829,1.0,0.0520414099235113,0.0232496483719786,0.0294469725680743,0.0591534532827299,128,0.3107350902348581,0.5574361759294584,0.9309769287044812,0.5171769410011299,0.1820584899913671,0.1411279787988189,0.0011025623343657,0.2687002527834844,0.2660227165200204,0.0026775362634639,0.0286954687933085,0.0129300965382473,0.3117786490067453,0.5583714256717882,0.8052111177007341,0.5330145529148872,0.1913196296577045,0.1332122094064126,0.0010407203859875,0.2687002527834844,0.2487977356308628,0.0199025171526215,0.0293386694736036,0.0123424620732801,96,0.5211267605633803,0.4048780487804878,300,outputs\adapted_models\cnn3_photo-sketch_seed42_to_art_painting_fraction10.pth,88,0.5804195804195804,0.4439024390243902,500,0.2918536284888149,-0.0199250205179303,0.5127462445360487,-0.0202683083788385,0.1737182901996257,-0.0176013394580787,0.00098948031106,-5.12400749274073e-05
cnn3_photo-sketch_seed42_to_cartoon,cnn3_photo-sketch_seed42,cnn3,photo|sketch,2,cartoon,42,94151,3919,0.7232142857142857,0.3106382978723404,5.222356812497403,0.2985074626865671,4.356426442355744,82,164,410,821,1640,0.488272921108742,0.5245202558635395,0.5927505330490405,0.650319829424307,0.67590618336887,0,0.2985074626865671,0.2985074626865671,1.0,0.0909477681814551,0.023903922301752,0.0291821194794524,0.0423874930469719,128,0.1383076931396614,0.3718974228731108,1.0310612136694566,0.2999961187467009,0.0573237259939629,0.1169132814307263,0.0009133850111775,0.2687002527834844,0.1948011904538248,0.0738990623296595,0.0168446405301792,0.0104324473097856,0.1447855555801052,0.3805069717890924,0.996253227576488,0.299839147195636,0.0578270540168719,0.1144465043064224,0.0008941133148939,0.2687002527834844,0.2022522452500293,0.0664480075334551,0.0169049702901066,0.0099285013839775,81,0.8292682926829268,0.5276595744680851,300,outputs\adapted_models\cnn3_photo-sketch_seed42_to_cartoon_fraction10.pth,92,0.7865853658536586,0.5574468085106383,600,0.1448498554148427,6.429983473754675e-05,0.3019520066463657,0.0021128594507296,0.0583804260595727,0.0005533720427008,0.0009543606504581,6.024733556426543e-05
cnn3_photo-sketch_seed387_to_art_painting,cnn3_photo-sketch_seed387,cnn3,photo|sketch,2,art_painting,387,94151,3919,0.7178571428571429,0.3073170731707317,4.309012250202458,0.2609756097560975,4.977535619968322,71,143,358,716,1433,0.3292682926829268,0.3536585365853658,0.3560975609756097,0.4585365853658537,0.4878048780487805,0,0.2609756097560975,0.2609756097560975,0.9999999999952618,0.0367350228407601,0.0351575370223276,0.0392090266137474,0.0536568928683113,128,0.2454166228068106,0.4953954206558743,0.7495642401853527,0.5055995042293526,0.182518304962449,0.1284892722685892,0.0010038224395983,0.2965361180329894,0.3073610789923658,0.0108249609593764,0.029467504021607,0.0125481758872454,0.2378187032113867,0.4876665902144484,0.6782247667795429,0.5150650602714226,0.1879465969201997,0.1227265886407844,0.0009588014737561,0.2965361180329894,0.2940973665408142,0.0024387514921752,0.0300195221815254,0.0125034817415342,33,0.4225352112676056,0.4048780487804878,300,outputs\adapted_models\cnn3_photo-sketch_seed387_to_art_painting_fraction10.pth,20,0.4475524475524475,0.4292682926829268,500,0.2275129663446595,-0.0103057368667271,0.5068194159146756,-0.008245644356747,0.1830282258012442,-0.0049183711189554,0.0009533010832373,-5.50039051878655e-06
cnn3_photo-sketch_seed387_to_cartoon,cnn3_photo-sketch_seed387,cnn3,photo|sketch,2,cartoon,387,94151,3919,0.7178571428571429,0.2723404255319149,4.628129528938456,0.3070362473347548,3.856159690092368,82,164,410,821,1640,0.4498933901918976,0.5245202558635395,0.5842217484008528,0.6289978678038379,0.6823027718550106,0,0.3070362473347548,0.3070362473347548,0.9999999999995802,0.0842935359281544,0.0291845447618113,0.0393209879392546,0.0726382033091244,128,0.079313852161813,0.281627150967042,0.8041862968921415,0.261103667483048,0.0461725798269396,0.1072587226629396,0.0008379587708042,0.2965361180329894,0.248479970655447,0.0480561473775424,0.0150458731612057,0.0092609469457014,0.0855923481313301,0.2925616996999609,0.8464307783949959,0.2613577396174295,0.0471769318093426,0.1040317787705244,0.0008127482716447,0.2965361180329894,0.2649445736009881,0.0315915444320013,0.0152661642044456,0.0088529241692124,92,0.7926829268292683,0.4978723404255319,300,outputs\adapted_models\cnn3_photo-sketch_seed387_to_cartoon_fraction10.pth,91,0.676829268292683,0.5404255319148936,600,0.0832073203711649,-0.0023850277601651,0.2538087769854308,-0.0075489626319986,0.0433624368203648,-0.0038144949889777,0.0008982988086654,8.555053702074395e-05
resnet18_art_painting_seed42_to_cartoon,resnet18_art_painting_seed42,resnet18,art_painting,1,cartoon,42,11180103,1433,0.6487804878048781,0.3404255319148936,4.75883560180664,0.3646055437100213,4.469206315876324,82,164,410,821,1640,0.5842217484008528,0.6311300639658849,0.7356076759061834,0.7697228144989339,0.8187633262260128,0,0.3646055437100213,0.3646055437100213,0.9999999999999976,0.1338443087870703,0.0358003591789437,0.0420217229548588,0.0640674223184228,512,0.0680504539457538,0.2608648192948866,0.690065472073897,0.2679508036789262,0.0488560520872725,0.0623074453943951,0.0001216942292859,0.3574541889928743,0.2546084099602019,0.1028457790326723,0.0099219517442411,0.0046959724806296,0.0619288137770046,0.2488550055293336,0.7024963282341781,0.2584290202732769,0.0451370291887135,0.0590520504524626,0.0001153360360399,0.3574541889928743,0.2517639717996948,0.1056902171931795,0.0095811956768498,0.0046476633325736,79,0.9878048780487804,0.5659574468085107,300,outputs\adapted_models\resnet18_art_painting_seed42_to_cartoon_fraction10.pth,76,0.9939024390243902,0.6595744680851063,600,0.0451537522130118,-0.0167750615639927,0.2015203594449652,-0.0569086608283116,0.0287400761291417,-0.0163969530595717,0.0001103391876619,-4.996848377965214e-06
resnet18_art_painting_seed42_to_photo,resnet18_art_painting_seed42,resnet18,art_painting,1,photo,42,11180103,1433,0.6487804878048781,0.5209580838323353,3.053125175887239,0.5808383233532934,2.927610968401332,58,117,292,585,1169,0.6467065868263473,0.6826347305389222,0.7305389221556886,0.781437125748503,0.781437125748503,0,0.5808383233532934,0.5808383233532934,0.999999999999996,0.0778822888707355,0.0227379467118369,0.0288664930445241,0.0481784117076732,512,0.0409820206970195,0.2024401657206877,0.6749268526029204,0.2043894777242904,0.0286776335305731,0.0786722387885235,0.0001536567163838,0.3574541889928743,0.2780683102885083,0.0793858787043659,0.0075995477419808,0.0043860400291318,0.0341601585609605,0.18482466978453,0.6903112773411981,0.1886591650986824,0.0243176691200202,0.073726480406394,0.0001439970320437,0.3574541889928743,0.2783880972952248,0.0790660916976495,0.0069957777806612,0.0040351674030061,14,0.8275862068965517,0.6347305389221557,200,outputs\adapted_models\resnet18_art_painting_seed42_to_photo_fraction10.pth,41,0.9829059829059827,0.6766467065868264,400,0.0395037094117858,0.0053435508508253,0.2009545652040582,0.0122954001053758,0.0297468418443501,0.0054291727243299,0.0001312645398385,-1.2732492205126211e-05
resnet18_art_painting_seed42_to_sketch,resnet18_art_painting_seed42,resnet18,art_painting,1,sketch,42,11180103,1433,0.6487804878048781,0.4173027989821883,3.4498378957500893,0.4300254452926209,3.3731735171252533,138,275,688,1375,2750,0.6603053435114504,0.7137404580152672,0.7748091603053435,0.8498727735368957,0.8791348600508906,0,0.4300254452926209,0.4300254452926209,0.999999999999996,0.1468700032038195,0.0352311606740994,0.0426614149242967,0.0635663830460468,512,0.1273036602375497,0.3567963848437224,0.6942762122714962,0.3485007747171014,0.0796190417432305,0.0931800058047345,0.0001819921988373,0.3574541889928743,0.2091875380759217,0.1482666509169525,0.012184911743506,0.007157069889492,0.1190814839785321,0.3450818511288765,0.7330213211198778,0.3439365901231634,0.0775698243001872,0.0912050007416609,0.0001781347670735,0.3574541889928743,0.2098301284378272,0.147624060555047,0.0120030611146261,0.0070166106396566,73,0.9492753623188406,0.6666666666666666,500,outputs\adapted_models\resnet18_art_painting_seed42_to_sketch_fraction10.pth,93,1.0,0.6870229007633588,900,0.490623139698721,0.3715416557201889,0.6279131277882158,0.2839765376650524,0.2365518181170037,0.1589819938168165,0.0001860660858254,7.931318751954087e-06
resnet18_art_painting_seed387_to_cartoon,resnet18_art_painting_seed387,resnet18,art_painting,1,cartoon,387,11180103,1433,0.6439024390243903,0.3361702127659574,4.854637056715945,0.3859275053304904,4.545237559499517,82,164,410,821,1640,0.5735607675906184,0.605543710021322,0.7164179104477612,0.7953091684434968,0.837953091684435,0,0.3859275053304904,0.3859275053304904,0.9999999999993684,0.1273006732153967,0.0476894809959771,0.0584460995060866,0.0772483858982648,512,0.0929754287234096,0.3049187247831948,0.6696448152186629,0.3003809415657286,0.0613587972206156,0.0683869947821623,0.0001335683491839,0.3650045322807472,0.247481167724563,0.1175233645561842,0.0110120833531853,0.0053063507895471,0.0716822243842023,0.2677353625956092,0.6884281542209757,0.2827881247525378,0.0537697387549224,0.0645197505981709,0.000126015137887,0.3650045322807472,0.2440277320008566,0.1209768002798906,0.0103136723682113,0.0051915488451486,75,0.975609756097561,0.5829787234042553,300,outputs\adapted_models\resnet18_art_painting_seed387_to_cartoon_fraction10.pth,72,0.9207317073170732,0.6212765957446809,600,0.0978963987674599,0.0262141743832576,0.3009597973767996,0.0181716726242618,0.0626863654783819,0.0089166267234595,0.0001291749837064,3.1598458194274383e-06
resnet18_art_painting_seed387_to_photo,resnet18_art_painting_seed387,resnet18,art_painting,1,photo,387,11180103,1433,0.6439024390243903,0.5748502994011976,2.7954404311265773,0.592814371257485,2.6718610432333576,58,117,292,585,1169,0.6766467065868264,0.6976047904191617,0.7574850299401198,0.7874251497005988,0.8053892215568862,0,0.592814371257485,0.592814371257485,0.9999999999984106,0.0862815715456779,0.0209265969988575,0.0248000070340812,0.0369351356618214,512,0.0328464593475847,0.1812359217914174,0.6630931819386938,0.180279736946377,0.0228136851288932,0.0762754812717665,0.0001489755493589,0.3650045322807472,0.298087492688752,0.0669170395919951,0.0064007167007835,0.0041525359530219,0.0230759597423013,0.1519077343070502,0.6745005547009416,0.1582705071411964,0.0176582522979663,0.0721191512135603,0.0001408577172139,0.3650045322807472,0.3037203799224216,0.0612841523583256,0.0056167860628834,0.0036642420013686,10,0.7413793103448276,0.6227544910179641,200,outputs\adapted_models\resnet18_art_painting_seed387_to_photo_fraction10.pth,22,0.9145299145299144,0.6826347305389222,400,0.0384474260372937,0.0153714662949924,0.1956550722932348,0.0373845651520384,0.0283129017564114,0.0106546494584451,0.0001356782231485,-5.179494065365076e-06
resnet18_art_painting_seed387_to_sketch,resnet18_art_painting_seed387,resnet18,art_painting,1,sketch,387,11180103,1433,0.6439024390243903,0.4452926208651399,3.3516457924102707,0.4465648854961832,3.1138426948139686,138,275,688,1375,2750,0.6704834605597965,0.7150127226463104,0.7798982188295165,0.8384223918575063,0.861323155216285,0,0.4465648854961832,0.4465648854961832,0.999999999999996,0.1405087829488756,0.0282556605904322,0.0349100232844577,0.0528514833335115,512,0.108508927045104,0.3294069322966717,0.6839739586771281,0.3335476421798589,0.0740838608114887,0.089174884804499,0.0001741696968837,0.3650045322807472,0.2244693655930099,0.1405351666877372,0.0116562133021848,0.0071352025553691,0.1128832264156007,0.3359809911521793,0.7151947330539542,0.3356059319992847,0.0751421384250712,0.0880402644473619,0.0001719536414987,0.3650045322807472,0.2243297214127601,0.1406748108679871,0.0117996448520988,0.0070348119894274,95,0.9927536231884058,0.6717557251908397,500,outputs\adapted_models\resnet18_art_painting_seed387_to_sketch_fraction10.pth,99,1.0,0.7175572519083969,900,0.7210326090154549,0.6081493825998542,0.8087277216384107,0.473121789639126,0.3842088713116831,0.3090667328866119,0.0002132845225751,4.133088107641182e-05
resnet18_cartoon_seed42_to_art_painting,resnet18_cartoon_seed42,resnet18,cartoon,1,art_painting,42,11180103,1640,0.8553191489361702,0.3219512195121951,4.404240491913586,0.3195121951219512,5.236843667379239,71,143,358,716,1433,0.3268292682926829,0.4,0.424390243902439,0.4585365853658537,0.5439024390243903,0,0.3195121951219512,0.3195121951219512,0.999999999920286,0.0331602284235848,0.0342764198281983,0.0479974296468937,0.0826559453504631,512,0.0849330420024336,0.291432740100411,0.6537595171897073,0.3005801868605782,0.0642462591641499,0.0812523896667308,0.0001586960735678,0.3643420976846255,0.2774291809850854,0.0869129166995401,0.0105383852208919,0.0053971089966069,0.0833047701996598,0.2886256575560459,0.6686187024988018,0.3131046672193817,0.0696939888595454,0.0796517887546171,0.0001555698999113,0.3643420976846255,0.273277732099441,0.0910643655851845,0.0108725936419118,0.0053686613214935,2,0.2816901408450704,0.3609756097560975,300,outputs\adapted_models\resnet18_cartoon_seed42_to_art_painting_fraction10.pth,98,0.986013986013986,0.3902439024390244,500,0.108854863294898,0.0255500930952382,0.3187688309504392,0.0056641637310574,0.0683355511184614,-0.0013584377410839,0.000104770688108,-5.079921180326376e-05
resnet18_cartoon_seed42_to_photo,resnet18_cartoon_seed42,resnet18,cartoon,1,photo,42,11180103,1640,0.8553191489361702,0.467065868263473,3.324625689112497,0.4790419161676646,3.316955103845653,58,117,292,585,1169,0.5598802395209581,0.5988023952095808,0.7065868263473054,0.7455089820359282,0.7874251497005988,0,0.4790419161676646,0.4790419161676646,1.0,0.0908404715293216,0.043426502323162,0.0516509881742519,0.0804219868584925,512,0.0862262939571405,0.293643140490529,0.654365188470307,0.3136112825581296,0.0701793886493568,0.0833184956640136,0.0001627314368437,0.3643420976846255,0.2788024610769342,0.0855396366076913,0.0108929784455072,0.0056350172914504,0.0877034721131453,0.2961477200877044,0.6578399675198653,0.3133059001297733,0.0694070449921872,0.0836214695107578,0.0001633231826381,0.3643420976846255,0.2697526214075013,0.0945894762771242,0.0108922658655715,0.0055492322158654,98,1.0,0.5868263473053892,200,outputs\adapted_models\resnet18_cartoon_seed42_to_photo_fraction10.pth,34,0.9487179487179488,0.5988023952095808,400,0.0902532259949759,0.0025497538818306,0.2962669029785945,-0.0170389971511787,0.0609664858297368,-0.0084405591624503,0.0001336918373347,-2.963134530337453e-05
resnet18_cartoon_seed42_to_sketch,resnet18_cartoon_seed42,resnet18,cartoon,1,sketch,42,11180103,1640,0.8553191489361702,0.272264631043257,4.174400557695151,0.2964376590330789,4.281474086771182,138,275,688,1375,2750,0.6208651399491094,0.6946564885496184,0.7697201017811705,0.8231552162849872,0.8740458015267175,0,0.2964376590330789,0.2964376590330789,0.9999999999311148,0.166800395010574,0.0336663399253672,0.0424810034162209,0.0702142597311068,512,0.1631546662029921,0.4039240847027968,0.6581688174774358,0.4210687241356948,0.1186246283022797,0.1039306922355911,0.0002029896332726,0.3643420976846255,0.2077392129882015,0.1566028846964239,0.0143293338463338,0.0085219543655748,0.1677791193920266,0.4096084952634974,0.6801697104387762,0.4208479277228376,0.1189739060163914,0.104604307037174,0.0002043052871819,0.3643420976846255,0.2102369285091131,0.1541051691755123,0.0142601208288116,0.0084274075723806,61,0.9420289855072465,0.6513994910941476,500,outputs\adapted_models\resnet18_cartoon_seed42_to_sketch_fraction10.pth,90,0.9890909090909092,0.7048346055979644,900,0.1810075904256156,0.013228471033589,0.4010942780083758,-0.0197536497144617,0.1058088481543184,-0.0131650578620729,0.0001657850552785,-3.852023190338165e-05
resnet18_cartoon_seed387_to_art_painting,resnet18_cartoon_seed387,resnet18,cartoon,1,art_painting,387,11180103,1640,0.8680851063829788,0.2975609756097561,4.075889512969226,0.2853658536585365,4.557747017464987,71,143,358,716,1433,0.324390243902439,0.3780487804878049,0.4414634146341463,0.4707317073170731,0.5365853658536586,0,0.2853658536585365,0.2853658536585365,0.9999999999999948,0.0413608211274859,0.0332588700403511,0.0448305970184462,0.0768357114882136,512,0.0959577933138293,0.3097705494617417,0.6597074209466517,0.3233895296544949,0.0731482789235616,0.0868506341394843,0.0001696301448036,0.3619628235801397,0.2616953728618961,0.1002674507182436,0.0108485474902134,0.0058946410148276,0.0967387885308626,0.311028597609388,0.6739636812125204,0.3306646750371371,0.0765904811422658,0.0828950140528919,0.000161904324322,0.3619628235801397,0.2596814591639558,0.1022813644161839,0.0111212022895988,0.0058105822954405,84,0.9295774647887324,0.375609756097561,300,outputs\adapted_models\resnet18_cartoon_seed387_to_art_painting_fraction10.pth,90,0.993006993006993,0.4097560975609756,500,0.1158133842533191,0.0190745957224565,0.3202963280760224,-0.0103683469611147,0.0693600170871138,-0.0072304640551519,0.0001080629492932,-5.384137502873902e-05
resnet18_cartoon_seed387_to_photo,resnet18_cartoon_seed387,resnet18,cartoon,1,photo,387,11180103,1640,0.8680851063829788,0.4730538922155688,3.0183774297108905,0.4850299401197604,2.8442657493545624,58,117,292,585,1169,0.5898203592814372,0.625748502994012,0.6946107784431138,0.7604790419161677,0.7784431137724551,0,0.4850299401197604,0.4850299401197604,0.9999999999999826,0.0938519075304662,0.0324564043540433,0.0394668994865766,0.0589556761480974,512,0.1199335815494226,0.3463142814690475,0.6500967108620733,0.3629061330662237,0.0906564135090819,0.0914576925980478,0.0001786283058555,0.3619628235801397,0.2435320295935736,0.1184307939865661,0.0121835571479714,0.0064110225353294,0.1095291034994474,0.3309518144676766,0.663594451604474,0.3487430381652258,0.0852357647397288,0.0910796938651283,0.0001778900270803,0.3619628235801397,0.2575565176716355,0.1044063059085042,0.0117862370922554,0.0059535862018997,47,0.9827586206896552,0.5868263473053892,200,outputs\adapted_models\resnet18_cartoon_seed387_to_photo_fraction10.pth,84,1.0,0.6167664670658682,400,0.1369261410095741,0.0273970375101267,0.3561062470179935,0.0073632088527677,0.0880997839811239,0.0028640192413951,0.000161406867897,-1.648315918328859e-05
resnet18_cartoon_seed387_to_sketch,resnet18_cartoon_seed387,resnet18,cartoon,1,sketch,387,11180103,1640,0.8680851063829788,0.3384223918575064,4.532467762022528,0.3384223918575064,4.582078957982342,138,275,688,1375,2750,0.6615776081424937,0.6984732824427481,0.7709923664122137,0.8206106870229007,0.8816793893129771,0,0.3384223918575064,0.3384223918575064,0.9999999999999998,0.1638280188002036,0.0282474350191096,0.0360360650512924,0.0624366988469735,512,0.1843405001742704,0.4293489259032452,0.6673212854324837,0.4422617421358166,0.1290232711468054,0.1093736142325072,0.0002136203402978,0.3619628235801397,0.1921161597802412,0.1698466637998985,0.0158134378237893,0.0092863773991813,0.1817966071303167,0.4263761333966956,0.6850158040277763,0.4392212062029719,0.128316926862366,0.1120929482463987,0.0002189315395437,0.3619628235801397,0.1988765697626328,0.1630862538175068,0.0156868296971875,0.0091231853655909,100,0.9927536231884058,0.6641221374045801,500,outputs\adapted_models\resnet18_cartoon_seed387_to_sketch_fraction10.pth,60,0.9272727272727272,0.6615776081424937,900,0.1933585507559791,0.0115619436256624,0.391876689345432,-0.0473445168575398,0.0977850447406634,-0.0305318821217026,0.0001445453459371,-7.438619360652441e-05
resnet18_photo_seed42_to_art_painting,resnet18_photo_seed42,resnet18,photo,1,art_painting,42,11180103,1169,0.8023952095808383,0.3121951219512195,4.912972631687071,0.2585365853658536,4.810587701564882,71,143,358,716,1433,0.375609756097561,0.4365853658536585,0.4682926829268293,0.5292682926829269,0.5975609756097561,0,0.2585365853658536,0.2585365853658536,1.0,0.0637017075039449,0.0310237512472653,0.0387405878607767,0.064233418146295,512,0.0386126857117048,0.1965011086780551,0.608021496173627,0.2057308108127536,0.0305034442958592,0.0925369889049204,0.0001807363064549,0.3865545882127105,0.3098474544548893,0.0767071337578211,0.0074536757076475,0.004538882722799,0.0510445458828929,0.225930400528333,0.6162877468202581,0.2184244252340089,0.0348488599854925,0.0884842365125254,0.0001728207744385,0.3865545882127105,0.3108232414847021,0.0757313467280084,0.0079334333330761,0.0042422505695065,74,0.971830985915493,0.3951219512195122,300,outputs\adapted_models\resnet18_photo_seed42_to_art_painting_fraction10.pth,94,0.986013986013986,0.4097560975609756,500,0.0317385453204388,-0.019306000562454,0.17313465165324,-0.0452897735807689,0.0218733979368289,-0.0129754620486635,0.0001259990993263,-4.682167511213878e-05
resnet18_photo_seed42_to_cartoon,resnet18_photo_seed42,resnet18,photo,1,cartoon,42,11180103,1169,0.8023952095808383,0.225531914893617,5.738468332493559,0.2217484008528784,5.4257574183091934,82,164,410,821,1640,0.5437100213219617,0.5607675906183369,0.673773987206823,0.7569296375266524,0.8166311300639659,0,0.2217484008528784,0.2217484008528784,1.0,0.1475774057943583,0.0422382466230538,0.0517670177505782,0.0776324105423537,512,0.1463652778061386,0.3825771527497932,0.6007559420183651,0.40773684789763,0.1143653129767506,0.1019803842592666,0.0001991804380063,0.3865545882127105,0.2320747439788977,0.1544798442338128,0.0148360413480354,0.0072775693855825,0.1306767253601097,0.3614923586469149,0.6164674865331162,0.3932688031166833,0.107470792967648,0.1021372340393259,0.000199486785233,0.3865545882127105,0.2411974397121871,0.1453571485005234,0.0143684707562956,0.0069473173265691,100,1.0,0.5404255319148936,300,outputs\adapted_models\resnet18_photo_seed42_to_cartoon_fraction10.pth,99,0.975609756097561,0.6127659574468085,600,0.1126718877892234,-0.0180048375708862,0.3194992213332744,-0.0737695817834088,0.0698552356923501,-0.0376155572752978,0.0001471729383582,-5.231384687471615e-05
resnet18_photo_seed42_to_sketch,resnet18_photo_seed42,resnet18,photo,1,sketch,42,11180103,1169,0.8023952095808383,0.188295165394402,6.217438598322201,0.1768447837150127,6.391062690404839,138,275,688,1375,2750,0.5852417302798982,0.6793893129770993,0.7633587786259542,0.8142493638676844,0.8854961832061069,0,0.1768447837150127,0.1768447837150127,1.0,0.1842480442627502,0.0383690993518271,0.0495366508750648,0.0831422908085,512,0.2830039018501915,0.5319811104261049,0.5928214515904613,0.576680695924915,0.2128834384401431,0.1254476993711553,0.0002450150378342,0.3865545882127105,0.1334963012511041,0.2530582869616063,0.0212064488896389,0.0130037878698343,0.2634912407854628,0.5133139787551697,0.6086700227870567,0.5615241039096174,0.2046586864928374,0.1273865023771443,0.0002488017624553,0.3865545882127105,0.1490783381909008,0.2374762500218096,0.0207097064868298,0.0124580517914296,80,0.9782608695652174,0.5979643765903307,500,outputs\adapted_models\resnet18_photo_seed42_to_sketch_fraction10.pth,98,0.9927272727272728,0.6717557251908397,900,0.5463689018750245,0.2828776610895617,0.632517679233127,0.0709935753235095,0.235869534335924,0.0312108478430866,0.0001791805848809,-6.962117757431462e-05
resnet18_photo_seed387_to_art_painting,resnet18_photo_seed387,resnet18,photo,1,art_painting,387,11180103,1169,0.8143712574850299,0.3219512195121951,4.736873794183499,0.2682926829268293,4.693740602818931,71,143,358,716,1433,0.3341463414634146,0.4048780487804878,0.4804878048780487,0.5121951219512195,0.6048780487804878,0,0.2682926829268293,0.2682926829268293,1.0,0.0575386417317112,0.0401915809025282,0.0555565636125133,0.0937575299028538,512,0.049400420611017,0.2222620539161307,0.6386221666313191,0.2316309917067845,0.0385121648085219,0.0888972294770876,0.0001736274013224,0.3725099945903481,0.2973380241317698,0.0751719704585783,0.008287609981954,0.0043810599219347,0.0464894213440036,0.2156140564620119,0.6611344354171084,0.2220029323164857,0.0345657056525752,0.0842780440388093,0.0001646055547632,0.3725099945903481,0.2855943015786655,0.0869156930116826,0.0079929353388701,0.0042162785122386,26,0.7605633802816901,0.448780487804878,300,outputs\adapted_models\resnet18_photo_seed387_to_art_painting_fraction10.pth,54,0.9370629370629372,0.4682926829268293,500,0.0324110627275611,-0.0140783586164424,0.1583884864298148,-0.0636144458866708,0.0178917515071561,-0.016673954145419,0.0001187910111439,-4.581454361924816e-05
resnet18_photo_seed387_to_cartoon,resnet18_photo_seed387,resnet18,photo,1,cartoon,387,11180103,1169,0.8143712574850299,0.2893617021276595,4.485292962256898,0.3070362473347548,4.17640591684435,82,164,410,821,1640,0.535181236673774,0.5863539445628998,0.6631130063965884,0.744136460554371,0.7825159914712153,0,0.3070362473347548,0.3070362473347548,0.99999999999996,0.1238768664939801,0.0371549439265818,0.0444804384625822,0.0639694558555414,512,0.1264430621051342,0.3555883323523625,0.6398840024177924,0.3691747142975547,0.0923890322754215,0.0965073969259708,0.000188491009621,0.3725099945903481,0.2296749712086314,0.1428350233817166,0.0132450265673396,0.0069279532612681,0.1175035514904569,0.3427879103621611,0.6560588299508213,0.3498991109054751,0.0844175649856726,0.0935913541674934,0.0001827956136083,0.3725099945903481,0.2445051596124269,0.1280048349779211,0.0126109400162691,0.0063340150832357,71,0.9878048780487804,0.5617021276595745,300,outputs\adapted_models\resnet18_photo_seed387_to_cartoon_fraction10.pth,91,0.975609756097561,0.6297872340425532,600,0.1092619850879892,-0.0082415664024676,0.3182617013335533,-0.0316374095719217,0.069361126556424,-0.0150564384292485,0.0001658122102765,-1.6983403331778684e-05
resnet18_photo_seed387_to_sketch,resnet18_photo_seed387,resnet18,photo,1,sketch,387,11180103,1169,0.8143712574850299,0.2137404580152671,5.89722460098849,0.2315521628498727,5.768092206416239,138,275,688,1375,2750,0.6068702290076335,0.6577608142493638,0.7608142493638677,0.8142493638676844,0.8854961832061069,0,0.2315521628498727,0.2315521628498727,1.0,0.1732439151507683,0.0401878931637777,0.0496364414660056,0.0803655511720531,512,0.330757549665112,0.5751152490284986,0.6105776371555112,0.604090499751656,0.223048613710017,0.1234992371673037,0.0002412094475923,0.3725099945903481,0.0860362017934461,0.286473792796902,0.0220829850362164,0.0149564481300672,0.3333116973246564,0.5773315315524143,0.6280492247901843,0.6049250186284375,0.2239998706221133,0.1239385813675278,0.0002420675417334,0.3725099945903481,0.086941385286617,0.285568609303731,0.0221121213797163,0.0149326633137913,87,0.9782608695652174,0.6335877862595419,500,outputs\adapted_models\resnet18_photo_seed387_to_sketch_fraction10.pth,91,1.0,0.712468193384224,900,0.6536888539982079,0.3203771566735515,0.7512367252746762,0.1463117066462387,0.3324306887528141,0.1084308181307008,0.0001918381887907,-5.022935294263925e-05
resnet18_sketch_seed42_to_art_painting,resnet18_sketch_seed42,resnet18,sketch,1,art_painting,42,11180103,2750,0.8854961832061069,0.1560975609756097,24.16505573551829,0.1512195121951219,24.259518507050306,71,143,358,716,1433,0.3048780487804878,0.3536585365853658,0.3975609756097561,0.5146341463414634,0.5756097560975609,0,0.1512195121951219,0.1512195121951219,1.0,0.0708463847142912,0.0484634426598814,0.0548355831382302,0.0827934608292243,512,0.5642176055851382,0.7511441975979967,0.5813932261916452,0.845742058639464,0.4296153548193959,0.1416410928512002,0.000276642759475,0.3663672369737681,0.0192628625141642,0.3471043744596039,0.0299713330179186,0.0212158541889128,0.5677680237453047,0.7535038312744698,0.5579347601912981,0.840646340790553,0.4248722182379438,0.1411763576941684,0.0002757350736214,0.3663672369737681,0.0212114591291571,0.3451557778446109,0.0297562693324982,0.0209041084757935,83,0.9859154929577464,0.3658536585365853,300,outputs\adapted_models\resnet18_sketch_seed42_to_art_painting_fraction10.pth,97,0.986013986013986,0.4341463414634146,500,0.2404298229701353,-0.3273382007751693,0.4045727864781291,-0.4360735543124239,0.1005908020274499,-0.3242814162104938,0.0001435309760584,-0.0001322040975629
resnet18_sketch_seed42_to_cartoon,resnet18_sketch_seed42,resnet18,sketch,1,cartoon,42,11180103,2750,0.8854961832061069,0.2765957446808511,11.237228718209774,0.3113006396588486,11.016533597445946,82,164,410,821,1640,0.5159914712153518,0.5884861407249466,0.7036247334754797,0.7526652452025586,0.8187633262260128,0,0.3113006396588486,0.3113006396588486,0.9999999999999968,0.1302658754815289,0.0489045560525738,0.0594150799076622,0.0967158460325757,512,0.3313699885472954,0.5756474516119179,0.6060673616131096,0.6433669700283898,0.2733714252169444,0.1266042048052911,0.0002472738375103,0.3663672369737681,0.1606078675221726,0.2057593694515955,0.0221725577193382,0.0109807861933239,0.3494602013352903,0.5911515891336928,0.6020616478694691,0.6561474859536516,0.2826965159870838,0.1281969408206748,0.0002503846500403,0.3663672369737681,0.1516834463247769,0.2146837906489911,0.0226661080112135,0.0113152157959133,27,0.8292682926829268,0.548936170212766,300,outputs\adapted_models\resnet18_sketch_seed42_to_cartoon_fraction10.pth,88,0.9573170731707316,0.625531914893617,600,0.0575718840346843,-0.2918883173006059,0.2291683718395516,-0.4269791141140999,0.0369058986970884,-0.2457906172899953,0.0001503817547725,-0.0001000028952677
resnet18_sketch_seed42_to_photo,resnet18_sketch_seed42,resnet18,sketch,1,photo,42,11180103,2750,0.8854961832061069,0.1736526946107784,22.09733142966996,0.1676646706586826,22.69407370561612,58,117,292,585,1169,0.4790419161676646,0.5688622754491018,0.6826347305389222,0.7485029940119761,0.8023952095808383,0,0.1676646706586826,0.1676646706586826,1.0,0.1615741283528092,0.0442211825056633,0.0536002939032164,0.0902584932938927,512,0.5551887697240427,0.7451099044597668,0.5897101087697293,0.828887058899477,0.4103760257282456,0.1416079356119713,0.0002765779992421,0.3663672369737681,0.0152386708829568,0.3511285660908112,0.0291683750376047,0.021746655676355,0.5622610582202534,0.749840688560079,0.5673782504616272,0.8319628885229333,0.41420170203251,0.1413700407635524,0.0002761133608663,0.3663672369737681,0.0168883716375153,0.3494788653362528,0.0293201726281147,0.0214279640493237,67,1.0,0.4850299401197604,200,outputs\adapted_models\resnet18_sketch_seed42_to_photo_fraction10.pth,87,0.9829059829059827,0.5508982035928144,400,0.1679190881329362,-0.3943419700873172,0.3936350728888706,-0.4383278156340627,0.1055152246658663,-0.3086864773666436,0.0002386381577799,-3.747520308639447e-05
resnet18_sketch_seed387_to_art_painting,resnet18_sketch_seed387,resnet18,sketch,1,art_painting,387,11180103,2750,0.9033078880407124,0.1560975609756097,7.578376174554593,0.173170731707317,7.288183891482469,71,143,358,716,1433,0.324390243902439,0.3585365853658536,0.448780487804878,0.4902439024390244,0.551219512195122,0,0.173170731707317,0.173170731707317,0.9999999999999998,0.067545679923523,0.031491089065686,0.0396364707966474,0.0572825088541492,512,0.2733293446852789,0.5228090900943468,0.6455576888275295,0.5392592253535055,0.1850835294279439,0.1304284101704353,0.0002547429886141,0.3617309199899605,0.1418501934714162,0.2198807265185442,0.0189516591887749,0.0120262823485307,0.2587167158817396,0.5086420311788435,0.6644519058810032,0.5284292941130214,0.1770655834892235,0.1313870199797223,0.0002566152733978,0.3617309199899605,0.1397307271681792,0.2220001928217812,0.0185947651065401,0.0120938993303407,71,0.8309859154929577,0.3512195121951219,300,outputs\adapted_models\resnet18_sketch_seed387_to_art_painting_fraction10.pth,88,0.9370629370629372,0.4195121951219512,500,0.4250649296014045,0.1663482137196649,0.4973043090256701,-0.0311249850873513,0.145228098520959,-0.0318374849682644,0.0001583847420974,-9.823053130034802e-05
resnet18_sketch_seed387_to_cartoon,resnet18_sketch_seed387,resnet18,sketch,1,cartoon,387,11180103,2750,0.9033078880407124,0.2808510638297872,7.399618789997507,0.2899786780383795,7.022652924950443,82,164,410,821,1640,0.5181236673773987,0.5628997867803838,0.6716417910447762,0.744136460554371,0.7931769722814499,0,0.2899786780383795,0.2899786780383795,1.0,0.1260954058137275,0.0440729006461817,0.053834507062638,0.0751666986245873,512,0.1618421951829074,0.4022961535770724,0.6420819564471126,0.4330870129680613,0.1284427579267546,0.1081228144210478,0.0002111773719161,0.3617309199899605,0.2265358812506837,0.1351950387392767,0.0153079050543539,0.0075832765560946,0.183404128344129,0.4282570820711889,0.6571314434256064,0.452184737327777,0.1392299447251517,0.1122746345338106,0.0002192863955738,0.3617309199899605,0.2173296050358988,0.1444013149540616,0.016088201089524,0.0080110086588257,91,0.975609756097561,0.5234042553191489,300,outputs\adapted_models\resnet18_sketch_seed387_to_cartoon_fraction10.pth,98,0.9390243902439024,0.5829787234042553,600,0.0457212704657106,-0.1376828578784183,0.2010058776522405,-0.2511788596755364,0.0283171392959695,-0.1109128054291821,0.0001354123851304,-8.387401044336902e-05
resnet18_sketch_seed387_to_photo,resnet18_sketch_seed387,resnet18,sketch,1,photo,387,11180103,2750,0.9033078880407124,0.1736526946107784,6.21788687334803,0.18562874251497,6.279954167897116,58,117,292,585,1169,0.4850299401197604,0.5658682634730539,0.6377245508982036,0.7275449101796407,0.7664670658682635,0,0.18562874251497,0.18562874251497,1.0,0.1473321720362195,0.0348168821174338,0.0423429186641247,0.0683698076736564,512,0.2553136992391704,0.505285759980598,0.6552604376029139,0.5147613875025444,0.1609681152766939,0.1254545559574277,0.0002450284296043,0.3617309199899605,0.1068105840453881,0.2549203359445723,0.0177278721618719,0.0132386629591385,0.2544883254229089,0.5044683591890664,0.6537252468999035,0.513642808557825,0.1627994301857055,0.123909809831347,0.0002420113473268,0.3617309199899605,0.1194921954406189,0.2422387245493415,0.0177929752029327,0.0125887231156578,42,0.8275862068965517,0.4491017964071856,200,outputs\adapted_models\resnet18_sketch_seed387_to_photo_fraction10.pth,81,0.9914529914529916,0.5389221556886228,400,0.2565836003345607,0.0020952749116518,0.4554805806562543,-0.0581622279015706,0.1354049365559068,-0.0273944936297987,0.0002313839510995,-1.0627396227227003e-05
resnet18_art_painting-cartoon_seed42_to_photo,resnet18_art_painting-cartoon_seed42,resnet18,art_painting|cartoon,2,photo,42,11180103,3073,0.7840909090909091,0.6586826347305389,2.0479057220641725,0.6586826347305389,1.797523107357368,58,117,292,585,1169,0.7544910179640718,0.7754491017964071,0.7964071856287425,0.8083832335329342,0.8383233532934131,0,0.6586826347305389,0.6586826347305389,0.999999999999603,0.0923327904708565,0.0059849896348049,0.0083326156563772,0.0160957068817914,512,0.0379187438689829,0.194727357782575,0.6338893685263234,0.206588933870869,0.0305690280775956,0.0858246193365277,0.0001676262096416,0.3834883805375069,0.3067421756315469,0.0767462049059599,0.0071731341058576,0.0044346586434934,0.0325111345074558,0.1803084426959974,0.6379221091536716,0.1918457650484001,0.0264525165762781,0.0812975957044607,0.0001587843666102,0.3834883805375069,0.3097414089523476,0.0737469715851592,0.0065908231047485,0.0041137531937937,42,1.0,0.7305389221556886,200,outputs\adapted_models\resnet18_art_painting-cartoon_seed42_to_photo_fraction10.pth,43,0.9829059829059827,0.7604790419161677,400,0.0338745275909193,0.0013633930834635,0.2015406152676418,0.0096948502192417,0.0307745867193585,0.0043220701430804,0.0001660504948389,7.266128228708082e-06
resnet18_art_painting-cartoon_seed42_to_sketch,resnet18_art_painting-cartoon_seed42,resnet18,art_painting|cartoon,2,sketch,42,11180103,3073,0.7840909090909091,0.4071246819338422,3.095619429765464,0.3969465648854962,3.28310845159089,138,275,688,1375,2750,0.6984732824427481,0.7417302798982188,0.821882951653944,0.8625954198473282,0.8804071246819338,0,0.3969465648854962,0.3969465648854962,0.999999999998308,0.174315295474169,0.0264823232138586,0.0304164722869369,0.0463767382043487,512,0.1320119275409088,0.3633344568588408,0.6563974142655369,0.3876482838149717,0.0989406369259847,0.1022422811521068,0.0001996919553752,0.3834883805375069,0.2045068067778359,0.1789815737596709,0.0132858876104301,0.0088683415273421,0.1400594289146102,0.3742451454790165,0.6873103866115765,0.3843310374540415,0.0981153897238223,0.1018786260813059,0.000198981691565,0.3834883805375069,0.2106393699037194,0.1728490106337874,0.0131533502200427,0.008589514265474,71,0.9420289855072465,0.6768447837150128,500,outputs\adapted_models\resnet18_art_painting-cartoon_seed42_to_sketch_fraction10.pth,99,0.9890909090909092,0.7353689567430025,900,0.3314535356855304,0.1913941067709201,0.5639948869161857,0.1796638494621442,0.2048201824870767,0.1067047927632544,0.0001700148756568,-2.896681590815577e-05
resnet18_art_painting-cartoon_seed387_to_photo,resnet18_art_painting-cartoon_seed387,resnet18,art_painting|cartoon,2,photo,387,11180103,3073,0.7818181818181819,0.6107784431137725,2.487714533320444,0.6437125748502994,2.0697065970141018,58,117,292,585,1169,0.6586826347305389,0.6976047904191617,0.781437125748503,0.7964071856287425,0.8323353293413174,0,0.6437125748502994,0.6437125748502994,1.0,0.0702445706094715,0.0358636314021721,0.0430694332212674,0.0737656402437155,512,0.0547900622434978,0.2340727712560728,0.655706205466239,0.226582908354417,0.035374895064838,0.0813556798665625,0.0001588978122393,0.3649751735343498,0.2761110218304102,0.0888641517039395,0.0081162181741918,0.0047174525511373,0.0413424076828816,0.2033283248415765,0.6789515747710221,0.212742833208459,0.0312038366457694,0.0747549003820729,0.0001460056648087,0.3649751735343498,0.2780304350885407,0.086944738445809,0.0076659129882663,0.0042786722497886,16,0.8275862068965517,0.6766467065868264,200,outputs\adapted_models\resnet18_art_painting-cartoon_seed387_to_photo_fraction10.pth,5,0.6923076923076923,0.7065868263473054,400,0.047964477763529,0.0066220700806474,0.2283138879550999,0.0155710547466409,0.0380456739525841,0.0068418373068147,0.0001332805461238,-1.27251186848902e-05
resnet18_art_painting-cartoon_seed387_to_sketch,resnet18_art_painting-cartoon_seed387,resnet18,art_painting|cartoon,2,sketch,387,11180103,3073,0.7818181818181819,0.3435114503816794,3.742457593670328,0.3358778625954198,3.734627022391361,138,275,688,1375,2750,0.6628498727735369,0.7162849872773537,0.7938931297709924,0.8384223918575063,0.8854961832061069,0,0.3358778625954198,0.3358778625954198,0.999999999999999,0.173174742999072,0.0296382124885802,0.036151992659515,0.0545763091919118,512,0.1291049072606545,0.359311713224958,0.6897261632682183,0.3744789384190461,0.0911940090637547,0.1004976415485027,0.0001962844561494,0.3649751735343498,0.1976438884961878,0.1673312850381619,0.012984525594469,0.0087363078831393,0.1421424526029202,0.3770178412262744,0.7114965478026029,0.3758023172228331,0.0925580314773715,0.1007213678170593,0.0001967214215176,0.3649751735343498,0.2019241220800416,0.1630510514543082,0.013058418737499,0.0085733565868831,98,0.9855072463768116,0.648854961832061,500,outputs\adapted_models\resnet18_art_painting-cartoon_seed387_to_sketch_fraction10.pth,96,1.0,0.6870229007633588,900,0.3283281974200864,0.1861857448171662,0.5224617039690104,0.1466593867461773,0.1716202312747381,0.0790621997973666,0.0001894044720857,-7.316949431815714e-06
resnet18_art_painting-photo_seed42_to_cartoon,resnet18_art_painting-photo_seed42,resnet18,art_painting|photo,2,cartoon,42,11180103,2602,0.7258064516129032,0.3574468085106383,4.438457927298039,0.4093816631130064,4.240979485420276,82,164,410,821,1640,0.6119402985074627,0.6545842217484008,0.7100213219616205,0.7611940298507462,0.8038379530916845,0,0.4093816631130064,0.4093816631130064,1.0,0.1213405042653457,0.0237855856294097,0.0291221796836254,0.0443761382099655,512,0.0873146409312732,0.2954905090375548,0.6609295034756809,0.3055090846739022,0.0653184226036147,0.0651356164116002,0.0001272180008039,0.367015450220609,0.2650709219775218,0.1019445282430872,0.0107361824670341,0.004993579575891,0.0678506741514739,0.2604816196039059,0.6755054757524874,0.2821457284496946,0.0564290696825011,0.0610510722231884,0.0001192403754359,0.367015450220609,0.2764074869479497,0.0906079632726593,0.0098325068220178,0.0044413092096543,74,1.0,0.6,300,outputs\adapted_models\resnet18_art_painting-photo_seed42_to_cartoon_fraction10.pth,100,0.9817073170731708,0.6893617021276596,600,0.0379879524174691,-0.0298627217340047,0.2019743846167836,-0.0801713438329109,0.0295579849877123,-0.0268710846947887,0.0001029646075907,-1.627576784514283e-05
resnet18_art_painting-photo_seed42_to_sketch,resnet18_art_painting-photo_seed42,resnet18,art_painting|photo,2,sketch,42,11180103,2602,0.7258064516129032,0.3740458015267175,3.36818147615622,0.3511450381679389,3.208820959387238,138,275,688,1375,2750,0.6539440203562341,0.7086513994910941,0.7824427480916031,0.8536895674300254,0.8893129770992366,0,0.3511450381679389,0.3511450381679389,1.0,0.1682529080028945,0.0350839418739796,0.0434329251577553,0.0631910159827702,512,0.2124657432596857,0.4609400647152357,0.653800242744047,0.4832050890674361,0.1549895411405942,0.0887792830171209,0.0001733970371428,0.367015450220609,0.1889075950391671,0.1781078551814418,0.0167483704979435,0.008626419443007,0.2085092061743274,0.4566280829891296,0.6708555744197897,0.4828875698990975,0.1542263841821579,0.0891792696002728,0.000174178260938,0.367015450220609,0.1851108767746336,0.1819045734459753,0.0166877842352699,0.0087373560612983,80,0.9710144927536232,0.6335877862595419,500,outputs\adapted_models\resnet18_art_painting-photo_seed42_to_sketch_fraction10.pth,65,0.9672727272727272,0.6895674300254453,900,0.6576674760274089,0.4491582698530815,0.7582283903303095,0.275340820431212,0.3378378294975168,0.1836114453153589,0.0001949908805554,2.081261961749757e-05
resnet18_art_painting-photo_seed387_to_cartoon,resnet18_art_painting-photo_seed387,resnet18,art_painting|photo,2,cartoon,387,11180103,2602,0.7096774193548387,0.3829787234042553,3.956179923199593,0.4136460554371002,4.208235702026627,82,164,410,821,1640,0.579957356076759,0.6311300639658849,0.7270788912579957,0.7654584221748401,0.8251599147121536,0,0.4136460554371002,0.4136460554371002,1.0,0.1193059980670053,0.0388845263157409,0.0474894730480541,0.0739420664379693,512,0.0920465211404599,0.3033916958989813,0.6708037191786361,0.3282166253858202,0.0747051631531715,0.0624423405535327,0.0001219576963936,0.3584309198887618,0.2541142101116642,0.1043167097770975,0.0116111069810109,0.0048677402774553,0.0916623616541241,0.3027579258320484,0.6916902363302888,0.3172273454677412,0.0701311892040417,0.0588181060019388,0.000114879113285,0.3584309198887618,0.2580410976435012,0.1003898222452606,0.0111250982726013,0.0045773628478161,90,0.9878048780487804,0.6042553191489362,300,outputs\adapted_models\resnet18_art_painting-photo_seed387_to_cartoon_fraction10.pth,87,0.9695121951219512,0.6425531914893617,600,0.0396576220075164,-0.0520047396466076,0.1939154681680654,-0.1233118772996757,0.027512214192826,-0.0426189750112156,0.0001026128464171,-1.2266266867874676e-05
resnet18_art_painting-photo_seed387_to_sketch,resnet18_art_painting-photo_seed387,resnet18,art_painting|photo,2,sketch,387,11180103,2602,0.7096774193548387,0.3053435114503817,6.134123600772925,0.2760814249363867,6.135320163561794,138,275,688,1375,2750,0.6208651399491094,0.6908396946564885,0.7798982188295165,0.8307888040712468,0.8753180661577609,0,0.2760814249363867,0.2760814249363867,0.9999999999999996,0.1731730868079062,0.0361633757977913,0.0436302500643193,0.0711160545576652,512,0.2273684991925013,0.4768317304799475,0.6695599803166521,0.5137923329452856,0.1724245654919837,0.0904803761942945,0.0001767194847544,0.3584309198887618,0.170447524914188,0.1879833949745737,0.0184279873144545,0.009459540077677,0.2348565502257513,0.4846200060106386,0.6858855683732328,0.5206059824434198,0.1764407178514613,0.0905699428871184,0.0001768944197014,0.3584309198887618,0.1655447901538929,0.1928861297348689,0.0187014451938234,0.0096472300935435,87,0.9855072463768116,0.6513994910941476,500,outputs\adapted_models\resnet18_art_painting-photo_seed387_to_sketch_fraction10.pth,87,0.9818181818181818,0.7150127226463104,900,0.5044315993835063,0.269575049157755,0.7063031200369136,0.1856971375934938,0.3043041656205653,0.127863447769104,0.0001967082722534,1.9813852552010767e-05
resnet18_art_painting-sketch_seed42_to_cartoon,resnet18_art_painting-sketch_seed42,resnet18,art_painting|sketch,2,cartoon,42,11180103,4183,0.7993311036789298,0.4595744680851064,3.688032763055032,0.4861407249466951,3.37922304881407,82,164,410,821,1640,0.6012793176972282,0.6545842217484008,0.7249466950959488,0.7782515991471215,0.8336886993603412,0,0.4861407249466951,0.4861407249466951,1.0,0.1047953507554931,0.0373653715399432,0.0476958338935765,0.0753253568682436,512,0.0254253655981393,0.1594533336062289,0.6403357167992585,0.1774319326250099,0.0235006916391649,0.0653133607802951,0.000127565157774,0.3799214094088569,0.3304330865905847,0.0494883228182722,0.0058592020970551,0.0035835095109832,0.0298910799582514,0.1728903697672356,0.638958662562334,0.1854464895483196,0.0256736973717603,0.0617163950094938,0.0001205398340029,0.3799214094088569,0.3268830079937876,0.0530384014150692,0.006040465789862,0.0035516851472924,41,0.8902439024390244,0.6085106382978723,300,outputs\adapted_models\resnet18_art_painting-sketch_seed42_to_cartoon_fraction10.pth,77,0.951219512195122,0.6510638297872341,600,0.0247232105182222,-0.0051678694400291,0.1460712268663342,-0.0393752626819853,0.0162478640649771,-0.0094258333067831,0.0001211003477253,5.605137224293233e-07
resnet18_art_painting-sketch_seed42_to_photo,resnet18_art_painting-sketch_seed42,resnet18,art_painting|sketch,2,photo,42,11180103,4183,0.7993311036789298,0.5688622754491018,2.763346643504982,0.6467065868263473,2.003266094687456,58,117,292,585,1169,0.6856287425149701,0.7035928143712575,0.7664670658682635,0.8143712574850299,0.8143712574850299,0,0.6467065868263473,0.6467065868263473,0.9999999999999608,0.07041290055522,0.0275971361557301,0.0336928463845732,0.0492499005324519,512,0.0700569090485985,0.2646826572493908,0.6322945914714472,0.2794478923238195,0.059670897401495,0.1064894330159221,0.0002079871738592,0.3799214094088569,0.3336664687150992,0.0462549406937576,0.0100087593836728,0.0052863507108763,0.0623812354440069,0.249762357940517,0.6224225725875944,0.2708219048454062,0.0564166133366456,0.0985881405072403,0.0001925549619282,0.3799214094088569,0.3367389730712987,0.0431824363375581,0.0097312291900948,0.0049830099891512,99,1.0,0.6107784431137725,200,outputs\adapted_models\resnet18_art_painting-sketch_seed42_to_photo_fraction10.pth,82,0.9829059829059827,0.6586826347305389,400,0.1428429848899459,0.080461749445939,0.3582286465635559,0.0874067417181497,0.0925133724515672,0.0360967591149216,0.000197143473278,4.588511349862875e-06
resnet18_art_painting-sketch_seed387_to_cartoon,resnet18_art_painting-sketch_seed387,resnet18,art_painting|sketch,2,cartoon,387,11180103,4183,0.794314381270903,0.5191489361702127,3.2357156631794384,0.5671641791044776,2.826012772029397,82,164,410,821,1640,0.6716417910447762,0.6801705756929638,0.7420042643923241,0.7718550106609808,0.8443496801705757,0,0.5671641791044776,0.5671641791044776,0.9999999999999368,0.0900557847046071,0.0275579972762665,0.0367917520677446,0.0665701538658229,512,0.0261345795703151,0.161661929873162,0.6361595055603136,0.16409398671564,0.0199710247576627,0.0615071522111217,0.0001201311566623,0.3819792840781455,0.331068917229014,0.0509103668491315,0.0056138929178338,0.0033265571550277,0.0257521404498806,0.1604747346153923,0.644514909590825,0.1582891639684188,0.018574286257489,0.0586551653271439,0.0001145608697795,0.3819792840781455,0.3302262550357929,0.0517530290423525,0.0053816242873325,0.0031527867273736,79,0.951219512195122,0.6510638297872341,300,outputs\adapted_models\resnet18_art_painting-sketch_seed387_to_cartoon_fraction10.pth,95,0.9695121951219512,0.6638297872340425,600,0.0213265565155706,-0.0044255839343099,0.1440719119114625,-0.0142172520569562,0.0158762659154797,-0.0026980203420092,0.0001015241111211,-1.3036758658356096e-05
resnet18_art_painting-sketch_seed387_to_photo,resnet18_art_painting-sketch_seed387,resnet18,art_painting|sketch,2,photo,387,11180103,4183,0.794314381270903,0.5748502994011976,2.534186014872111,0.6077844311377245,2.303928084002284,58,117,292,585,1169,0.625748502994012,0.6586826347305389,0.7544910179640718,0.8173652694610778,0.8502994011976048,0,0.6077844311377245,0.6077844311377245,0.9999999999935943,0.0800378313555579,0.0490407292084657,0.0604074922247281,0.0912493865855147,512,0.0940520380659175,0.3066790473213283,0.6287244874379534,0.317200962299877,0.0757865436690331,0.1166011319853288,0.0002277365859088,0.3819792840781455,0.3182845232900152,0.0636947607881303,0.0110908448138423,0.0055435267029451,0.0768371601867015,0.277195166239784,0.6311763742616103,0.3031669313091534,0.0699497762988572,0.1059297969522933,0.0002068941346724,0.3819792840781455,0.3251370093888958,0.0568422746892497,0.0106815554745574,0.0049723733868747,2,0.5862068965517241,0.6107784431137725,200,outputs\adapted_models\resnet18_art_painting-sketch_seed387_to_photo_fraction10.pth,99,0.9914529914529916,0.6167664670658682,400,0.1220164715708389,0.0451793113841374,0.3339769143235618,0.0308099830144084,0.0816526598936238,0.0117028835947666,0.000199214877685,-7.679256987313474e-06
resnet18_cartoon-photo_seed42_to_art_painting,resnet18_cartoon-photo_seed42,resnet18,cartoon|photo,2,art_painting,42,11180103,2809,0.8407960199004975,0.3463414634146341,3.992223711711605,0.3024390243902439,4.442132866091844,71,143,358,716,1433,0.4,0.4317073170731707,0.4829268292682926,0.5024390243902439,0.573170731707317,0,0.3024390243902439,0.3024390243902439,0.9999999999999866,0.051618168195195,0.0207774168932099,0.0295213080930524,0.0525142855449675,512,0.0218634867462574,0.1478630675532517,0.6872059735193286,0.1397796415498731,0.0133394497680385,0.0715183016870567,0.0001396841829825,0.3568011007672771,0.2964355760143358,0.0603655247529412,0.0048788997022169,0.0036961270204558,0.0282149671050262,0.1679731142326838,0.7070958036866236,0.1548538511649421,0.0166784227977363,0.0663365662048392,0.0001295636058688,0.3568011007672771,0.2953665693431971,0.0614345314240799,0.0053782908342226,0.0036112639750935,48,0.9154929577464788,0.4048780487804878,300,outputs\adapted_models\resnet18_cartoon-photo_seed42_to_art_painting_fraction10.pth,96,1.0,0.4634146341463415,500,0.0222562187478114,-0.0059587483572147,0.1407842904153548,-0.0140695607495872,0.0138429799492842,-0.002835442848452,8.974521504346878e-05,-3.981839082533122e-05
resnet18_cartoon-photo_seed42_to_sketch,resnet18_cartoon-photo_seed42,resnet18,cartoon|photo,2,sketch,42,11180103,2809,0.8407960199004975,0.3231552162849873,2.656124491121326,0.3167938931297709,2.673353709640697,138,275,688,1375,2750,0.6361323155216285,0.688295165394402,0.7430025445292621,0.811704834605598,0.8396946564885496,0,0.3167938931297709,0.3167938931297709,1.0,0.1543136635849651,0.0256607669797179,0.0306375917062291,0.0448202367847213,512,0.1635842726557852,0.4044555261778298,0.6898354719228442,0.4170531615200023,0.1164422259901332,0.0963920999780539,0.0001882658202696,0.3568011007672771,0.2096218025790205,0.1471792981882565,0.0140049772612252,0.0078915238534156,0.1686994983615328,0.4107304448924292,0.7060528323085691,0.4213703064907897,0.1192022911143808,0.096197387081806,0.0001878855216441,0.3568011007672771,0.2104255631136039,0.1463755376536731,0.0141461781975103,0.0079014610296036,65,0.9637681159420288,0.6081424936386769,500,outputs\adapted_models\resnet18_cartoon-photo_seed42_to_sketch_fraction10.pth,92,0.9781818181818182,0.6793893129770993,900,0.2093582749816143,0.0406587766200814,0.4214981831393733,0.0001278766485836,0.1156482951775179,-0.0035539959368628,0.0001614551597077,-2.643036193630111e-05
resnet18_cartoon-photo_seed387_to_art_painting,resnet18_cartoon-photo_seed387,resnet18,cartoon|photo,2,art_painting,387,11180103,2809,0.818407960199005,0.3658536585365853,3.5096345110637386,0.3365853658536585,4.016953184546494,71,143,358,716,1433,0.373170731707317,0.4585365853658537,0.473170731707317,0.526829268292683,0.5658536585365853,0,0.3365853658536585,0.3365853658536585,0.9999999998573303,0.0439128362813676,0.0285745577291952,0.038896725685779,0.0770044878201532,512,0.028457650761607,0.1686939559130883,0.6755510268144671,0.1673777793132801,0.0200053344294316,0.0652264901132023,0.0001273954885023,0.3585433912983056,0.3054494519149731,0.0530939393833324,0.0057629739490252,0.0034836268450712,0.0325215936970724,0.180337443968446,0.6933222534314355,0.1882966524704256,0.0251594459480811,0.0625680112677197,0.0001222031470072,0.3585433912983056,0.2953680554828579,0.0631753358154476,0.0065420255699757,0.0035514508357148,13,0.6056338028169014,0.4536585365853658,300,outputs\adapted_models\resnet18_cartoon-photo_seed387_to_art_painting_fraction10.pth,92,0.993006993006993,0.526829268292683,500,0.0219925152288378,-0.0105290784682345,0.1372941680143712,-0.0510024844560543,0.0134179395707997,-0.0117415063772813,9.499413332377944e-05,-2.720901368342056e-05
resnet18_cartoon-photo_seed387_to_sketch,resnet18_cartoon-photo_seed387,resnet18,cartoon|photo,2,sketch,387,11180103,2809,0.818407960199005,0.3129770992366412,3.9549278084558384,0.3142493638676845,3.892903471114375,138,275,688,1375,2750,0.6208651399491094,0.6908396946564885,0.7938931297709924,0.8180661577608143,0.8918575063613231,0,0.3142493638676845,0.3142493638676845,0.999999999999164,0.1670567675953629,0.0401765830291523,0.0491440950627058,0.0784157041240816,512,0.1148052702130346,0.3388292641036701,0.7003952064596022,0.3582051672783571,0.0848795745912991,0.0923785707187661,0.000180426895935,0.3585433912983056,0.2130337963901122,0.1455095949081933,0.0126817882831497,0.0077834324458423,0.1356262405129353,0.3682746807926597,0.7283069731665092,0.3589929979407959,0.0856180123885191,0.0930720057198167,0.0001817812611715,0.3585433912983056,0.2150543764191963,0.1434890148791092,0.0126595724397602,0.0077254900309392,86,0.9782608695652174,0.628498727735369,500,outputs\adapted_models\resnet18_cartoon-photo_seed387_to_sketch_fraction10.pth,92,1.0,0.6921119592875318,900,0.2470209767416298,0.1113947362286945,0.4660491779588388,0.1070561800180429,0.1396886589506014,0.0540706465620823,0.0001485173432635,-3.326391790793297e-05
resnet18_cartoon-sketch_seed42_to_art_painting,resnet18_cartoon-sketch_seed42,resnet18,cartoon|sketch,2,art_painting,42,11180103,4390,0.8949044585987261,0.3170731707317073,4.579155191561071,0.2975609756097561,5.3063781552198455,71,143,358,716,1433,0.3585365853658536,0.3853658536585366,0.4365853658536585,0.4902439024390244,0.5975609756097561,0,0.2975609756097561,0.2975609756097561,1.0,0.0459601952638361,0.0429022142233529,0.0550517928950666,0.1005204757036361,512,0.1383952633445018,0.3720151385958665,0.6414770615471387,0.4025367231510656,0.1186745074302731,0.0916586787907814,0.0001790208570132,0.3650556551093314,0.2906769830160853,0.074378672093246,0.0137023358508627,0.0067315591350741,0.1384668230954662,0.3721113047133427,0.6388483385542288,0.407662269924511,0.1218847766897075,0.0872693478691804,0.0001704479450569,0.3650556551093314,0.2895940087487246,0.0754616463606067,0.0139099297885506,0.006471496328391,85,0.9577464788732394,0.4536585365853658,300,outputs\adapted_models\resnet18_cartoon-sketch_seed42_to_art_painting_fraction10.pth,86,0.951048951048951,0.4585365853658537,500,0.3739378892768213,0.2354710661813551,0.5329395567416315,0.1252772868171205,0.1777266827356132,0.0558419060459057,0.0001357497192711,-3.469822578579582e-05
resnet18_cartoon-sketch_seed42_to_photo,resnet18_cartoon-sketch_seed42,resnet18,cartoon|sketch,2,photo,42,11180103,4390,0.8949044585987261,0.4191616766467065,3.474700025455681,0.4251497005988024,3.743047697101524,58,117,292,585,1169,0.5329341317365269,0.6107784431137725,0.6377245508982036,0.7574850299401198,0.8293413173652695,0,0.4251497005988024,0.4251497005988024,0.999999999999994,0.105341920870941,0.05572647474874,0.0653460071731596,0.1024567050927243,512,0.1577968665138884,0.3972365372342887,0.6417639509485843,0.4434941404215423,0.140267481422347,0.0910568659735778,0.0001778454413546,0.3650556551093314,0.2627388134196682,0.1023168416896632,0.0152739080366024,0.0069694189976046,0.1615813174808993,0.4019717869215441,0.637826480617566,0.4318838956632831,0.1346565887145268,0.0895097948615493,0.0001748238180889,0.3650556551093314,0.273105965097115,0.0919496900122163,0.0149588671137993,0.0066699631556847,7,0.6551724137931034,0.5269461077844312,200,outputs\adapted_models\resnet18_cartoon-sketch_seed42_to_photo_fraction10.pth,59,0.9829059829059827,0.5808383233532934,400,0.2716474055871308,0.1100660881062315,0.47702784939633,0.0451439537330468,0.1512013424386378,0.016544753724111,0.0001994287962853,2.4604978196481e-05
resnet18_cartoon-sketch_seed387_to_art_painting,resnet18_cartoon-sketch_seed387,resnet18,cartoon|sketch,2,art_painting,387,11180103,4390,0.8869426751592356,0.3121951219512195,4.440564430050734,0.2731707317073171,4.768320781428639,71,143,358,716,1433,0.3585365853658536,0.424390243902439,0.448780487804878,0.4853658536585366,0.5853658536585366,0,0.2731707317073171,0.2731707317073171,0.9999999999999478,0.0534184815683137,0.0305230297507119,0.0425700158329092,0.0783288772136455,512,0.1134387652417598,0.3368067179284877,0.6257345805910337,0.3762578875709415,0.1042065564045532,0.0962981071523453,0.0001880822405319,0.3741498045386334,0.2942378091017896,0.0799119954368438,0.0130021990857556,0.0066372537386397,0.1182219624849898,0.3438342078458596,0.6320128607775736,0.3858167080049031,0.1101390095094256,0.0964353615929051,0.0001883503156111,0.3741498045386334,0.2959885285647853,0.078161275973848,0.0133098934324305,0.0066977503697359,72,0.9295774647887324,0.4048780487804878,300,outputs\adapted_models\resnet18_cartoon-sketch_seed387_to_art_painting_fraction10.pth,99,0.958041958041958,0.4341463414634146,500,0.3182501992449636,0.2000282367599739,0.5269448213880342,0.1411281133831311,0.1797097197634479,0.0695707102540223,0.0001374601407251,-5.089017488593876e-05
resnet18_cartoon-sketch_seed387_to_photo,resnet18_cartoon-sketch_seed387,resnet18,cartoon|sketch,2,photo,387,11180103,4390,0.8869426751592356,0.5389221556886228,2.469207957833113,0.5,2.820164537715341,58,117,292,585,1169,0.5718562874251497,0.6407185628742516,0.7245508982035929,0.7455089820359282,0.8263473053892215,0,0.5,0.5,1.0,0.0965206986556669,0.0405168891726573,0.053020272337982,0.0908205752024871,512,0.1365973932209363,0.3695908456941761,0.6275664205698884,0.4001199286147811,0.1174396987013861,0.1003531369015587,0.0001960022205108,0.3741498045386334,0.2899791940834196,0.0841706104552137,0.0134843202682552,0.0066696909666436,0.1236980670786656,0.3517073600007051,0.6249469185773064,0.3855081961885918,0.1106640915346917,0.0999996055454662,0.0001953117295809,0.3741498045386334,0.3023196679874729,0.0718301365511604,0.0130416524764104,0.0065133367298869,30,0.896551724137931,0.6167664670658682,200,outputs\adapted_models\resnet18_cartoon-sketch_seed387_to_photo_fraction10.pth,84,0.9914529914529916,0.6826347305389222,400,0.1973469578995885,0.0736488908209229,0.4276798152704776,0.0421716190818858,0.1248495018827307,0.0141854103480389,0.0001945533760453,-7.583535355214232e-07
resnet18_photo-sketch_seed42_to_art_painting,resnet18_photo-sketch_seed42,resnet18,photo|sketch,2,art_painting,42,11180103,3919,0.8660714285714286,0.3317073170731707,5.064815688714749,0.3121951219512195,5.24819166602158,71,143,358,716,1433,0.4121951219512195,0.4414634146341463,0.5,0.551219512195122,0.5902439024390244,0,0.3121951219512195,0.3121951219512195,1.0,0.0565770370176416,0.0275969257481487,0.0333007691244287,0.0478184030780089,512,0.0576311060937193,0.2400647956150992,0.6445296817493162,0.2504458918315886,0.0473249664658181,0.082982864732008,0.0001620759076797,0.3707110616811598,0.3267258618775812,0.0439851998035786,0.0084286711809692,0.005031450866049,0.0595877398701973,0.2441060012990204,0.6544018157464706,0.2597601585383561,0.0513000851758626,0.0799226165658176,0.0001560988604801,0.3707110616811598,0.3296708433348428,0.0410402183463169,0.0088626851481962,0.0049373776228132,100,0.971830985915493,0.4195121951219512,300,outputs\adapted_models\resnet18_photo-sketch_seed42_to_art_painting_fraction10.pth,79,0.902097902097902,0.4341463414634146,500,0.2221073075318413,0.162519567661644,0.4733227048561441,0.213562546317788,0.1536927530115622,0.1023926678356996,0.0001963137630028,4.021490252271125e-05
resnet18_photo-sketch_seed42_to_cartoon,resnet18_photo-sketch_seed42,resnet18,photo|sketch,2,cartoon,42,11180103,3919,0.8660714285714286,0.4212765957446808,4.428527677820084,0.4498933901918976,4.0989849196314045,82,164,410,821,1640,0.5458422174840085,0.5906183368869936,0.6631130063965884,0.7356076759061834,0.7718550106609808,0,0.4498933901918976,0.4498933901918976,0.999999999999705,0.0850271565224604,0.0413294692273459,0.0501269984629436,0.0763480773200937,512,0.038545345625806,0.1963296860533475,0.6571280438639874,0.2107842513624517,0.0325702131483423,0.06144509374022,0.0001200099487113,0.3707110616811598,0.3123773510797316,0.0583337106014282,0.0071583735406033,0.0038683588629583,0.0447440168272066,0.2115278157292951,0.6586855354508804,0.2131099581765384,0.0334011878543577,0.0585472264151786,0.0001143500515921,0.3707110616811598,0.3118989108601547,0.0588121508210051,0.0072000889584521,0.0037075966701271,75,1.0,0.5659574468085107,300,outputs\adapted_models\resnet18_photo-sketch_seed42_to_cartoon_fraction10.pth,99,0.9634146341463414,0.5914893617021276,600,0.0416306767795591,-0.0031133400476474,0.2022507471792556,-0.0108592109972827,0.0301490646638813,-0.0032521231904763,0.0001097300368262,-4.620014765893227e-06
resnet18_photo-sketch_seed387_to_art_painting,resnet18_photo-sketch_seed387,resnet18,photo|sketch,2,art_painting,387,11180103,3919,0.8589285714285714,0.3024390243902439,5.593440804830411,0.2829268292682926,5.998282362775105,71,143,358,716,1433,0.4,0.4170731707317073,0.4707317073170731,0.4926829268292683,0.5682926829268292,0,0.2829268292682926,0.2829268292682926,1.0,0.0535301206567496,0.0210278300292685,0.0288043034675641,0.0542442833524072,512,0.064574711836592,0.2541155481992238,0.6612730924483863,0.2511951839471739,0.0458018987799634,0.0844875158695497,0.0001650146794327,0.36193530846964,0.2993041754263877,0.0626311330432523,0.0085065478472899,0.0047628618001132,0.067465915310428,0.2597420168367605,0.6720405342870724,0.262965537916226,0.0499161578657395,0.0813857434667707,0.0001589565302085,0.36193530846964,0.2916767874895308,0.0702585209801092,0.0089655264112823,0.0047571670613307,83,0.971830985915493,0.3951219512195122,300,outputs\adapted_models\resnet18_photo-sketch_seed387_to_art_painting_fraction10.pth,80,0.958041958041958,0.4390243902439024,500,0.1479599310302464,0.0804940157198184,0.3860614840906485,0.1230959461744224,0.1058483363621461,0.0559321784964066,0.0001902065850676,3.12500548591218e-05
resnet18_photo-sketch_seed387_to_cartoon,resnet18_photo-sketch_seed387,resnet18,photo|sketch,2,cartoon,387,11180103,3919,0.8589285714285714,0.4,4.717517382033328,0.4392324093816631,4.405634459147829,82,164,410,821,1640,0.5415778251599147,0.5991471215351812,0.6631130063965884,0.7164179104477612,0.7867803837953091,0,0.4392324093816631,0.4392324093816631,0.9999999999976272,0.0882088647754134,0.0390815882731344,0.0500331035447423,0.0786674326434185,512,0.0514950478976508,0.2269252033108063,0.6743612995197212,0.2264031151853362,0.034991781105091,0.0675818984044914,0.0001319958953212,0.36193530846964,0.2691820368212777,0.0927532716483623,0.0076325360552607,0.004240425888449,0.0475352094529342,0.2180257082385795,0.6987640033297141,0.2178257359492889,0.0326717463525112,0.0618405753167358,0.0001207823736654,0.36193530846964,0.2741756468016328,0.0877596616680072,0.0072463037813386,0.0039449381178999,41,0.926829268292683,0.5617021276595745,300,outputs\adapted_models\resnet18_photo-sketch_seed387_to_cartoon_fraction10.pth,92,0.975609756097561,0.625531914893617,600,0.0207528134305314,-0.0267823960224027,0.1300418104608608,-0.087783925488428,0.012168206741667,-0.0205035396108441,0.0001013172516317,-1.94651220336993e-05
